      
-- 기존 테이블 삭제
-- DROP만 드래그해서 두 번 돌려야 됨
-- 그 후에 F5
DROP TABLE TBL_VIDEO_ATTACHMENT;
DROP TABLE TBL_REVIEW_ATTACHMENT;
DROP TABLE TBL_CLASS_ATTACHMENT;
DROP TABLE TBL_NOTICE_ATTACHMENT;
DROP TABLE TBL_REPORT_ATTACHMENT;
DROP TABLE TBL_LICENSE_ATTACHMENT;
DROP TABLE TBL_STATISTICS;
DROP TABLE TBL_PAYMENT;
DROP TABLE TBL_RECEIPT_CATEGORY;
DROP TABLE TBL_RECEIPT;
DROP TABLE TBL_REALTIME_CLASS_RECEIPT;
DROP TABLE TBL_RECORD_VIDEO_RECEIPT;
DROP TABLE TBL_WATCH_VIDEO_RECORD;
DROP TABLE TBL_RECORD_VIDEO_MANAGE;
DROP TABLE TBL_PURCHASE_MEMBERSHIP;
DROP TABLE TBL_REFUND;
DROP TABLE TBL_PURCHASE_STATUS_CHANGE;
DROP TABLE TBL_SALES;
DROP TABLE TBL_PURCHASE_PRODUCT;
DROP TABLE TBL_MEMBERSHIP_PRODUCT;
DROP TABLE TBL_PRODUCT_SORT_CATEGORY;
DROP TABLE TBL_TRAINER_PT_PERMIT;
DROP TABLE TBL_REALTIME_GROUP_PARTICIPANT;
DROP TABLE TBL_VOUCHER_USE;
DROP TABLE TBL_GROUP_CLASS_PARTICIPATION;
DROP TABLE TBL_CLASS_REVIEW;
DROP TABLE TBL_REALTIME_GROUP_CLASS;
DROP TABLE TBL_OPENED_CLASS;
DROP TABLE TBL_NOTICE;
DROP TABLE TBL_NOTICE_COMMENT;
DROP TABLE TBL_POST_CLASSIFICATION;
DROP TABLE TBL_ATTACHMENT;
DROP TABLE TBL_ATTACHMENT_CATEGORY;
DROP TABLE TBL_REPORT_HISTORY;
DROP TABLE TBL_REPORT;
DROP TABLE TBL_REPORT_CATEGORY;
DROP TABLE TBL_TRAINER_LICENSE;
DROP TABLE TBL_LICENSE;
DROP TABLE TBL_CAREER;
DROP TABLE TBL_MEMBER_MODIFIED_HISTORY;
DROP TABLE TBL_TRAINER_INFO;
DROP TABLE TBL_PT_AMOUNT;
DROP TABLE TBL_MEMBER;

-- 기존 시퀀스 삭제
DROP SEQUENCE SEQ_MEMBER_NO;
DROP SEQUENCE SEQ_LICENSE_MANAGE_NO;
DROP SEQUENCE SEQ_REPORT_NO;
DROP SEQUENCE SEQ_CONSTRAINT_NO;
DROP SEQUENCE SEQ_VIDEO_ATTACHMENT_NO;
DROP SEQUENCE SEQ_NOTICE_NO;
DROP SEQUENCE SEQ_CLASS_NO;
DROP SEQUENCE SEQ_PERMIT_NO;
DROP SEQUENCE SEQ_PURCHASE_CODE;
DROP SEQUENCE SEQ_PURCHASE_STATUS_CHANGE_NO;
DROP SEQUENCE SEQ_REFUND_NO;
DROP SEQUENCE SEQ_PURCHASE_RECORD_NO;
DROP SEQUENCE SEQ_VIDEO_NO;
DROP SEQUENCE SEQ_RECORD_VIDEO_RECEIPT_NO;
DROP SEQUENCE SEQ_REALTIME_CLASS_RECEIPT_NO;
DROP SEQUENCE SEQ_RECEIPT_NO;
DROP SEQUENCE SEQ_RGC_MANAGE_NO;
DROP SEQUENCE SEQ_LICENSE_ATTACHMENT_NO;
DROP SEQUENCE SEQ_REPORT_ATTACHMENT_NO;
DROP SEQUENCE SEQ_NOTICE_ATTACHMENT_NO;
DROP SEQUENCE SEQ_CLASS_ATTACHMENT_NO;
DROP SEQUENCE SEQ_REVIEW_ATTACHMENT_NO;
DROP SEQUENCE SEQ_REVIEW_NO;
DROP SEQUENCE SEQ_CLS_PTC_NO;

-- 기존 트리거 삭제
DROP TRIGGER MEMBER_HISTORY_TRIGGER;

-----------------------------------------------------------------

-- 시퀀스 생성
CREATE SEQUENCE SEQ_MEMBER_NO;
CREATE SEQUENCE SEQ_LICENSE_MANAGE_NO;
CREATE SEQUENCE SEQ_REPORT_NO;
CREATE SEQUENCE SEQ_CONSTRAINT_NO;
CREATE SEQUENCE SEQ_VIDEO_ATTACHMENT_NO;
CREATE SEQUENCE SEQ_NOTICE_NO;
CREATE SEQUENCE SEQ_CLASS_NO;
CREATE SEQUENCE SEQ_PERMIT_NO;
CREATE SEQUENCE SEQ_PURCHASE_CODE;
CREATE SEQUENCE SEQ_PURCHASE_STATUS_CHANGE_NO;
CREATE SEQUENCE SEQ_REFUND_NO;
CREATE SEQUENCE SEQ_PURCHASE_RECORD_NO;
CREATE SEQUENCE SEQ_VIDEO_NO;
CREATE SEQUENCE SEQ_RECORD_VIDEO_RECEIPT_NO;
CREATE SEQUENCE SEQ_REALTIME_CLASS_RECEIPT_NO;
CREATE SEQUENCE SEQ_RECEIPT_NO;
CREATE SEQUENCE SEQ_RGC_MANAGE_NO;
CREATE SEQUENCE SEQ_LICENSE_ATTACHMENT_NO;
CREATE SEQUENCE SEQ_REPORT_ATTACHMENT_NO;
CREATE SEQUENCE SEQ_NOTICE_ATTACHMENT_NO;
CREATE SEQUENCE SEQ_CLASS_ATTACHMENT_NO;
CREATE SEQUENCE SEQ_REVIEW_ATTACHMENT_NO;
CREATE SEQUENCE SEQ_REVIEW_NO;
CREATE SEQUENCE SEQ_CLS_PTC_NO;
-- 테이블 생성
-- MEMBER 테이블 생성
CREATE TABLE TBL_MEMBER(
  MEMBER_NO NUMBER PRIMARY KEY,
  EMAIL VARCHAR2(50) UNIQUE NOT NULL,
  MEMBER_PWD VARCHAR2(255) NOT NULL,
  MEMBER_NAME VARCHAR2(20) NOT NULL,
  PHONE VARCHAR2(20) UNIQUE NOT NULL,
  ENROLL_DATE DATE DEFAULT SYSDATE,
  MODIFIED_DATE DATE,
  BLACK_STATUS VARCHAR(2) DEFAULT 'N' CHECK(BLACK_STATUS IN ('Y', 'N')),
  MEMBER_ROLE VARCHAR2(15) DEFAULT 'MEMBER' CHECK(MEMBER_ROLE IN ('MEMBER', 'TRAINER', 'ADMIN')),
  MEMBER_STATUS VARCHAR2(2) DEFAULT 'Y' CHECK(MEMBER_STATUS IN ('Y', 'N'))
);
COMMENT ON TABLE TBL_MEMBER IS '회원';
COMMENT ON COLUMN TBL_MEMBER.MEMBER_NO IS '회원번호';
COMMENT ON COLUMN TBL_MEMBER.EMAIL IS '이메일';
COMMENT ON COLUMN TBL_MEMBER.MEMBER_PWD IS '비밀번호';
COMMENT ON COLUMN TBL_MEMBER.MEMBER_NAME IS '이름';
COMMENT ON COLUMN TBL_MEMBER.PHONE IS '전화번호';
COMMENT ON COLUMN TBL_MEMBER.ENROLL_DATE IS '가입일자';
COMMENT ON COLUMN TBL_MEMBER.MODIFIED_DATE IS '수정일자';
COMMENT ON COLUMN TBL_MEMBER.BLACK_STATUS IS '블랙여부';
COMMENT ON COLUMN TBL_MEMBER.MEMBER_ROLE IS '회원구분';
COMMENT ON COLUMN TBL_MEMBER.MEMBER_STATUS IS '회원상태';

-- 관리자 계정 추가
INSERT INTO TBL_MEMBER A
( A.MEMBER_NO, A.EMAIL, A.MEMBER_PWD, A.MEMBER_NAME, A.PHONE, A.MEMBER_ROLE ) VALUES  --비밀번호 admin
( SEQ_MEMBER_NO.NEXTVAL, 'hellllopt@gmail.com', '$2a$10$7NqnZ0pUQh2RDLDkcEmubOSWB2DSewpDNs7q7xwxgZHHvMgZGJ.rW', '관리자', '01012345678', 'ADMIN' );
-- 테스트 회원 추가(아이디찾기 비번찾기 불가 계정) 비밀번호 hellopt1234
INSERT INTO TBL_MEMBER A 
( A.MEMBER_NO, A.EMAIL, A.MEMBER_PWD, A.MEMBER_NAME, A.PHONE, A.MEMBER_ROLE ) VALUES
( SEQ_MEMBER_NO.NEXTVAL, 'jinho@gmail.com', '$2a$10$jcdZL/pcGCboHyA8A1yk/O8mBFJ3lyMFw8hqvZ/tMvRkMe8Ug9anu', '김진호', '01023456789', 'MEMBER' );
INSERT INTO TBL_MEMBER A
( A.MEMBER_NO, A.EMAIL, A.MEMBER_PWD, A.MEMBER_NAME, A.PHONE, A.MEMBER_ROLE ) VALUES
( SEQ_MEMBER_NO.NEXTVAL, 'taehun@gmail.com', '$2a$10$jcdZL/pcGCboHyA8A1yk/O8mBFJ3lyMFw8hqvZ/tMvRkMe8Ug9anu', '김태헌', '01034567890', 'MEMBER' );
INSERT INTO TBL_MEMBER A
( A.MEMBER_NO, A.EMAIL, A.MEMBER_PWD, A.MEMBER_NAME, A.PHONE, A.MEMBER_ROLE ) VALUES
( SEQ_MEMBER_NO.NEXTVAL, 'namgyu@gmail.com', '$2a$10$jcdZL/pcGCboHyA8A1yk/O8mBFJ3lyMFw8hqvZ/tMvRkMe8Ug9anu', '송남규', '01045678901', 'MEMBER' );
INSERT INTO TBL_MEMBER A
( A.MEMBER_NO, A.EMAIL, A.MEMBER_PWD, A.MEMBER_NAME, A.PHONE, A.MEMBER_ROLE ) VALUES
( SEQ_MEMBER_NO.NEXTVAL, 'namkyeong@gmail.com', '$2a$10$jcdZL/pcGCboHyA8A1yk/O8mBFJ3lyMFw8hqvZ/tMvRkMe8Ug9anu', '이남경', '01056789012', 'MEMBER' );
INSERT INTO TBL_MEMBER A
( A.MEMBER_NO, A.EMAIL, A.MEMBER_PWD, A.MEMBER_NAME, A.PHONE, A.MEMBER_ROLE ) VALUES
( SEQ_MEMBER_NO.NEXTVAL, 'yujin@gmail.com', '$2a$10$jcdZL/pcGCboHyA8A1yk/O8mBFJ3lyMFw8hqvZ/tMvRkMe8Ug9anu', '이유진', '01067890123', 'MEMBER' );
INSERT INTO TBL_MEMBER A
( A.MEMBER_NO, A.EMAIL, A.MEMBER_PWD, A.MEMBER_NAME, A.PHONE, A.MEMBER_ROLE ) VALUES
( SEQ_MEMBER_NO.NEXTVAL, 'wangyu@gmail.com', '$2a$10$jcdZL/pcGCboHyA8A1yk/O8mBFJ3lyMFw8hqvZ/tMvRkMe8Ug9anu', '임완규', '01078901232', 'MEMBER' );
INSERT INTO TBL_MEMBER A
( A.MEMBER_NO, A.EMAIL, A.MEMBER_PWD, A.MEMBER_NAME, A.PHONE, A.MEMBER_ROLE ) VALUES
( SEQ_MEMBER_NO.NEXTVAL, 'minseo@gmail.com', '$2a$10$jcdZL/pcGCboHyA8A1yk/O8mBFJ3lyMFw8hqvZ/tMvRkMe8Ug9anu', '정민서', '01089012345', 'MEMBER' );
INSERT INTO TBL_MEMBER A
( A.MEMBER_NO, A.EMAIL, A.MEMBER_PWD, A.MEMBER_NAME, A.PHONE, A.MEMBER_ROLE ) VALUES
( SEQ_MEMBER_NO.NEXTVAL, 'onejihun@gmail.com', '$2a$10$jcdZL/pcGCboHyA8A1yk/O8mBFJ3lyMFw8hqvZ/tMvRkMe8Ug9anu', '한지훈', '01090123456', 'MEMBER' );
INSERT INTO TBL_MEMBER A
( A.MEMBER_NO, A.EMAIL, A.MEMBER_PWD, A.MEMBER_NAME, A.PHONE, A.MEMBER_ROLE ) VALUES
( SEQ_MEMBER_NO.NEXTVAL, 'jihwan@gmail.com', '$2a$10$jcdZL/pcGCboHyA8A1yk/O8mBFJ3lyMFw8hqvZ/tMvRkMe8Ug9anu', '최지환', '01001234567', 'MEMBER' );
INSERT INTO TBL_MEMBER A
( A.MEMBER_NO, A.EMAIL, A.MEMBER_PWD, A.MEMBER_NAME, A.PHONE, A.MEMBER_ROLE ) VALUES
( SEQ_MEMBER_NO.NEXTVAL, 'huisang@gmail.com', '$2a$10$jcdZL/pcGCboHyA8A1yk/O8mBFJ3lyMFw8hqvZ/tMvRkMe8Ug9anu', '최희상', '01098765432', 'MEMBER' );
INSERT INTO TBL_MEMBER A
( A.MEMBER_NO, A.EMAIL, A.MEMBER_PWD, A.MEMBER_NAME, A.PHONE, A.MEMBER_ROLE ) VALUES
( SEQ_MEMBER_NO.NEXTVAL, 'twojihun@gmail.com', '$2a$10$jcdZL/pcGCboHyA8A1yk/O8mBFJ3lyMFw8hqvZ/tMvRkMe8Ug9anu', '추지훈', '01087654321', 'MEMBER' );
INSERT INTO TBL_MEMBER A
( A.MEMBER_NO, A.EMAIL, A.MEMBER_PWD, A.MEMBER_NAME, A.PHONE, A.MEMBER_ROLE ) VALUES
( SEQ_MEMBER_NO.NEXTVAL, 'mihwa@gmail.com', '$2a$10$jcdZL/pcGCboHyA8A1yk/O8mBFJ3lyMFw8hqvZ/tMvRkMe8Ug9anu', '한미화', '01076543210', 'MEMBER' );
INSERT INTO TBL_MEMBER A
( A.MEMBER_NO, A.EMAIL, A.MEMBER_PWD, A.MEMBER_NAME, A.PHONE, A.MEMBER_ROLE ) VALUES
( SEQ_MEMBER_NO.NEXTVAL, 'seungrok@gmail.com', '$2a$10$jcdZL/pcGCboHyA8A1yk/O8mBFJ3lyMFw8hqvZ/tMvRkMe8Ug9anu', '신승록', '01065432109', 'MEMBER' );
INSERT INTO TBL_MEMBER A
( A.MEMBER_NO, A.EMAIL, A.MEMBER_PWD, A.MEMBER_NAME, A.PHONE, A.MEMBER_ROLE ) VALUES
( SEQ_MEMBER_NO.NEXTVAL, 'minki@gmail.com', '$2a$10$jcdZL/pcGCboHyA8A1yk/O8mBFJ3lyMFw8hqvZ/tMvRkMe8Ug9anu', '김민기', '01054321987', 'MEMBER' );
INSERT INTO TBL_MEMBER A
( A.MEMBER_NO, A.EMAIL, A.MEMBER_PWD, A.MEMBER_NAME, A.PHONE, A.MEMBER_ROLE ) VALUES
( SEQ_MEMBER_NO.NEXTVAL, 'gogo@gmail.com', '$2a$10$jcdZL/pcGCboHyA8A1yk/O8mBFJ3lyMFw8hqvZ/tMvRkMe8Ug9anu', '고길동', '01052319009', 'MEMBER' );
commit;

-- (PT)회차권잔여수량 테이블 생성
CREATE TABLE TBL_PT_AMOUNT(
  MEMBER_NO NUMBER PRIMARY KEY REFERENCES TBL_MEMBER(MEMBER_NO),
  PT_AMOUNT NUMBER DEFAULT 0,
  MEMBERSHIP_EXP_DATE DATE
);
COMMENT ON TABLE TBL_PT_AMOUNT IS '회원별PT잔여수량';
COMMENT ON COLUMN TBL_PT_AMOUNT.MEMBER_NO IS '회원번호';
COMMENT ON COLUMN TBL_PT_AMOUNT.PT_AMOUNT IS 'PT잔여수량';
COMMENT ON COLUMN TBL_PT_AMOUNT.MEMBERSHIP_EXP_DATE IS '멤버쉽만료날짜';
-- 인서트
INSERT INTO TBL_PT_AMOUNT
( MEMBER_NO, PT_AMOUNT, MEMBERSHIP_EXP_DATE )
VALUES
( 1, 9999, TO_DATE('2099-12-31', 'YYYY-MM-DD'));
INSERT INTO TBL_PT_AMOUNT
( MEMBER_NO, PT_AMOUNT, MEMBERSHIP_EXP_DATE )
VALUES
( 2, 20, TO_DATE(TO_CHAR(ADD_MONTHS(SYSDATE, 12), 'YYYY-MM-DD')));
INSERT INTO TBL_PT_AMOUNT
( MEMBER_NO, PT_AMOUNT, MEMBERSHIP_EXP_DATE )
VALUES
( 3, 20, TO_DATE(TO_CHAR(ADD_MONTHS(SYSDATE, 12), 'YYYY-MM-DD')));
INSERT INTO TBL_PT_AMOUNT
( MEMBER_NO, PT_AMOUNT, MEMBERSHIP_EXP_DATE )
VALUES
( 4, 20, TO_DATE(TO_CHAR(ADD_MONTHS(SYSDATE, 12), 'YYYY-MM-DD')));
INSERT INTO TBL_PT_AMOUNT
( MEMBER_NO, PT_AMOUNT, MEMBERSHIP_EXP_DATE )
VALUES
( 5, 20, TO_DATE(TO_CHAR(ADD_MONTHS(SYSDATE, 12), 'YYYY-MM-DD')));
INSERT INTO TBL_PT_AMOUNT
( MEMBER_NO, PT_AMOUNT, MEMBERSHIP_EXP_DATE )
VALUES
( 6, 20, TO_DATE(TO_CHAR(ADD_MONTHS(SYSDATE, 12), 'YYYY-MM-DD')));
INSERT INTO TBL_PT_AMOUNT
( MEMBER_NO, PT_AMOUNT, MEMBERSHIP_EXP_DATE )
VALUES
( 7, 20, TO_DATE(TO_CHAR(ADD_MONTHS(SYSDATE, 12), 'YYYY-MM-DD')));
INSERT INTO TBL_PT_AMOUNT
( MEMBER_NO, PT_AMOUNT, MEMBERSHIP_EXP_DATE )
VALUES
( 8, 20, TO_DATE(TO_CHAR(ADD_MONTHS(SYSDATE, 12), 'YYYY-MM-DD')));
INSERT INTO TBL_PT_AMOUNT
( MEMBER_NO, PT_AMOUNT, MEMBERSHIP_EXP_DATE )
VALUES
( 9, 20, TO_DATE(TO_CHAR(ADD_MONTHS(SYSDATE, 12), 'YYYY-MM-DD')));
INSERT INTO TBL_PT_AMOUNT
( MEMBER_NO, PT_AMOUNT, MEMBERSHIP_EXP_DATE )
VALUES
( 10, 20, TO_DATE(TO_CHAR(ADD_MONTHS(SYSDATE, 12), 'YYYY-MM-DD')));
INSERT INTO TBL_PT_AMOUNT
( MEMBER_NO, PT_AMOUNT, MEMBERSHIP_EXP_DATE )
VALUES
( 11, 20, TO_DATE(TO_CHAR(ADD_MONTHS(SYSDATE, 12), 'YYYY-MM-DD')));
INSERT INTO TBL_PT_AMOUNT
( MEMBER_NO, PT_AMOUNT, MEMBERSHIP_EXP_DATE )
VALUES
( 12, 20, TO_DATE(TO_CHAR(ADD_MONTHS(SYSDATE, 12), 'YYYY-MM-DD')));
INSERT INTO TBL_PT_AMOUNT
( MEMBER_NO, PT_AMOUNT, MEMBERSHIP_EXP_DATE )
VALUES
( 13, 20, TO_DATE(TO_CHAR(ADD_MONTHS(SYSDATE, 12), 'YYYY-MM-DD')));
INSERT INTO TBL_PT_AMOUNT
( MEMBER_NO, PT_AMOUNT, MEMBERSHIP_EXP_DATE )
VALUES
( 14, 20, TO_DATE(TO_CHAR(ADD_MONTHS(SYSDATE, 12), 'YYYY-MM-DD')));
INSERT INTO TBL_PT_AMOUNT
( MEMBER_NO, PT_AMOUNT, MEMBERSHIP_EXP_DATE )
VALUES
( 15, 20, TO_DATE(TO_CHAR(ADD_MONTHS(SYSDATE, 12), 'YYYY-MM-DD')));
INSERT INTO TBL_PT_AMOUNT
( MEMBER_NO, PT_AMOUNT, MEMBERSHIP_EXP_DATE )
VALUES
( 16, 0, TO_DATE(TO_CHAR(ADD_MONTHS(SYSDATE, 12), 'YYYY-MM-DD')));
COMMIT;

-- 트레이너추가정보 테이블 생성
CREATE TABLE TBL_TRAINER_INFO(
  MEMBER_NO NUMBER PRIMARY KEY REFERENCES TBL_MEMBER(MEMBER_NO),
  ACCOUNT_NUMBER VARCHAR2(50) NOT NULL,
  BANK_NAME VARCHAR2(30) NOT NULL,
  ACCOUNT_HOLDER VARCHAR2(40) NOT NULL,
  APPROVAL_STATUS VARCHAR2(2) DEFAULT 'N' NOT NULL CHECK(APPROVAL_STATUS IN ('Y', 'N')),
  AVERAGE_SCORE NUMBER
);
COMMENT ON TABLE TBL_TRAINER_INFO IS '트레이너추가정보';
COMMENT ON COLUMN TBL_TRAINER_INFO.MEMBER_NO IS '트레이너번호';
COMMENT ON COLUMN TBL_TRAINER_INFO.ACCOUNT_NUMBER IS '계좌번호';
COMMENT ON COLUMN TBL_TRAINER_INFO.BANK_NAME IS '은행명';
COMMENT ON COLUMN TBL_TRAINER_INFO.ACCOUNT_HOLDER IS '예금주';
COMMENT ON COLUMN TBL_TRAINER_INFO.APPROVAL_STATUS IS '승인여붑';
COMMENT ON COLUMN TBL_TRAINER_INFO.AVERAGE_SCORE IS '누적평점';

-- 회원정보수정이력 테이블 생성
CREATE TABLE TBL_MEMBER_MODIFIED_HISTORY(
  MEMBER_NO NUMBER REFERENCES TBL_MEMBER(MEMBER_NO),
  MEMBER_PWD VARCHAR2(255) NOT NULL,
  PHONE VARCHAR2(20) NOT NULL,
  MEMBER_STATUS VARCHAR2(2) NOT NULL CHECK(MEMBER_STATUS IN ('Y', 'N')),
  MODIFIED_DATE DATE
);
COMMENT ON TABLE TBL_MEMBER_MODIFIED_HISTORY IS '회원정보수정이력';
COMMENT ON COLUMN TBL_MEMBER_MODIFIED_HISTORY.MEMBER_NO IS '회원번호';
COMMENT ON COLUMN TBL_MEMBER_MODIFIED_HISTORY.MEMBER_PWD IS '비밀번호';
COMMENT ON COLUMN TBL_MEMBER_MODIFIED_HISTORY.PHONE IS '전화번호';
COMMENT ON COLUMN TBL_MEMBER_MODIFIED_HISTORY.MODIFIED_DATE IS '수정일자';
COMMENT ON COLUMN TBL_MEMBER_MODIFIED_HISTORY.MEMBER_STATUS IS '회원상태';
-- 회원정보수정 히스토리를 위한 트리거 생성
CREATE OR REPLACE TRIGGER MEMBER_HISTORY_TRIGGER
  AFTER UPDATE
  ON TBL_MEMBER
  REFERENCING NEW AS NEW OLD AS OLD
  FOR EACH ROW
  BEGIN
    IF UPDATING
      THEN
        INSERT
          INTO TBL_MEMBER_MODIFIED_HISTORY
        (
          MEMBER_NO
        , MEMBER_PWD
        , PHONE
        , MEMBER_STATUS
        , MODIFIED_DATE
        )
        VALUES
        (
          NVL(:NEW.MEMBER_NO,:OLD.MEMBER_NO)
        , NVL(:NEW.MEMBER_PWD,:OLD.MEMBER_PWD)
        , NVL(:NEW.PHONE,:OLD.PHONE)
        , NVL(:NEW.MEMBER_STATUS,:OLD.MEMBER_STATUS)
        , NVL(:NEW.MODIFIED_DATE,:OLD.MODIFIED_DATE)
        );
    END IF;
END;
/

-- 트레이너별 경력 테이블 생성
CREATE TABLE TBL_CAREER(
  MEMBER_NO NUMBER PRIMARY KEY REFERENCES TBL_TRAINER_INFO(MEMBER_NO),
  PLACE_OF_WORK VARCHAR2(60) NOT NULL,
  START_DATE DATE NOT NULL,
  END_DATE DATE,
  EMPLOYMENT_STATUS VARCHAR2(2) NOT NULL CHECK(EMPLOYMENT_STATUS IN ('Y', 'N'))
);
COMMENT ON TABLE TBL_CAREER IS '트레이너별 경력';
COMMENT ON COLUMN TBL_CAREER.MEMBER_NO IS '트레이너번호';
COMMENT ON COLUMN TBL_CAREER.PLACE_OF_WORK IS '근무처';
COMMENT ON COLUMN TBL_CAREER.START_DATE IS '근무시작일';
COMMENT ON COLUMN TBL_CAREER.END_DATE IS '근무종료일';
COMMENT ON COLUMN TBL_CAREER.EMPLOYMENT_STATUS IS '재직여부';

-- 자격증코드 테이블
CREATE TABLE TBL_LICENSE(
  LICENSE_CODE VARCHAR2(50) PRIMARY KEY,
  LICENSE_NAME VARCHAR2(40) NOT NULL,
  ISSUING_INSTITUTION VARCHAR2(40) NOT NULL,
  GRADE VARCHAR2(10),
  ISSUE_DATE DATE NOT NULL,
  EXPIRATION_DATE DATE
);
COMMENT ON TABLE TBL_LICENSE IS '자격증코드';
COMMENT ON COLUMN TBL_LICENSE.LICENSE_CODE IS '자격증코드';
COMMENT ON COLUMN TBL_LICENSE.LICENSE_NAME IS '자격증이름';
COMMENT ON COLUMN TBL_LICENSE.ISSUING_INSTITUTION IS '발급기관';
COMMENT ON COLUMN TBL_LICENSE.GRADE IS '급수';
COMMENT ON COLUMN TBL_LICENSE.ISSUE_DATE IS '발급일자';
COMMENT ON COLUMN TBL_LICENSE.EXPIRATION_DATE IS '만료일자';

-- 트레이너별자격증 테이블
CREATE TABLE TBL_TRAINER_LICENSE(
  LICENSE_MANAGE_NO NUMBER PRIMARY KEY,
  MEMBER_NO NUMBER REFERENCES TBL_TRAINER_INFO(MEMBER_NO),
  LICENSE_CODE VARCHAR2(50) REFERENCES TBL_LICENSE(LICENSE_CODE)
);
COMMENT ON TABLE TBL_TRAINER_LICENSE IS '트레이너별 자격증';
COMMENT ON COLUMN TBL_TRAINER_LICENSE.LICENSE_MANAGE_NO IS '트레이너별자격증관리번호';
COMMENT ON COLUMN TBL_TRAINER_LICENSE.MEMBER_NO IS '트레이너번호';
COMMENT ON COLUMN TBL_TRAINER_LICENSE.LICENSE_CODE IS '자격증코드';

-- 자격증 첨부파일 테이블
CREATE TABLE TBL_LICENSE_ATTACHMENT(
  LICENSE_ATTACHMENT_NO NUMBER PRIMARY KEY,
  REF_LICENSE_CODE VARCHAR2(50) REFERENCES TBL_LICENSE(LICENSE_CODE),
  FILE_PATH VARCHAR2(300) NOT NULL,
  ORIGINAL_NAME VARCHAR2(255) NOT NULL,
  FILE_NAME VARCHAR2(80) NOT NULL,
  THUMBNAIL_PATH VARCHAR2(255),
  UPLOAD_DATE DATE NOT NULL,
  ATTACHMENT_STATUS VARCHAR2(2) DEFAULT 'Y' NOT NULL CHECK(ATTACHMENT_STATUS IN ('Y', 'N'))
);
COMMENT ON TABLE TBL_LICENSE_ATTACHMENT IS '자격증첨부파일';
COMMENT ON COLUMN TBL_LICENSE_ATTACHMENT.LICENSE_ATTACHMENT_NO IS '첨부파일번호';
COMMENT ON COLUMN TBL_LICENSE_ATTACHMENT.REF_LICENSE_CODE IS '자격증코드';
COMMENT ON COLUMN TBL_LICENSE_ATTACHMENT.FILE_PATH IS '파일경로';
COMMENT ON COLUMN TBL_LICENSE_ATTACHMENT.ORIGINAL_NAME IS '첨부파일명';
COMMENT ON COLUMN TBL_LICENSE_ATTACHMENT.FILE_NAME IS '변환된이름';
COMMENT ON COLUMN TBL_LICENSE_ATTACHMENT.UPLOAD_DATE IS '업로드일시';
COMMENT ON COLUMN TBL_LICENSE_ATTACHMENT.THUMBNAIL_PATH IS '썸네일경로';
COMMENT ON COLUMN TBL_LICENSE_ATTACHMENT.ATTACHMENT_STATUS IS '상태';
-- 인서트
INSERT INTO TBL_MEMBER A
( A.MEMBER_NO, A.EMAIL, A.MEMBER_PWD, A.MEMBER_NAME, A.PHONE, A.MEMBER_ROLE ) VALUES
( SEQ_MEMBER_NO.NEXTVAL, 'minse@gmail.com', '$2a$10$jcdZL/pcGCboHyA8A1yk/O8mBFJ3lyMFw8hqvZ/tMvRkMe8Ug9anu', '정민세', '01018187474', 'TRAINER' );
INSERT INTO TBL_TRAINER_INFO A
( A.MEMBER_NO, A.ACCOUNT_NUMBER, A.BANK_NAME, A.ACCOUNT_HOLDER, A.APPROVAL_STATUS, A.AVERAGE_SCORE ) VALUES
( 17, '123456789', 'KB국민은행', '정민세', 'N', 0 );
INSERT INTO TBL_LICENSE A
( A.LICENSE_CODE, A.LICENSE_NAME, A.ISSUING_INSTITUTION, A.GRADE, A.ISSUE_DATE ) VALUES
( 'A12345', '생활스포츠지도사', '국민체육공단', '1급', SYSDATE );
INSERT INTO TBL_TRAINER_LICENSE A
( A.LICENSE_MANAGE_NO, A.MEMBER_NO, A.LICENSE_CODE ) VALUES
( SEQ_LICENSE_MANAGE_NO.NEXTVAL, 17, 'A12345' );

INSERT INTO TBL_MEMBER A
( A.MEMBER_NO, A.EMAIL, A.MEMBER_PWD, A.MEMBER_NAME, A.PHONE, A.MEMBER_ROLE ) VALUES
( SEQ_MEMBER_NO.NEXTVAL, 'wwankku@gmail.com', '$2a$10$jcdZL/pcGCboHyA8A1yk/O8mBFJ3lyMFw8hqvZ/tMvRkMe8Ug9anu', '임완뀨', '01000224123', 'TRAINER' );
INSERT INTO TBL_TRAINER_INFO A
( A.MEMBER_NO, A.ACCOUNT_NUMBER, A.BANK_NAME, A.ACCOUNT_HOLDER, A.APPROVAL_STATUS, A.AVERAGE_SCORE ) VALUES
( 18, '2345678', '하나은행', '임완뀨', 'N', 0 );
INSERT INTO TBL_LICENSE A
( A.LICENSE_CODE, A.LICENSE_NAME, A.ISSUING_INSTITUTION, A.GRADE, A.ISSUE_DATE ) VALUES
( 'A2345', '생활스포츠지도사', '국민체육공단', '1급', SYSDATE );
INSERT INTO TBL_TRAINER_LICENSE A
( A.LICENSE_MANAGE_NO, A.MEMBER_NO, A.LICENSE_CODE ) VALUES
( SEQ_LICENSE_MANAGE_NO.NEXTVAL, 18, 'A2345' );

INSERT INTO TBL_MEMBER A
( A.MEMBER_NO, A.EMAIL, A.MEMBER_PWD, A.MEMBER_NAME, A.PHONE, A.MEMBER_ROLE ) VALUES
( SEQ_MEMBER_NO.NEXTVAL, 'kki@gmail.com', '$2a$10$jcdZL/pcGCboHyA8A1yk/O8mBFJ3lyMFw8hqvZ/tMvRkMe8Ug9anu', '김민끼', '01099012341', 'TRAINER' );
INSERT INTO TBL_TRAINER_INFO A
( A.MEMBER_NO, A.ACCOUNT_NUMBER, A.BANK_NAME, A.ACCOUNT_HOLDER, A.APPROVAL_STATUS, A.AVERAGE_SCORE ) VALUES
( 19, '345678', '우리은행', '김민끼', 'N', 0 );
INSERT INTO TBL_LICENSE A
( A.LICENSE_CODE, A.LICENSE_NAME, A.ISSUING_INSTITUTION, A.GRADE, A.ISSUE_DATE ) VALUES
( 'A3456', '생활스포츠지도사', '국민체육공단', '1급', SYSDATE );
INSERT INTO TBL_TRAINER_LICENSE A
( A.LICENSE_MANAGE_NO, A.MEMBER_NO, A.LICENSE_CODE ) VALUES
( SEQ_LICENSE_MANAGE_NO.NEXTVAL, 19, 'A3456' );

INSERT INTO TBL_MEMBER A
( A.MEMBER_NO, A.EMAIL, A.MEMBER_PWD, A.MEMBER_NAME, A.PHONE, A.MEMBER_ROLE ) VALUES
( SEQ_MEMBER_NO.NEXTVAL, 'samahee@gmail.com', '$2a$10$jcdZL/pcGCboHyA8A1yk/O8mBFJ3lyMFw8hqvZ/tMvRkMe8Ug9anu', '희싸마', '01011110456', 'TRAINER' );
INSERT INTO TBL_TRAINER_INFO A
( A.MEMBER_NO, A.ACCOUNT_NUMBER, A.BANK_NAME, A.ACCOUNT_HOLDER, A.APPROVAL_STATUS, A.AVERAGE_SCORE ) VALUES
( 20, '45645445', 'NH농형은행', '희싸마', 'N', 0 );
INSERT INTO TBL_LICENSE A
( A.LICENSE_CODE, A.LICENSE_NAME, A.ISSUING_INSTITUTION, A.ISSUE_DATE ) VALUES
( 'Z1234', '물리치료사', '한국보건의료인국가시험원', SYSDATE );
INSERT INTO TBL_TRAINER_LICENSE A
( A.LICENSE_MANAGE_NO, A.MEMBER_NO, A.LICENSE_CODE ) VALUES
( SEQ_LICENSE_MANAGE_NO.NEXTVAL, 20, 'Z1234' );

INSERT INTO TBL_MEMBER A
( A.MEMBER_NO, A.EMAIL, A.MEMBER_PWD, A.MEMBER_NAME, A.PHONE, A.MEMBER_ROLE ) VALUES
( SEQ_MEMBER_NO.NEXTVAL, 'namkku@gmail.com', '$2a$10$jcdZL/pcGCboHyA8A1yk/O8mBFJ3lyMFw8hqvZ/tMvRkMe8Ug9anu', '남뀨', '01099991312', 'TRAINER' );
INSERT INTO TBL_TRAINER_INFO A
( A.MEMBER_NO, A.ACCOUNT_NUMBER, A.BANK_NAME, A.ACCOUNT_HOLDER, A.APPROVAL_STATUS, A.AVERAGE_SCORE ) VALUES
( 21, '190156', 'KB국민은행', '남뀨', 'N', 0 );
INSERT INTO TBL_LICENSE A
( A.LICENSE_CODE, A.LICENSE_NAME, A.ISSUING_INSTITUTION, A.GRADE, A.ISSUE_DATE ) VALUES
( 'A7890', '생활스포츠지도사', '국민체육공단', '1급', SYSDATE );
INSERT INTO TBL_TRAINER_LICENSE A
( A.LICENSE_MANAGE_NO, A.MEMBER_NO, A.LICENSE_CODE ) VALUES
( SEQ_LICENSE_MANAGE_NO.NEXTVAL, 21, 'A7890' );

INSERT INTO TBL_MEMBER A
( A.MEMBER_NO, A.EMAIL, A.MEMBER_PWD, A.MEMBER_NAME, A.PHONE, A.MEMBER_ROLE ) VALUES
( SEQ_MEMBER_NO.NEXTVAL, 'CHUCHU@gmail.com', '$2a$10$jcdZL/pcGCboHyA8A1yk/O8mBFJ3lyMFw8hqvZ/tMvRkMe8Ug9anu', '추징', '01001239876', 'TRAINER' );
INSERT INTO TBL_TRAINER_INFO A
( A.MEMBER_NO, A.ACCOUNT_NUMBER, A.BANK_NAME, A.ACCOUNT_HOLDER, A.APPROVAL_STATUS, A.AVERAGE_SCORE ) VALUES
( 22, '2678345', 'KB국민은행', '추징', 'N', 0 );
INSERT INTO TBL_LICENSE A
( A.LICENSE_CODE, A.LICENSE_NAME, A.ISSUING_INSTITUTION, A.GRADE, A.ISSUE_DATE ) VALUES
( 'B1234', '생활스포츠지도사', '국민체육공단', '1급', SYSDATE );
INSERT INTO TBL_TRAINER_LICENSE A
( A.LICENSE_MANAGE_NO, A.MEMBER_NO, A.LICENSE_CODE ) VALUES
( SEQ_LICENSE_MANAGE_NO.NEXTVAL, 22, 'B1234' );

INSERT INTO TBL_MEMBER A
( A.MEMBER_NO, A.EMAIL, A.MEMBER_PWD, A.MEMBER_NAME, A.PHONE, A.MEMBER_ROLE ) VALUES
( SEQ_MEMBER_NO.NEXTVAL, 'one@gmail.com', '$2a$10$jcdZL/pcGCboHyA8A1yk/O8mBFJ3lyMFw8hqvZ/tMvRkMe8Ug9anu', '한징', '01076678912', 'TRAINER' );
INSERT INTO TBL_TRAINER_INFO A
( A.MEMBER_NO, A.ACCOUNT_NUMBER, A.BANK_NAME, A.ACCOUNT_HOLDER, A.APPROVAL_STATUS, A.AVERAGE_SCORE ) VALUES
( 23, '7014532', 'KB국민은행', '한징', 'N', 0 );
INSERT INTO TBL_LICENSE A
( A.LICENSE_CODE, A.LICENSE_NAME, A.ISSUING_INSTITUTION, A.GRADE, A.ISSUE_DATE ) VALUES
( 'C1234', '생활스포츠지도사', '국민체육공단', '1급', SYSDATE );
INSERT INTO TBL_TRAINER_LICENSE A
( A.LICENSE_MANAGE_NO, A.MEMBER_NO, A.LICENSE_CODE ) VALUES
( SEQ_LICENSE_MANAGE_NO.NEXTVAL, 23, 'C1234' );

INSERT INTO TBL_MEMBER A
( A.MEMBER_NO, A.EMAIL, A.MEMBER_PWD, A.MEMBER_NAME, A.PHONE, A.MEMBER_ROLE ) VALUES
( SEQ_MEMBER_NO.NEXTVAL, 'UU@gmail.com', '$2a$10$jcdZL/pcGCboHyA8A1yk/O8mBFJ3lyMFw8hqvZ/tMvRkMe8Ug9anu', '유유진', '01044112323', 'TRAINER' );
INSERT INTO TBL_TRAINER_INFO A
( A.MEMBER_NO, A.ACCOUNT_NUMBER, A.BANK_NAME, A.ACCOUNT_HOLDER, A.APPROVAL_STATUS, A.AVERAGE_SCORE ) VALUES
( 24, '7014532', '카카오뱅크', '유유진', 'N', 0 );
INSERT INTO TBL_LICENSE A
( A.LICENSE_CODE, A.LICENSE_NAME, A.ISSUING_INSTITUTION, A.GRADE, A.ISSUE_DATE ) VALUES
( 'D1234', '생활스포츠지도사', '국민체육공단', '2급', SYSDATE );
INSERT INTO TBL_TRAINER_LICENSE A
( A.LICENSE_MANAGE_NO, A.MEMBER_NO, A.LICENSE_CODE ) VALUES
( SEQ_LICENSE_MANAGE_NO.NEXTVAL, 24, 'D1234' );

INSERT INTO TBL_MEMBER A
( A.MEMBER_NO, A.EMAIL, A.MEMBER_PWD, A.MEMBER_NAME, A.PHONE, A.MEMBER_ROLE ) VALUES
( SEQ_MEMBER_NO.NEXTVAL, 'naam@gmail.com', '$2a$10$jcdZL/pcGCboHyA8A1yk/O8mBFJ3lyMFw8hqvZ/tMvRkMe8Ug9anu', '남갱', '01088887171', 'TRAINER' );
INSERT INTO TBL_TRAINER_INFO A
( A.MEMBER_NO, A.ACCOUNT_NUMBER, A.BANK_NAME, A.ACCOUNT_HOLDER, A.APPROVAL_STATUS, A.AVERAGE_SCORE ) VALUES
( 25, '111144', 'KB국민은행', '남갱', 'N', 0 );
INSERT INTO TBL_LICENSE A
( A.LICENSE_CODE, A.LICENSE_NAME, A.ISSUING_INSTITUTION, A.GRADE, A.ISSUE_DATE ) VALUES
( 'ASSDAS', '생활스포츠지도사', '국민체육공단', '2급', SYSDATE );
INSERT INTO TBL_TRAINER_LICENSE A
( A.LICENSE_MANAGE_NO, A.MEMBER_NO, A.LICENSE_CODE ) VALUES
( SEQ_LICENSE_MANAGE_NO.NEXTVAL, 25, 'ASSDAS' );

INSERT INTO TBL_MEMBER A
( A.MEMBER_NO, A.EMAIL, A.MEMBER_PWD, A.MEMBER_NAME, A.PHONE, A.MEMBER_ROLE ) VALUES
( SEQ_MEMBER_NO.NEXTVAL, 'flower@gmail.com', '$2a$10$jcdZL/pcGCboHyA8A1yk/O8mBFJ3lyMFw8hqvZ/tMvRkMe8Ug9anu', '꽃화', '01022318787', 'TRAINER' );
INSERT INTO TBL_TRAINER_INFO A
( A.MEMBER_NO, A.ACCOUNT_NUMBER, A.BANK_NAME, A.ACCOUNT_HOLDER, A.APPROVAL_STATUS, A.AVERAGE_SCORE ) VALUES
( 26, '787878', 'KB국민은행', '꽃화', 'N', 0 );
INSERT INTO TBL_LICENSE A
( A.LICENSE_CODE, A.LICENSE_NAME, A.ISSUING_INSTITUTION, A.GRADE, A.ISSUE_DATE ) VALUES
( 'qwetre', '생활스포츠지도사', '국민체육공단', '1급', SYSDATE );
INSERT INTO TBL_TRAINER_LICENSE A
( A.LICENSE_MANAGE_NO, A.MEMBER_NO, A.LICENSE_CODE ) VALUES
( SEQ_LICENSE_MANAGE_NO.NEXTVAL, 26, 'qwetre' );

INSERT INTO TBL_MEMBER A
( A.MEMBER_NO, A.EMAIL, A.MEMBER_PWD, A.MEMBER_NAME, A.PHONE, A.MEMBER_ROLE ) VALUES
( SEQ_MEMBER_NO.NEXTVAL, 'jiii@gmail.com', '$2a$10$jcdZL/pcGCboHyA8A1yk/O8mBFJ3lyMFw8hqvZ/tMvRkMe8Ug9anu', '지후환', '01097976578', 'TRAINER' );
INSERT INTO TBL_TRAINER_INFO A
( A.MEMBER_NO, A.ACCOUNT_NUMBER, A.BANK_NAME, A.ACCOUNT_HOLDER, A.APPROVAL_STATUS, A.AVERAGE_SCORE ) VALUES
( 27, '145678', 'KB국민은행', '지후환', 'N', 0 );
INSERT INTO TBL_LICENSE A
( A.LICENSE_CODE, A.LICENSE_NAME, A.ISSUING_INSTITUTION, A.GRADE, A.ISSUE_DATE ) VALUES
( 'erterllk', '생활스포츠지도사', '국민체육공단', '1급', SYSDATE );
INSERT INTO TBL_TRAINER_LICENSE A
( A.LICENSE_MANAGE_NO, A.MEMBER_NO, A.LICENSE_CODE ) VALUES
( SEQ_LICENSE_MANAGE_NO.NEXTVAL, 27, 'erterllk' );

INSERT INTO TBL_MEMBER A
( A.MEMBER_NO, A.EMAIL, A.MEMBER_PWD, A.MEMBER_NAME, A.PHONE, A.MEMBER_ROLE ) VALUES
( SEQ_MEMBER_NO.NEXTVAL, 'tetete@gmail.com', '$2a$10$jcdZL/pcGCboHyA8A1yk/O8mBFJ3lyMFw8hqvZ/tMvRkMe8Ug9anu', '태태', '01001928865', 'TRAINER' );
INSERT INTO TBL_TRAINER_INFO A
( A.MEMBER_NO, A.ACCOUNT_NUMBER, A.BANK_NAME, A.ACCOUNT_HOLDER, A.APPROVAL_STATUS, A.AVERAGE_SCORE ) VALUES
( 28, '12312312343', '하나은행', '태태', 'N', 0 );
INSERT INTO TBL_LICENSE A
( A.LICENSE_CODE, A.LICENSE_NAME, A.ISSUING_INSTITUTION, A.GRADE, A.ISSUE_DATE ) VALUES
( 'rtoweprow', '생활스포츠지도사', '국민체육공단', '1급', SYSDATE );
INSERT INTO TBL_TRAINER_LICENSE A
( A.LICENSE_MANAGE_NO, A.MEMBER_NO, A.LICENSE_CODE ) VALUES
( SEQ_LICENSE_MANAGE_NO.NEXTVAL, 28, 'rtoweprow' );

INSERT INTO TBL_MEMBER A
( A.MEMBER_NO, A.EMAIL, A.MEMBER_PWD, A.MEMBER_NAME, A.PHONE, A.MEMBER_ROLE ) VALUES
( SEQ_MEMBER_NO.NEXTVAL, 'rook@gmail.com', '$2a$10$jcdZL/pcGCboHyA8A1yk/O8mBFJ3lyMFw8hqvZ/tMvRkMe8Ug9anu', '사슴록', '01010108768', 'TRAINER' );
INSERT INTO TBL_TRAINER_INFO A
( A.MEMBER_NO, A.ACCOUNT_NUMBER, A.BANK_NAME, A.ACCOUNT_HOLDER, A.APPROVAL_STATUS, A.AVERAGE_SCORE ) VALUES
( 29, '151623433', 'NH농협은행', '사슴록', 'N', 0 );
INSERT INTO TBL_LICENSE A
( A.LICENSE_CODE, A.LICENSE_NAME, A.ISSUING_INSTITUTION, A.GRADE, A.ISSUE_DATE ) VALUES
( '34sdfwer', '생활스포츠지도사', '국민체육공단', '1급', SYSDATE );
INSERT INTO TBL_TRAINER_LICENSE A
( A.LICENSE_MANAGE_NO, A.MEMBER_NO, A.LICENSE_CODE ) VALUES
( SEQ_LICENSE_MANAGE_NO.NEXTVAL, 29, '34sdfwer' );
commit;

-- 블랙된 회원 임시 인서트
INSERT INTO TBL_MEMBER
( MEMBER_NO, EMAIL, MEMBER_PWD, MEMBER_NAME, PHONE, ENROLL_DATE, BLACK_STATUS, MEMBER_ROLE, MEMBER_STATUS ) VALUES
( SEQ_MEMBER_NO.NEXTVAL, 'leesunsin@greedy.com' ,'$2a$10$jcdZL/pcGCboHyA8A1yk/O8mBFJ3lyMFw8hqvZ/tMvRkMe8Ug9anu', '이순신', '01045455656', SYSDATE, 'Y', 'MEMBER', 'N');
INSERT INTO TBL_MEMBER
( MEMBER_NO, EMAIL, MEMBER_PWD, MEMBER_NAME, PHONE, ENROLL_DATE, BLACK_STATUS, MEMBER_ROLE, MEMBER_STATUS ) VALUES
( SEQ_MEMBER_NO.NEXTVAL, 'yougwansun@greedy.com' ,'$2a$10$jcdZL/pcGCboHyA8A1yk/O8mBFJ3lyMFw8hqvZ/tMvRkMe8Ug9anu', '유관순', '01056566767', SYSDATE, 'Y', 'TRAINER', 'N');
INSERT INTO TBL_MEMBER
( MEMBER_NO, EMAIL, MEMBER_PWD, MEMBER_NAME, PHONE, ENROLL_DATE, BLACK_STATUS, MEMBER_ROLE, MEMBER_STATUS ) VALUES
( SEQ_MEMBER_NO.NEXTVAL, 'jangbogo@greedy.com' ,'$2a$10$jcdZL/pcGCboHyA8A1yk/O8mBFJ3lyMFw8hqvZ/tMvRkMe8Ug9anu', '장보고', '01079787978', SYSDATE, 'Y', 'MEMBER', 'N');
INSERT INTO TBL_MEMBER
( MEMBER_NO, EMAIL, MEMBER_PWD, MEMBER_NAME, PHONE, ENROLL_DATE, BLACK_STATUS, MEMBER_ROLE, MEMBER_STATUS ) VALUES
( SEQ_MEMBER_NO.NEXTVAL, 'yunbonggil@greedy.com' ,'$2a$10$jcdZL/pcGCboHyA8A1yk/O8mBFJ3lyMFw8hqvZ/tMvRkMe8Ug9anu', '윤봉길', '01007071212', SYSDATE, 'Y', 'TRAINER', 'N');
INSERT INTO TBL_MEMBER
( MEMBER_NO, EMAIL, MEMBER_PWD, MEMBER_NAME, PHONE, ENROLL_DATE, BLACK_STATUS, MEMBER_ROLE, MEMBER_STATUS ) VALUES
( SEQ_MEMBER_NO.NEXTVAL, 'sejong@greedy.com' ,'$2a$10$jcdZL/pcGCboHyA8A1yk/O8mBFJ3lyMFw8hqvZ/tMvRkMe8Ug9anu', '세종대왕', '01011111111', SYSDATE, 'Y', 'MEMBER', 'N');
INSERT INTO TBL_MEMBER
( MEMBER_NO, EMAIL, MEMBER_PWD, MEMBER_NAME, PHONE, ENROLL_DATE, BLACK_STATUS, MEMBER_ROLE, MEMBER_STATUS ) VALUES
( SEQ_MEMBER_NO.NEXTVAL, 'hyeokgeose@greedy.com' ,'$2a$10$jcdZL/pcGCboHyA8A1yk/O8mBFJ3lyMFw8hqvZ/tMvRkMe8Ug9anu', '박혁거세', '01012131516', SYSDATE, 'Y', 'TRAINER', 'N');
INSERT INTO TBL_MEMBER
( MEMBER_NO, EMAIL, MEMBER_PWD, MEMBER_NAME, PHONE, ENROLL_DATE, BLACK_STATUS, MEMBER_ROLE, MEMBER_STATUS ) VALUES
( SEQ_MEMBER_NO.NEXTVAL, 'onjo@greedy.com' ,'$2a$10$jcdZL/pcGCboHyA8A1yk/O8mBFJ3lyMFw8hqvZ/tMvRkMe8Ug9anu', '온조', '01017890234', SYSDATE, 'Y', 'MEMBER', 'N');
INSERT INTO TBL_MEMBER
( MEMBER_NO, EMAIL, MEMBER_PWD, MEMBER_NAME, PHONE, ENROLL_DATE, BLACK_STATUS, MEMBER_ROLE, MEMBER_STATUS ) VALUES
( SEQ_MEMBER_NO.NEXTVAL, 'jumong@greedy.com' ,'$2a$10$jcdZL/pcGCboHyA8A1yk/O8mBFJ3lyMFw8hqvZ/tMvRkMe8Ug9anu', '주몽', '01022232222', SYSDATE, 'Y', 'MEMBER', 'N');
INSERT INTO TBL_MEMBER
( MEMBER_NO, EMAIL, MEMBER_PWD, MEMBER_NAME, PHONE, ENROLL_DATE, BLACK_STATUS, MEMBER_ROLE, MEMBER_STATUS ) VALUES
( SEQ_MEMBER_NO.NEXTVAL, 'leebangwon@greedy.com' ,'$2a$10$jcdZL/pcGCboHyA8A1yk/O8mBFJ3lyMFw8hqvZ/tMvRkMe8Ug9anu', '이방원', '01033339098', SYSDATE, 'Y', 'MEMBER', 'N');
INSERT INTO TBL_MEMBER
( MEMBER_NO, EMAIL, MEMBER_PWD, MEMBER_NAME, PHONE, ENROLL_DATE, BLACK_STATUS, MEMBER_ROLE, MEMBER_STATUS ) VALUES
( SEQ_MEMBER_NO.NEXTVAL, 'jengdojeon@greedy.com' ,'$2a$10$jcdZL/pcGCboHyA8A1yk/O8mBFJ3lyMFw8hqvZ/tMvRkMe8Ug9anu', '정도전', '01015157878', SYSDATE, 'Y', 'MEMBER', 'N');
INSERT INTO TBL_MEMBER
( MEMBER_NO, EMAIL, MEMBER_PWD, MEMBER_NAME, PHONE, ENROLL_DATE, BLACK_STATUS, MEMBER_ROLE, MEMBER_STATUS ) VALUES
( SEQ_MEMBER_NO.NEXTVAL, 'gwangjong@greedy.com' ,'$2a$10$jcdZL/pcGCboHyA8A1yk/O8mBFJ3lyMFw8hqvZ/tMvRkMe8Ug9anu', '광종', '01026260707', SYSDATE, 'Y', 'MEMBER', 'N');
COMMIT;

-- 신고유형카테고리 테이블
CREATE TABLE TBL_REPORT_CATEGORY(
  REPORT_CODE VARCHAR2(20) PRIMARY KEY,
  REPORT_TYPE VARCHAR2(30) UNIQUE NOT NULL
);
COMMENT ON TABLE TBL_REPORT_CATEGORY IS '신고유형카테고리';
COMMENT ON COLUMN TBL_REPORT_CATEGORY.REPORT_CODE IS '신고코드';
COMMENT ON COLUMN TBL_REPORT_CATEGORY.REPORT_TYPE IS '신고유형';

-- 신고유형카테고리 인서트
INSERT INTO TBL_REPORT_CATEGORY -- SWEAR WORD
( REPORT_CODE, REPORT_TYPE ) VALUES
( 'SW', '욕설' );
INSERT INTO TBL_REPORT_CATEGORY -- GAMBLING
( REPORT_CODE, REPORT_TYPE ) VALUES
( 'GM', '사행성' );
INSERT INTO TBL_REPORT_CATEGORY -- LEWD ACT 
( REPORT_CODE, REPORT_TYPE ) VALUES
( 'LA', '음란행위' );
INSERT INTO TBL_REPORT_CATEGORY
( REPORT_CODE, REPORT_TYPE ) VALUES
( 'ETC', '기타' );
COMMIT;

-- 회원제재이력
CREATE TABLE TBL_REPORT_HISTORY(
  CONSTRAINT_NO NUMBER PRIMARY KEY,
  CONSTRAINT_MEMBER_NO NUMBER REFERENCES TBL_MEMBER(MEMBER_NO),
  CONSTRAINT_START_DATE DATE NOT NULL,
  CONSTRAINT_END_DATE DATE
);
COMMENT ON TABLE TBL_REPORT_HISTORY IS '회원제재이력';
COMMENT ON COLUMN TBL_REPORT_HISTORY.CONSTRAINT_NO IS '회원제재이력번호';
COMMENT ON COLUMN TBL_REPORT_HISTORY.CONSTRAINT_MEMBER_NO IS '제재대상회원';
COMMENT ON COLUMN TBL_REPORT_HISTORY.CONSTRAINT_START_DATE IS '제재시작일자';
COMMENT ON COLUMN TBL_REPORT_HISTORY.CONSTRAINT_END_DATE IS '제재종료일자';
-- 제제이력 인서트
INSERT INTO TBL_REPORT_HISTORY
( CONSTRAINT_NO, CONSTRAINT_MEMBER_NO, CONSTRAINT_START_DATE ) VALUES
( SEQ_CONSTRAINT_NO.NEXTVAL, 30, SYSDATE );
INSERT INTO TBL_REPORT_HISTORY
( CONSTRAINT_NO, CONSTRAINT_MEMBER_NO, CONSTRAINT_START_DATE ) VALUES
( SEQ_CONSTRAINT_NO.NEXTVAL, 31, SYSDATE );
INSERT INTO TBL_REPORT_HISTORY
( CONSTRAINT_NO, CONSTRAINT_MEMBER_NO, CONSTRAINT_START_DATE ) VALUES
( SEQ_CONSTRAINT_NO.NEXTVAL, 32, SYSDATE );
INSERT INTO TBL_REPORT_HISTORY
( CONSTRAINT_NO, CONSTRAINT_MEMBER_NO, CONSTRAINT_START_DATE ) VALUES
( SEQ_CONSTRAINT_NO.NEXTVAL, 33, SYSDATE );
INSERT INTO TBL_REPORT_HISTORY
( CONSTRAINT_NO, CONSTRAINT_MEMBER_NO, CONSTRAINT_START_DATE ) VALUES
( SEQ_CONSTRAINT_NO.NEXTVAL, 34, SYSDATE );
INSERT INTO TBL_REPORT_HISTORY
( CONSTRAINT_NO, CONSTRAINT_MEMBER_NO, CONSTRAINT_START_DATE ) VALUES
( SEQ_CONSTRAINT_NO.NEXTVAL, 35, SYSDATE );
INSERT INTO TBL_REPORT_HISTORY
( CONSTRAINT_NO, CONSTRAINT_MEMBER_NO, CONSTRAINT_START_DATE ) VALUES
( SEQ_CONSTRAINT_NO.NEXTVAL, 36, SYSDATE );
INSERT INTO TBL_REPORT_HISTORY
( CONSTRAINT_NO, CONSTRAINT_MEMBER_NO, CONSTRAINT_START_DATE ) VALUES
( SEQ_CONSTRAINT_NO.NEXTVAL, 37, SYSDATE );
INSERT INTO TBL_REPORT_HISTORY
( CONSTRAINT_NO, CONSTRAINT_MEMBER_NO, CONSTRAINT_START_DATE ) VALUES
( SEQ_CONSTRAINT_NO.NEXTVAL, 38, SYSDATE );
INSERT INTO TBL_REPORT_HISTORY
( CONSTRAINT_NO, CONSTRAINT_MEMBER_NO, CONSTRAINT_START_DATE ) VALUES
( SEQ_CONSTRAINT_NO.NEXTVAL, 39, SYSDATE );
INSERT INTO TBL_REPORT_HISTORY
( CONSTRAINT_NO, CONSTRAINT_MEMBER_NO, CONSTRAINT_START_DATE ) VALUES
( SEQ_CONSTRAINT_NO.NEXTVAL, 40, SYSDATE );
commit;

-- 게시글 분류 테이블 생성
CREATE TABLE TBL_POST_CLASSIFICATION(
  CLASSIFICATION_CODE VARCHAR2(30) PRIMARY KEY,
  CLASSIFICATION_KIND VARCHAR2(30) NOT NULL
); 
COMMENT ON TABLE TBL_POST_CLASSIFICATION IS '게시글분류';
COMMENT ON COLUMN TBL_POST_CLASSIFICATION.CLASSIFICATION_CODE IS '분류코드';
COMMENT ON COLUMN TBL_POST_CLASSIFICATION.CLASSIFICATION_KIND IS '분류유형';

-- 게시글 분류 인서트
INSERT INTO TBL_POST_CLASSIFICATION --NOTICE
( CLASSIFICATION_CODE, CLASSIFICATION_KIND ) VALUES
( 'NT', '공지사항' );
INSERT INTO TBL_POST_CLASSIFICATION -- REPORT
( CLASSIFICATION_CODE, CLASSIFICATION_KIND ) VALUES
( 'RPR', '신고' );
INSERT INTO TBL_POST_CLASSIFICATION -- 자주묻는질문
( CLASSIFICATION_CODE, CLASSIFICATION_KIND ) VALUES
( 'QNA', '자주묻는질문' );
COMMIT;

-- 게시판 테이블 생성
CREATE TABLE TBL_NOTICE(
  NOTICE_NO NUMBER PRIMARY KEY,
  MEMBER_NO NUMBER REFERENCES TBL_MEMBER(MEMBER_NO),
  NOTICE_CATEGORY_CODE VARCHAR2(50) REFERENCES TBL_POST_CLASSIFICATION(CLASSIFICATION_CODE),
  NOTICE_SUBJECT VARCHAR2(100) NOT NULL,
  NOTICE_BODY VARCHAR2(1000) NOT NULL,
  NOTICE_REGIST_DATE DATE NOT NULL,
  NOTICE_REVISE_DATE DATE,
  NOTICE_STATUS VARCHAR2(50) DEFAULT 'Y' NOT NULL CHECK(NOTICE_STATUS IN ('Y', 'N')),
  NOTICE_VIEW_COUNT NUMBER DEFAULT 0 NOT NULL
);
COMMENT ON TABLE TBL_NOTICE IS '게시판';
COMMENT ON COLUMN TBL_NOTICE.MEMBER_NO IS '회원번호';
COMMENT ON COLUMN TBL_NOTICE.NOTICE_NO IS '글번호';
COMMENT ON COLUMN TBL_NOTICE.NOTICE_CATEGORY_CODE IS '분류코드';
COMMENT ON COLUMN TBL_NOTICE.NOTICE_SUBJECT IS '제목';
COMMENT ON COLUMN TBL_NOTICE.NOTICE_BODY IS '내용';
COMMENT ON COLUMN TBL_NOTICE.NOTICE_REGIST_DATE IS '작성일자';
COMMENT ON COLUMN TBL_NOTICE.NOTICE_REVISE_DATE IS '수정일자';
COMMENT ON COLUMN TBL_NOTICE.NOTICE_STATUS IS '상태';
COMMENT ON COLUMN TBL_NOTICE.NOTICE_VIEW_COUNT IS '조회수';

INSERT INTO TBL_NOTICE A ( A.NOTICE_NO, A.NOTICE_CATEGORY_CODE, A.NOTICE_SUBJECT, A.NOTICE_BODY, A.MEMBER_NO , A.NOTICE_REGIST_DATE   )  
VALUES ( SEQ_NOTICE_NO.NEXTVAL,'NT', '공지', '공지입니다123',  1, SYSDATE );
INSERT INTO TBL_NOTICE A ( A.NOTICE_NO, A.NOTICE_CATEGORY_CODE, A.NOTICE_SUBJECT, A.NOTICE_BODY, A.MEMBER_NO , A.NOTICE_REGIST_DATE   )  
VALUES ( SEQ_NOTICE_NO.NEXTVAL,'NT', '공지공지', '공지입니다123',  1, SYSDATE );
INSERT INTO TBL_NOTICE A ( A.NOTICE_NO, A.NOTICE_CATEGORY_CODE, A.NOTICE_SUBJECT, A.NOTICE_BODY, A.MEMBER_NO , A.NOTICE_REGIST_DATE   )  
VALUES ( SEQ_NOTICE_NO.NEXTVAL,'NT', '공지공지공지', '공지입니다123',  1, SYSDATE );
INSERT INTO TBL_NOTICE A ( A.NOTICE_NO, A.NOTICE_CATEGORY_CODE, A.NOTICE_SUBJECT, A.NOTICE_BODY, A.MEMBER_NO , A.NOTICE_REGIST_DATE   )  
VALUES ( SEQ_NOTICE_NO.NEXTVAL,'NT', '공지공지공지공지', '공지입니다123',  1, SYSDATE );
INSERT INTO TBL_NOTICE A ( A.NOTICE_NO, A.NOTICE_CATEGORY_CODE, A.NOTICE_SUBJECT, A.NOTICE_BODY, A.MEMBER_NO , A.NOTICE_REGIST_DATE   )  
VALUES ( SEQ_NOTICE_NO.NEXTVAL,'NT', '공지공지공지공지공지', '공지입니다123',  1, SYSDATE );
INSERT INTO TBL_NOTICE A ( A.NOTICE_NO, A.NOTICE_CATEGORY_CODE, A.NOTICE_SUBJECT, A.NOTICE_BODY, A.MEMBER_NO , A.NOTICE_REGIST_DATE   )  
VALUES ( SEQ_NOTICE_NO.NEXTVAL,'NT', '공지공지공지공지', '공지입니다123',  1, SYSDATE );
INSERT INTO TBL_NOTICE A ( A.NOTICE_NO, A.NOTICE_CATEGORY_CODE, A.NOTICE_SUBJECT, A.NOTICE_BODY, A.MEMBER_NO , A.NOTICE_REGIST_DATE   )  
VALUES ( SEQ_NOTICE_NO.NEXTVAL,'NT', '공지공지공지', '공지입니다123',  1, SYSDATE );
INSERT INTO TBL_NOTICE A ( A.NOTICE_NO, A.NOTICE_CATEGORY_CODE, A.NOTICE_SUBJECT, A.NOTICE_BODY, A.MEMBER_NO , A.NOTICE_REGIST_DATE   )  
VALUES ( SEQ_NOTICE_NO.NEXTVAL,'NT', '공지공지', '공지입니다123',  1, SYSDATE );
INSERT INTO TBL_NOTICE A ( A.NOTICE_NO, A.NOTICE_CATEGORY_CODE, A.NOTICE_SUBJECT, A.NOTICE_BODY, A.MEMBER_NO , A.NOTICE_REGIST_DATE   )  
VALUES ( SEQ_NOTICE_NO.NEXTVAL,'NT', '공지', '공지입니다123',  1, SYSDATE );
INSERT INTO TBL_NOTICE A ( A.NOTICE_NO, A.NOTICE_CATEGORY_CODE, A.NOTICE_SUBJECT, A.NOTICE_BODY, A.MEMBER_NO , A.NOTICE_REGIST_DATE   )  
VALUES ( SEQ_NOTICE_NO.NEXTVAL,'NT', '공지공지', '공지입니다123',  1, SYSDATE );
INSERT INTO TBL_NOTICE A ( A.NOTICE_NO, A.NOTICE_CATEGORY_CODE, A.NOTICE_SUBJECT, A.NOTICE_BODY, A.MEMBER_NO , A.NOTICE_REGIST_DATE   )  
VALUES ( SEQ_NOTICE_NO.NEXTVAL,'NT', '공지공지공지', '공지입니다123',  1, SYSDATE );
INSERT INTO TBL_NOTICE A ( A.NOTICE_NO, A.NOTICE_CATEGORY_CODE, A.NOTICE_SUBJECT, A.NOTICE_BODY, A.MEMBER_NO , A.NOTICE_REGIST_DATE   )  
VALUES ( SEQ_NOTICE_NO.NEXTVAL,'NT', '공지공지공지공지', '공지입니다123',  1, SYSDATE );
INSERT INTO TBL_NOTICE A ( A.NOTICE_NO, A.NOTICE_CATEGORY_CODE, A.NOTICE_SUBJECT, A.NOTICE_BODY, A.MEMBER_NO , A.NOTICE_REGIST_DATE   )  
VALUES ( SEQ_NOTICE_NO.NEXTVAL,'NT', '공지공지공지공지공지', '공지입니다123',  1, SYSDATE );
INSERT INTO TBL_NOTICE A ( A.NOTICE_NO, A.NOTICE_CATEGORY_CODE, A.NOTICE_SUBJECT, A.NOTICE_BODY, A.MEMBER_NO , A.NOTICE_REGIST_DATE   )  
VALUES ( SEQ_NOTICE_NO.NEXTVAL,'NT', '공지공지공지공지', '공지입니다123',  1, SYSDATE );
INSERT INTO TBL_NOTICE A ( A.NOTICE_NO, A.NOTICE_CATEGORY_CODE, A.NOTICE_SUBJECT, A.NOTICE_BODY, A.MEMBER_NO , A.NOTICE_REGIST_DATE   )  
VALUES ( SEQ_NOTICE_NO.NEXTVAL,'NT', '공지공지공지', '공지입니다123',  1, SYSDATE );
INSERT INTO TBL_NOTICE A ( A.NOTICE_NO, A.NOTICE_CATEGORY_CODE, A.NOTICE_SUBJECT, A.NOTICE_BODY, A.MEMBER_NO , A.NOTICE_REGIST_DATE   )  
VALUES ( SEQ_NOTICE_NO.NEXTVAL,'NT', '공지공지', '공지입니다123',  1, SYSDATE );

INSERT INTO TBL_NOTICE A(A.NOTICE_NO, A.NOTICE_CATEGORY_CODE, A.NOTICE_SUBJECT, A.NOTICE_BODY, A.MEMBER_NO, A.NOTICE_REGIST_DATE)  
VALUES(SEQ_NOTICE_NO.NEXTVAL, 'RPR', '신고합니다', '트레이너 신고합니다', 1, SYSDATE);
INSERT INTO TBL_NOTICE A(A.NOTICE_NO, A.NOTICE_CATEGORY_CODE, A.NOTICE_SUBJECT, A.NOTICE_BODY, A.MEMBER_NO, A.NOTICE_REGIST_DATE)  
VALUES(SEQ_NOTICE_NO.NEXTVAL, 'RPR', '신고합니다신고합니다', '트레이너 신고합니다', 1, SYSDATE);
INSERT INTO TBL_NOTICE A(A.NOTICE_NO, A.NOTICE_CATEGORY_CODE, A.NOTICE_SUBJECT, A.NOTICE_BODY, A.MEMBER_NO, A.NOTICE_REGIST_DATE)  
VALUES(SEQ_NOTICE_NO.NEXTVAL, 'RPR', '신고합니다신고합니다신고합니다', '트레이너 신고합니다', 1, SYSDATE);
INSERT INTO TBL_NOTICE A(A.NOTICE_NO, A.NOTICE_CATEGORY_CODE, A.NOTICE_SUBJECT, A.NOTICE_BODY, A.MEMBER_NO, A.NOTICE_REGIST_DATE)  
VALUES(SEQ_NOTICE_NO.NEXTVAL, 'RPR', '신고합니다신고합니다신고합니다신고합니다', '트레이너 신고합니다', 1, SYSDATE);
INSERT INTO TBL_NOTICE A(A.NOTICE_NO, A.NOTICE_CATEGORY_CODE, A.NOTICE_SUBJECT, A.NOTICE_BODY, A.MEMBER_NO, A.NOTICE_REGIST_DATE)  
VALUES(SEQ_NOTICE_NO.NEXTVAL, 'RPR', '신고합니다신고합니다신고합니다', '트레이너 신고합니다', 1, SYSDATE);
INSERT INTO TBL_NOTICE A(A.NOTICE_NO, A.NOTICE_CATEGORY_CODE, A.NOTICE_SUBJECT, A.NOTICE_BODY, A.MEMBER_NO, A.NOTICE_REGIST_DATE)  
VALUES(SEQ_NOTICE_NO.NEXTVAL, 'RPR', '신고합니다신고합니다', '트레이너 신고합니다', 1, SYSDATE);
INSERT INTO TBL_NOTICE A(A.NOTICE_NO, A.NOTICE_CATEGORY_CODE, A.NOTICE_SUBJECT, A.NOTICE_BODY, A.MEMBER_NO, A.NOTICE_REGIST_DATE)  
VALUES(SEQ_NOTICE_NO.NEXTVAL, 'RPR', '신고합니다', '회원을 신고합니다', 1, SYSDATE);
INSERT INTO TBL_NOTICE A(A.NOTICE_NO, A.NOTICE_CATEGORY_CODE, A.NOTICE_SUBJECT, A.NOTICE_BODY, A.MEMBER_NO, A.NOTICE_REGIST_DATE)  
VALUES(SEQ_NOTICE_NO.NEXTVAL, 'RPR', '신고합니다신고합니다', '회원을 신고합니다', 1, SYSDATE);
INSERT INTO TBL_NOTICE A(A.NOTICE_NO, A.NOTICE_CATEGORY_CODE, A.NOTICE_SUBJECT, A.NOTICE_BODY, A.MEMBER_NO, A.NOTICE_REGIST_DATE)  
VALUES(SEQ_NOTICE_NO.NEXTVAL, 'RPR', '신고합니다신고합니다신고합니다', '회원을 신고합니다', 1, SYSDATE);
INSERT INTO TBL_NOTICE A(A.NOTICE_NO, A.NOTICE_CATEGORY_CODE, A.NOTICE_SUBJECT, A.NOTICE_BODY, A.MEMBER_NO, A.NOTICE_REGIST_DATE)  
VALUES(SEQ_NOTICE_NO.NEXTVAL, 'RPR', '신고합니다신고합니다', '회원을 신고합니다', 1, SYSDATE);
INSERT INTO TBL_NOTICE A(A.NOTICE_NO, A.NOTICE_CATEGORY_CODE, A.NOTICE_SUBJECT, A.NOTICE_BODY, A.MEMBER_NO, A.NOTICE_REGIST_DATE)  
VALUES(SEQ_NOTICE_NO.NEXTVAL, 'RPR', '신고합니다', '회원을 신고합니다', 1, SYSDATE);
INSERT INTO TBL_NOTICE A(A.NOTICE_NO, A.NOTICE_CATEGORY_CODE, A.NOTICE_SUBJECT, A.NOTICE_BODY, A.MEMBER_NO, A.NOTICE_REGIST_DATE)  
VALUES(SEQ_NOTICE_NO.NEXTVAL, 'RPR', '신고합니다신고합니다', '회원을 신고합니다', 1, SYSDATE);
INSERT INTO TBL_NOTICE A(A.NOTICE_NO, A.NOTICE_CATEGORY_CODE, A.NOTICE_SUBJECT, A.NOTICE_BODY, A.MEMBER_NO, A.NOTICE_REGIST_DATE)  
VALUES(SEQ_NOTICE_NO.NEXTVAL, 'RPR', '신고합니다신고합니다신고합니다', '회원을 신고합니다', 1, SYSDATE);
INSERT INTO TBL_NOTICE A(A.NOTICE_NO, A.NOTICE_CATEGORY_CODE, A.NOTICE_SUBJECT, A.NOTICE_BODY, A.MEMBER_NO, A.NOTICE_REGIST_DATE)  
VALUES(SEQ_NOTICE_NO.NEXTVAL, 'RPR', '신고합니다신고합니다', '회원을 신고합니다', 1, SYSDATE);
INSERT INTO TBL_NOTICE A(A.NOTICE_NO, A.NOTICE_CATEGORY_CODE, A.NOTICE_SUBJECT, A.NOTICE_BODY, A.MEMBER_NO, A.NOTICE_REGIST_DATE)  
VALUES(SEQ_NOTICE_NO.NEXTVAL, 'RPR', '신고합니다', '회원을 신고합니다', 1, SYSDATE);
INSERT INTO TBL_NOTICE A(A.NOTICE_NO, A.NOTICE_CATEGORY_CODE, A.NOTICE_SUBJECT, A.NOTICE_BODY, A.MEMBER_NO, A.NOTICE_REGIST_DATE)  
VALUES(SEQ_NOTICE_NO.NEXTVAL, 'RPR', '신고합니다신고합니다', '트레이너 신고합니다', 1, SYSDATE);
INSERT INTO TBL_NOTICE A(A.NOTICE_NO, A.NOTICE_CATEGORY_CODE, A.NOTICE_SUBJECT, A.NOTICE_BODY, A.MEMBER_NO, A.NOTICE_REGIST_DATE)  
VALUES(SEQ_NOTICE_NO.NEXTVAL, 'RPR', '신고합니다신고합니다신고합니다', '트레이너 신고합니다', 1, SYSDATE);
INSERT INTO TBL_NOTICE A(A.NOTICE_NO, A.NOTICE_CATEGORY_CODE, A.NOTICE_SUBJECT, A.NOTICE_BODY, A.MEMBER_NO, A.NOTICE_REGIST_DATE)  
VALUES(SEQ_NOTICE_NO.NEXTVAL, 'RPR', '신고합니다신고합니다', '트레이너 신고합니다', 1, SYSDATE);


COMMIT;

-- 신고내역 테이블
CREATE TABLE TBL_REPORT(
  REPORT_NO NUMBER PRIMARY KEY,
  REPORT_NOTICE_NO NUMBER REFERENCES TBL_NOTICE(NOTICE_NO),
  REPORT_MEMBER_NO NUMBER REFERENCES TBL_MEMBER(MEMBER_NO),
  REPORTED_BY_MEMBER_NO VARCHAR2(20),
  REPORT_CODE VARCHAR2(20) REFERENCES TBL_REPORT_CATEGORY(REPORT_CODE),
  REPORT_DATE DATE NOT NULL
);
COMMENT ON TABLE TBL_REPORT IS '신고내역';
COMMENT ON COLUMN TBL_REPORT.REPORT_NO IS '신고내역번호';
COMMENT ON COLUMN TBL_REPORT.REPORT_NOTICE_NO IS '신고게시물번호';
COMMENT ON COLUMN TBL_REPORT.REPORT_MEMBER_NO IS '신고회원';
COMMENT ON COLUMN TBL_REPORT.REPORTED_BY_MEMBER_NO IS '피신고회원';
COMMENT ON COLUMN TBL_REPORT.REPORT_CODE IS '신고코드';
COMMENT ON COLUMN TBL_REPORT.REPORT_DATE IS '신고일자';
-- 인서트


INSERT INTO TBL_REPORT B(B.REPORT_NO, B.REPORT_NOTICE_NO, B.REPORT_MEMBER_NO, B.REPORT_CODE, B.REPORT_DATE)
VALUES(SEQ_REPORT_NO.NEXTVAL, 17, 1, 'ETC', SYSDATE);
INSERT INTO TBL_REPORT B(B.REPORT_NO, B.REPORT_NOTICE_NO, B.REPORT_MEMBER_NO, B.REPORT_CODE, B.REPORT_DATE)
VALUES(SEQ_REPORT_NO.NEXTVAL, 18, 1, 'GM', SYSDATE);
INSERT INTO TBL_REPORT B(B.REPORT_NO, B.REPORT_NOTICE_NO, B.REPORT_MEMBER_NO, B.REPORT_CODE, B.REPORT_DATE)
VALUES(SEQ_REPORT_NO.NEXTVAL, 19, 1, 'SW', SYSDATE);
INSERT INTO TBL_REPORT B(B.REPORT_NO, B.REPORT_NOTICE_NO, B.REPORT_MEMBER_NO, B.REPORT_CODE, B.REPORT_DATE)
VALUES(SEQ_REPORT_NO.NEXTVAL, 20, 1, 'ETC', SYSDATE);
INSERT INTO TBL_REPORT B(B.REPORT_NO, B.REPORT_NOTICE_NO, B.REPORT_MEMBER_NO, B.REPORT_CODE, B.REPORT_DATE)
VALUES(SEQ_REPORT_NO.NEXTVAL, 21, 1, 'GM', SYSDATE);
INSERT INTO TBL_REPORT B(B.REPORT_NO, B.REPORT_NOTICE_NO, B.REPORT_MEMBER_NO, B.REPORT_CODE, B.REPORT_DATE)
VALUES(SEQ_REPORT_NO.NEXTVAL, 22, 1, 'LA', SYSDATE);
INSERT INTO TBL_REPORT B(B.REPORT_NO, B.REPORT_NOTICE_NO, B.REPORT_MEMBER_NO, B.REPORT_CODE, B.REPORT_DATE)
VALUES(SEQ_REPORT_NO.NEXTVAL, 23, 1, 'LA', SYSDATE);
INSERT INTO TBL_REPORT B(B.REPORT_NO, B.REPORT_NOTICE_NO, B.REPORT_MEMBER_NO, B.REPORT_CODE, B.REPORT_DATE)
VALUES(SEQ_REPORT_NO.NEXTVAL, 24, 1, 'ETC', SYSDATE);
INSERT INTO TBL_REPORT B(B.REPORT_NO, B.REPORT_NOTICE_NO, B.REPORT_MEMBER_NO, B.REPORT_CODE, B.REPORT_DATE)
VALUES(SEQ_REPORT_NO.NEXTVAL, 25, 1, 'GM', SYSDATE);
INSERT INTO TBL_REPORT B(B.REPORT_NO, B.REPORT_NOTICE_NO, B.REPORT_MEMBER_NO, B.REPORT_CODE, B.REPORT_DATE)
VALUES(SEQ_REPORT_NO.NEXTVAL, 26, 1, 'LA', SYSDATE);
INSERT INTO TBL_REPORT B(B.REPORT_NO, B.REPORT_NOTICE_NO, B.REPORT_MEMBER_NO, B.REPORT_CODE, B.REPORT_DATE)
VALUES(SEQ_REPORT_NO.NEXTVAL, 27, 1, 'ETC', SYSDATE);
INSERT INTO TBL_REPORT B(B.REPORT_NO, B.REPORT_NOTICE_NO, B.REPORT_MEMBER_NO, B.REPORT_CODE, B.REPORT_DATE)
VALUES(SEQ_REPORT_NO.NEXTVAL, 28, 1, 'SW', SYSDATE);
INSERT INTO TBL_REPORT B(B.REPORT_NO, B.REPORT_NOTICE_NO, B.REPORT_MEMBER_NO, B.REPORT_CODE, B.REPORT_DATE)
VALUES(SEQ_REPORT_NO.NEXTVAL, 29, 1, 'ETC', SYSDATE);
INSERT INTO TBL_REPORT B(B.REPORT_NO, B.REPORT_NOTICE_NO, B.REPORT_MEMBER_NO, B.REPORT_CODE, B.REPORT_DATE)
VALUES(SEQ_REPORT_NO.NEXTVAL, 30, 1, 'GM', SYSDATE);
INSERT INTO TBL_REPORT B(B.REPORT_NO, B.REPORT_NOTICE_NO, B.REPORT_MEMBER_NO, B.REPORT_CODE, B.REPORT_DATE)
VALUES(SEQ_REPORT_NO.NEXTVAL, 31, 1, 'ETC', SYSDATE);
INSERT INTO TBL_REPORT B(B.REPORT_NO, B.REPORT_NOTICE_NO, B.REPORT_MEMBER_NO, B.REPORT_CODE, B.REPORT_DATE)
VALUES(SEQ_REPORT_NO.NEXTVAL, 32, 1, 'SW', SYSDATE);
INSERT INTO TBL_REPORT B(B.REPORT_NO, B.REPORT_NOTICE_NO, B.REPORT_MEMBER_NO, B.REPORT_CODE, B.REPORT_DATE)
VALUES(SEQ_REPORT_NO.NEXTVAL, 33, 1, 'LA', SYSDATE);
INSERT INTO TBL_REPORT B(B.REPORT_NO, B.REPORT_NOTICE_NO, B.REPORT_MEMBER_NO, B.REPORT_CODE, B.REPORT_DATE)
VALUES(SEQ_REPORT_NO.NEXTVAL, 34, 1, 'SW', SYSDATE);


COMMIT;


-- 신고 첨부파일 테이블
CREATE TABLE TBL_REPORT_ATTACHMENT(
  REPORT_ATTACHMENT_NO NUMBER PRIMARY KEY,
  REF_REPORT_NO NUMBER REFERENCES TBL_REPORT(REPORT_NO),
  FILE_PATH VARCHAR2(300) NOT NULL,
  ORIGINAL_NAME VARCHAR2(255) NOT NULL,
  FILE_NAME VARCHAR2(80) NOT NULL,
  THUMBNAIL_PATH VARCHAR2(255),
  UPLOAD_DATE DATE NOT NULL,
  ATTACHMENT_STATUS VARCHAR2(2) DEFAULT 'Y' NOT NULL CHECK(ATTACHMENT_STATUS IN ('Y', 'N'))
);
COMMENT ON TABLE TBL_REPORT_ATTACHMENT IS '신고첨부파일';
COMMENT ON COLUMN TBL_REPORT_ATTACHMENT.REPORT_ATTACHMENT_NO IS '첨부파일번호';
COMMENT ON COLUMN TBL_REPORT_ATTACHMENT.REF_REPORT_NO IS '신고번호';
COMMENT ON COLUMN TBL_REPORT_ATTACHMENT.FILE_PATH IS '파일경로';
COMMENT ON COLUMN TBL_REPORT_ATTACHMENT.ORIGINAL_NAME IS '첨부파일명';
COMMENT ON COLUMN TBL_REPORT_ATTACHMENT.FILE_NAME IS '변환된이름';
COMMENT ON COLUMN TBL_REPORT_ATTACHMENT.UPLOAD_DATE IS '업로드일시';
COMMENT ON COLUMN TBL_REPORT_ATTACHMENT.THUMBNAIL_PATH IS '썸네일경로';
COMMENT ON COLUMN TBL_REPORT_ATTACHMENT.ATTACHMENT_STATUS IS '상태';

-- 게시글 댓글 테이블 생성
CREATE TABLE TBL_NOTICE_COMMENT(
  NOTICE_NO NUMBER PRIMARY KEY REFERENCES TBL_NOTICE(NOTICE_NO),
  MEMBER_NO NUMBER REFERENCES TBL_MEMBER(MEMBER_NO),
  COMMENT_BODY VARCHAR2(100) NOT NULL,
  COMMENT_ENROLL_DATE DATE NOT NULL
);
COMMENT ON TABLE TBL_NOTICE_COMMENT IS '게시글댓글';
COMMENT ON COLUMN TBL_NOTICE_COMMENT.NOTICE_NO IS '글번호';
COMMENT ON COLUMN TBL_NOTICE_COMMENT.MEMBER_NO IS '회원번호';
COMMENT ON COLUMN TBL_NOTICE_COMMENT.COMMENT_BODY IS '댓글내용';
COMMENT ON COLUMN TBL_NOTICE_COMMENT.COMMENT_ENROLL_DATE IS '등록일시';

-- 게시판 첨부파일 테이블
CREATE TABLE TBL_NOTICE_ATTACHMENT(
  NOTICE_ATTACHMENT_NO NUMBER PRIMARY KEY,
  REF_NOTICE_NO NUMBER REFERENCES TBL_NOTICE(NOTICE_NO),
  FILE_PATH VARCHAR2(300) NOT NULL,
  ORIGINAL_NAME VARCHAR2(255) NOT NULL,
  FILE_NAME VARCHAR2(80) NOT NULL,
  THUMBNAIL_PATH VARCHAR2(255),
  UPLOAD_DATE DATE NOT NULL,
  ATTACHMENT_STATUS VARCHAR2(2) DEFAULT 'Y' NOT NULL CHECK(ATTACHMENT_STATUS IN ('Y', 'N'))
);
COMMENT ON TABLE TBL_NOTICE_ATTACHMENT IS '게시판첨부파일';
COMMENT ON COLUMN TBL_NOTICE_ATTACHMENT.NOTICE_ATTACHMENT_NO IS '첨부파일번호';
COMMENT ON COLUMN TBL_NOTICE_ATTACHMENT.REF_NOTICE_NO IS '게시판번호';
COMMENT ON COLUMN TBL_NOTICE_ATTACHMENT.FILE_PATH IS '파일경로';
COMMENT ON COLUMN TBL_NOTICE_ATTACHMENT.ORIGINAL_NAME IS '첨부파일명';
COMMENT ON COLUMN TBL_NOTICE_ATTACHMENT.FILE_NAME IS '변환된이름';
COMMENT ON COLUMN TBL_NOTICE_ATTACHMENT.UPLOAD_DATE IS '업로드일시';
COMMENT ON COLUMN TBL_NOTICE_ATTACHMENT.THUMBNAIL_PATH IS '썸네일경로';
COMMENT ON COLUMN TBL_NOTICE_ATTACHMENT.ATTACHMENT_STATUS IS '상태';

-- 개설수업 테이블 생성
CREATE TABLE TBL_OPENED_CLASS 
(
  CLASS_NO NUMBER NOT NULL 
, TRAINER_NO NUMBER NOT NULL 
, CLASS_NAME VARCHAR2(70 BYTE) NOT NULL 
, CLASS_KIND VARCHAR2(50 BYTE) NOT NULL 
, CLASS_APPROVAL VARCHAR2(30 BYTE) DEFAULT 'N' 
, CLASS_STATUS VARCHAR2(50 BYTE) DEFAULT 'N' 
, CREATED_DATE VARCHAR2(20 BYTE) NOT NULL 
, CLASS_CATEGORY VARCHAR2(50 BYTE) NOT NULL 
, CLASS_INTRO VARCHAR2(50 BYTE) NOT NULL 
, CLASS_INTRODUCE VARCHAR2(1000 BYTE) NOT NULL 
, CLASS_COUNT VARCHAR2(20 BYTE) DEFAULT 0 
, CONSTRAINT SYS_C008171 PRIMARY KEY 
  (
    CLASS_NO 
  )
  USING INDEX 
  (
      CREATE UNIQUE INDEX SYS_C008171 ON TBL_OPENED_CLASS (CLASS_NO ASC) 
      LOGGING 
      TABLESPACE SYSTEM 
      PCTFREE 10 
      INITRANS 2 
      STORAGE 
      ( 
        INITIAL 65536 
        NEXT 1048576 
        MINEXTENTS 1 
        MAXEXTENTS UNLIMITED 
        FREELISTS 1 
        FREELIST GROUPS 1 
        BUFFER_POOL DEFAULT 
      ) 
      NOPARALLEL 
  )
  ENABLE 
) 
LOGGING 
TABLESPACE SYSTEM 
PCTFREE 10 
PCTUSED 40 
INITRANS 1 
STORAGE 
( 
  INITIAL 65536 
  NEXT 1048576 
  MINEXTENTS 1 
  MAXEXTENTS UNLIMITED 
  FREELISTS 1 
  FREELIST GROUPS 1 
  BUFFER_POOL DEFAULT 
) 
NOPARALLEL;

ALTER TABLE TBL_OPENED_CLASS
ADD CONSTRAINT SYS_C008172 FOREIGN KEY
(
  TRAINER_NO 
)
REFERENCES TBL_MEMBER
(
  MEMBER_NO 
)
ENABLE;

ALTER TABLE TBL_OPENED_CLASS
ADD CONSTRAINT SYS_C008170 CHECK 
("CLASS_APPROVAL"='Y' OR "CLASS_APPROVAL"='N')
ENABLE;

COMMENT ON TABLE TBL_OPENED_CLASS IS '개설수업';
COMMENT ON COLUMN TBL_OPENED_CLASS.CLASS_NO IS '개설수업번호';
COMMENT ON COLUMN TBL_OPENED_CLASS.TRAINER_NO IS '트레이너회원번호';
COMMENT ON COLUMN TBL_OPENED_CLASS.CLASS_NAME IS '수업이름';
COMMENT ON COLUMN TBL_OPENED_CLASS.CLASS_KIND IS '수업유형';
COMMENT ON COLUMN TBL_OPENED_CLASS.CLASS_APPROVAL IS '승인여부';
COMMENT ON COLUMN TBL_OPENED_CLASS.CLASS_STATUS IS '수업상태';
COMMENT ON COLUMN TBL_OPENED_CLASS.CREATED_DATE IS '개설일자';
COMMENT ON COLUMN TBL_OPENED_CLASS.CLASS_CATEGORY IS '수업카테고리';
COMMENT ON COLUMN TBL_OPENED_CLASS.CLASS_INTRO IS '수업소개3가지';
COMMENT ON COLUMN TBL_OPENED_CLASS.CLASS_INTRODUCE IS '개설수업소개';
COMMENT ON COLUMN TBL_OPENED_CLASS.CLASS_COUNT IS '조회수';

-- 개설수업 첨부파일 테이블
CREATE TABLE TBL_CLASS_ATTACHMENT 
(
  CLASS_ATTACHMENT_NO NUMBER NOT NULL 
, REF_CLASS_NO NUMBER NOT NULL 
, ORIGINAL_NAME VARCHAR2(255 BYTE) NOT NULL 
, THUMBNAIL_PATH VARCHAR2(255 BYTE) 
, ATTACHMENT_STATUS VARCHAR2(2 BYTE) DEFAULT 'Y' 
, SAVED_NAME VARCHAR2(300 BYTE) NOT NULL 
, SAVE_PATH VARCHAR2(1000 BYTE) NOT NULL 
, REF_TRAINER_NO NUMBER NOT NULL 
, FILE_TYPE VARCHAR2(20 BYTE) 
, CONSTRAINT SYS_C008179 PRIMARY KEY 
  (
    CLASS_ATTACHMENT_NO 
  )
  USING INDEX 
  (
      CREATE UNIQUE INDEX SYS_C008179 ON TBL_CLASS_ATTACHMENT (CLASS_ATTACHMENT_NO ASC) 
      LOGGING 
      TABLESPACE SYSTEM 
      PCTFREE 10 
      INITRANS 2 
      STORAGE 
      ( 
        INITIAL 65536 
        NEXT 1048576 
        MINEXTENTS 1 
        MAXEXTENTS UNLIMITED 
        FREELISTS 1 
        FREELIST GROUPS 1 
        BUFFER_POOL DEFAULT 
      ) 
      NOPARALLEL 
  )
  ENABLE 
) 
LOGGING 
TABLESPACE SYSTEM 
PCTFREE 10 
PCTUSED 40 
INITRANS 1 
STORAGE 
( 
  INITIAL 65536 
  NEXT 1048576 
  MINEXTENTS 1 
  MAXEXTENTS UNLIMITED 
  FREELISTS 1 
  FREELIST GROUPS 1 
  BUFFER_POOL DEFAULT 
) 
NOPARALLEL;

ALTER TABLE TBL_CLASS_ATTACHMENT
ADD CONSTRAINT SYS_C008178 CHECK 
(ATTACHMENT_STATUS IN ('Y', 'N'))
ENABLE;

ALTER TABLE TBL_CLASS_ATTACHMENT
ADD CONSTRAINT TBL_CLASS_ATTACHMENT_CHK1 CHECK 
(FILE_TYPE IN ('CLASSNAME', 'INTRODUCE'))
ENABLE;

COMMENT ON TABLE TBL_CLASS_ATTACHMENT IS '개설수업첨부파일';
COMMENT ON COLUMN TBL_CLASS_ATTACHMENT.CLASS_ATTACHMENT_NO IS '첨부파일번호';
COMMENT ON COLUMN TBL_CLASS_ATTACHMENT.REF_CLASS_NO IS '수업번호';
COMMENT ON COLUMN TBL_CLASS_ATTACHMENT.ORIGINAL_NAME IS '첨부파일명';
COMMENT ON COLUMN TBL_CLASS_ATTACHMENT.THUMBNAIL_PATH IS '썸네일경로';
COMMENT ON COLUMN TBL_CLASS_ATTACHMENT.ATTACHMENT_STATUS IS '상태';
COMMENT ON COLUMN TBL_CLASS_ATTACHMENT.SAVED_NAME IS '파일저장이름';
COMMENT ON COLUMN TBL_CLASS_ATTACHMENT.SAVE_PATH IS '저장경로';
COMMENT ON COLUMN TBL_CLASS_ATTACHMENT.REF_TRAINER_NO IS '트레이너번호';
COMMENT ON COLUMN TBL_CLASS_ATTACHMENT.FILE_TYPE IS '파일타입';

-- 실시간그룹수업내역 테이블 생성
CREATE TABLE TBL_REALTIME_GROUP_CLASS(
  RGC_MANAGE_NO NUMBER PRIMARY KEY,
  OPENED_CLASS_NO NUMBER REFERENCES TBL_OPENED_CLASS(CLASS_NO),
  EDITION_NO NUMBER NOT NULL,
  CLASS_DATE DATE NOT NULL,
  TOTAL_PARTICIPANTS NUMBER NOT NULL
);
COMMENT ON TABLE TBL_REALTIME_GROUP_CLASS IS '실시간그룹수업내역';
COMMENT ON COLUMN TBL_REALTIME_GROUP_CLASS.RGC_MANAGE_NO IS '관리번호';
COMMENT ON COLUMN TBL_REALTIME_GROUP_CLASS.OPENED_CLASS_NO IS '개설수업번호';
COMMENT ON COLUMN TBL_REALTIME_GROUP_CLASS.EDITION_NO IS '회차';
COMMENT ON COLUMN TBL_REALTIME_GROUP_CLASS.CLASS_DATE IS '수업일자';
COMMENT ON COLUMN TBL_REALTIME_GROUP_CLASS.TOTAL_PARTICIPANTS IS '참여자수';

-- 수업리뷰 테이블 생성
CREATE TABLE TBL_CLASS_REVIEW(
  REVIEW_NO NUMBER PRIMARY KEY,
  OPENED_CLASS_NO NUMBER REFERENCES TBL_OPENED_CLASS(CLASS_NO),
  MEMBER_NO NUMBER REFERENCES TBL_MEMBER(MEMBER_NO),
  REVIEW_BODY VARCHAR2(2000) NOT NULL,
  REVIEW_SOCRE NUMBER NOT NULL,
  REVIEW_ENROLL_DATE DATE NOT NULL,
  REVIEW_REVISION_DATE DATE,
  REVIEW_STATUS VARCHAR2(2) DEFAULT 'Y' CHECK(REVIEW_STATUS IN ('Y', 'N')) NOT NULL
);
COMMENT ON TABLE TBL_CLASS_REVIEW IS '수업리뷰';
COMMENT ON COLUMN TBL_CLASS_REVIEW.REVIEW_NO IS '리뷰번호';
COMMENT ON COLUMN TBL_CLASS_REVIEW.OPENED_CLASS_NO IS '개설수업번호';
COMMENT ON COLUMN TBL_CLASS_REVIEW.MEMBER_NO IS '회원번호';
COMMENT ON COLUMN TBL_CLASS_REVIEW.REVIEW_BODY IS '리뷰내용';
COMMENT ON COLUMN TBL_CLASS_REVIEW.REVIEW_SOCRE IS '평점';
COMMENT ON COLUMN TBL_CLASS_REVIEW.REVIEW_ENROLL_DATE IS '리뷰작성일자';
COMMENT ON COLUMN TBL_CLASS_REVIEW.REVIEW_REVISION_DATE IS '리뷰수정일자';
COMMENT ON COLUMN TBL_CLASS_REVIEW.REVIEW_STATUS IS '리뷰상태';

-- 리뷰 첨부파일 테이블
CREATE TABLE TBL_REVIEW_ATTACHMENT(
  REVIEW_ATTACHMENT_NO NUMBER PRIMARY KEY,
  REF_REVIEW_NO NUMBER REFERENCES TBL_CLASS_REVIEW(REVIEW_NO),
  FILE_PATH VARCHAR2(300) NOT NULL,
  ORIGINAL_NAME VARCHAR2(255) NOT NULL,
  FILE_NAME VARCHAR2(80) NOT NULL,
  THUMBNAIL_PATH VARCHAR2(255),
  UPLOAD_DATE DATE NOT NULL,
  ATTACHMENT_STATUS VARCHAR2(2) DEFAULT 'Y' NOT NULL CHECK(ATTACHMENT_STATUS IN ('Y', 'N'))
);
COMMENT ON TABLE TBL_REVIEW_ATTACHMENT IS '리뷰첨부파일';
COMMENT ON COLUMN TBL_REVIEW_ATTACHMENT.REVIEW_ATTACHMENT_NO IS '첨부파일번호';
COMMENT ON COLUMN TBL_REVIEW_ATTACHMENT.REF_REVIEW_NO IS '리뷰번호';
COMMENT ON COLUMN TBL_REVIEW_ATTACHMENT.FILE_PATH IS '파일경로';
COMMENT ON COLUMN TBL_REVIEW_ATTACHMENT.ORIGINAL_NAME IS '첨부파일명';
COMMENT ON COLUMN TBL_REVIEW_ATTACHMENT.FILE_NAME IS '변환된이름';
COMMENT ON COLUMN TBL_REVIEW_ATTACHMENT.UPLOAD_DATE IS '업로드일시';
COMMENT ON COLUMN TBL_REVIEW_ATTACHMENT.THUMBNAIL_PATH IS '썸네일경로';
COMMENT ON COLUMN TBL_REVIEW_ATTACHMENT.ATTACHMENT_STATUS IS '상태';

-- 그룹수업참여이력 테이블 생성
CREATE TABLE TBL_GROUP_CLASS_PARTICIPATION(
  CLS_PTC_NO NUMBER PRIMARY KEY,
  OPENED_CLASS_NO NUMBER REFERENCES TBL_OPENED_CLASS(CLASS_NO), 
  MEMBER_NO NUMBER REFERENCES TBL_MEMBER(MEMBER_NO),
  PARTICIPATION_DATE DATE NOT NULL,
  PARTICIPATION_TIME NUMBER NOT NULL
);
COMMENT ON TABLE TBL_GROUP_CLASS_PARTICIPATION IS '그룹수업참여이력';
COMMENT ON COLUMN TBL_GROUP_CLASS_PARTICIPATION.CLS_PTC_NO IS '그룹수업참여번호';
COMMENT ON COLUMN TBL_GROUP_CLASS_PARTICIPATION.OPENED_CLASS_NO IS '개설수업번호';
COMMENT ON COLUMN TBL_GROUP_CLASS_PARTICIPATION.MEMBER_NO IS '회원번호';
COMMENT ON COLUMN TBL_GROUP_CLASS_PARTICIPATION.PARTICIPATION_DATE IS '참여일자';
COMMENT ON COLUMN TBL_GROUP_CLASS_PARTICIPATION.PARTICIPATION_TIME IS '참여시간';

-- 회차권이용내역 테이블 생성
CREATE TABLE TBL_VOUCHER_USE(
  OPENED_CLASS_NO NUMBER REFERENCES TBL_OPENED_CLASS(CLASS_NO),
  MEMBER_NO NUMBER REFERENCES TBL_MEMBER(MEMBER_NO),
  USE_DATE DATE NOT NULL,
  CONSTRAINT PK_NMU PRIMARY KEY (OPENED_CLASS_NO, MEMBER_NO, USE_DATE)
);
COMMENT ON TABLE TBL_VOUCHER_USE IS '회차권이용내역';
COMMENT ON COLUMN TBL_VOUCHER_USE.OPENED_CLASS_NO IS '개설수업번호';
COMMENT ON COLUMN TBL_VOUCHER_USE.MEMBER_NO IS '회원번호';
COMMENT ON COLUMN TBL_VOUCHER_USE.USE_DATE IS '이용일자';

-- 실시간 그룹참여자 테이블 생성
CREATE TABLE TBL_REALTIME_GROUP_PARTICIPANT(
  RGC_MANAGE_NO NUMBER REFERENCES TBL_REALTIME_GROUP_CLASS(RGC_MANAGE_NO),
  MEMBER_NO NUMBER REFERENCES TBL_MEMBER(MEMBER_NO)
);
COMMENT ON TABLE TBL_REALTIME_GROUP_PARTICIPANT IS '실시간그룹참여자';
COMMENT ON COLUMN TBL_REALTIME_GROUP_PARTICIPANT.RGC_MANAGE_NO IS '관리번호';
COMMENT ON COLUMN TBL_REALTIME_GROUP_PARTICIPANT.MEMBER_NO IS '회원번호';

-- 트레이너피티 승인 내역 테이블 생성
CREATE TABLE TBL_TRAINER_PT_PERMIT(
  PERMIT_NO NUMBER PRIMARY KEY,
  TRAINER_NO NUMBER REFERENCES TBL_MEMBER(MEMBER_NO),
  MEMBER_NO NUMBER REFERENCES TBL_MEMBER(MEMBER_NO),
  APPLY_DATE DATE DEFAULT SYSDATE NOT NULL,
  PERMIT_YN VARCHAR2(30) DEFAULT 'N' CHECK(PERMIT_YN IN ('Y', 'N')) NOT NULL,
  PERMIT_DATE DATE
);
COMMENT ON TABLE TBL_TRAINER_PT_PERMIT IS '트레이너피티승인내역';
COMMENT ON COLUMN TBL_TRAINER_PT_PERMIT.PERMIT_NO IS '승인내역번호';
COMMENT ON COLUMN TBL_TRAINER_PT_PERMIT.TRAINER_NO IS '트레이너번호';
COMMENT ON COLUMN TBL_TRAINER_PT_PERMIT.MEMBER_NO IS '회원번호';
COMMENT ON COLUMN TBL_TRAINER_PT_PERMIT.APPLY_DATE IS '신청일자';
COMMENT ON COLUMN TBL_TRAINER_PT_PERMIT.PERMIT_YN IS '승인여부';
COMMENT ON COLUMN TBL_TRAINER_PT_PERMIT.PERMIT_DATE IS '승인날짜';

-- 멤버쉽 상품 테이블 생성
CREATE TABLE TBL_MEMBERSHIP_PRODUCT(
  PRODUCT_CODE VARCHAR2(30) PRIMARY KEY NOT NULL,
  PRODUCT_NAME VARCHAR2(70) NOT NULL,
  PRODUCT_PRICE NUMBER NOT NULL
);
COMMENT ON TABLE TBL_MEMBERSHIP_PRODUCT IS '멤버쉽상품';
COMMENT ON COLUMN TBL_MEMBERSHIP_PRODUCT.PRODUCT_CODE IS '상품코드';
COMMENT ON COLUMN TBL_MEMBERSHIP_PRODUCT.PRODUCT_NAME IS '상품명';
COMMENT ON COLUMN TBL_MEMBERSHIP_PRODUCT.PRODUCT_PRICE IS '상품가격';

-- 인서트
INSERT INTO TBL_MEMBERSHIP_PRODUCT
( PRODUCT_CODE, PRODUCT_NAME, PRODUCT_PRICE ) VALUES
( 'MEM_1', '멤버쉽 1개월', 30000 );
INSERT INTO TBL_MEMBERSHIP_PRODUCT
( PRODUCT_CODE, PRODUCT_NAME, PRODUCT_PRICE ) VALUES
( 'MEM_3', '멤버쉽 3개월', 90000 );
INSERT INTO TBL_MEMBERSHIP_PRODUCT
( PRODUCT_CODE, PRODUCT_NAME, PRODUCT_PRICE ) VALUES
( 'MEM_6', '멤버쉽 6개월', 180000 );
INSERT INTO TBL_MEMBERSHIP_PRODUCT
( PRODUCT_CODE, PRODUCT_NAME, PRODUCT_PRICE ) VALUES
( 'PT_1', 'PT 1회', 15000 );
INSERT INTO TBL_MEMBERSHIP_PRODUCT
( PRODUCT_CODE, PRODUCT_NAME, PRODUCT_PRICE ) VALUES
( 'PT_5', 'PT 5회', 75000 );
INSERT INTO TBL_MEMBERSHIP_PRODUCT
( PRODUCT_CODE, PRODUCT_NAME, PRODUCT_PRICE ) VALUES
( 'PT_10', 'PT 10회', 150000 );
COMMIT;

-- 회원별상품결제정보 테이블 생성
CREATE TABLE TBL_PURCHASE_PRODUCT(
  PURCHASE_CODE VARCHAR2(30) PRIMARY KEY,
  MEMBER_NO NUMBER REFERENCES TBL_MEMBER(MEMBER_NO),
  PRODUCT_CODE VARCHAR2(30) REFERENCES TBL_MEMBERSHIP_PRODUCT(PRODUCT_CODE),
  PURCHASE_PRICE NUMBER NOT NULL,
  PURCHASE_DATE DATE NOT NULL,
  PURCHASE_PERMIT_NO NUMBER NOT NULL,
  PURCHASE_STATUS VARCHAR2(50) NOT NULL CHECK(PURCHASE_STATUS IN ('완료', '환불'))
);
COMMENT ON TABLE TBL_PURCHASE_PRODUCT IS '회원별상품결제정보';
COMMENT ON COLUMN TBL_PURCHASE_PRODUCT.PURCHASE_CODE IS '결제코드';
COMMENT ON COLUMN TBL_PURCHASE_PRODUCT.MEMBER_NO IS '회원번호';
COMMENT ON COLUMN TBL_PURCHASE_PRODUCT.PRODUCT_CODE IS '상품코드';
COMMENT ON COLUMN TBL_PURCHASE_PRODUCT.PURCHASE_PRICE IS '결제금액';
COMMENT ON COLUMN TBL_PURCHASE_PRODUCT.PURCHASE_DATE IS '결제일자';
COMMENT ON COLUMN TBL_PURCHASE_PRODUCT.PURCHASE_PERMIT_NO IS '결제승인번호';
COMMENT ON COLUMN TBL_PURCHASE_PRODUCT.PURCHASE_STATUS IS '결제상태';

-- 매출 내역 테이블 생성
CREATE TABLE TBL_SALES(
  PURCHASE_CODE VARCHAR2(30) REFERENCES TBL_PURCHASE_PRODUCT(PURCHASE_CODE),
  PURCHASE_SORT VARCHAR2(30) NOT NULL,
  SALES NUMBER NOT NULL,
  PRODUCT VARCHAR2(100) NOT NULL
);
COMMENT ON TABLE TBL_SALES IS '매출내역';
COMMENT ON COLUMN TBL_SALES.PURCHASE_CODE IS '결제코드';
COMMENT ON COLUMN TBL_SALES.PURCHASE_SORT IS '결제구분';
COMMENT ON COLUMN TBL_SALES.SALES IS '매출내역';
COMMENT ON COLUMN TBL_SALES.PRODUCT IS '상품내역';

-- 결제 상태 변경 이력 테이블 생성
CREATE TABLE TBL_PURCHASE_STATUS_CHANGE(
  PURCHASE_STATUS_CHANGE_NO NUMBER PRIMARY KEY,
  PURCHASE_CODE VARCHAR2(30) REFERENCES TBL_PURCHASE_PRODUCT(PURCHASE_CODE),
  BEFORE_CHANGE_STATUS VARCHAR2(50),
  AFTER_CHANGE_STATUS VARCHAR2(50),
  HAPPENED_DATE DATE NOT NULL
);
COMMENT ON TABLE TBL_PURCHASE_STATUS_CHANGE IS '결제상태변경이력';
COMMENT ON COLUMN TBL_PURCHASE_STATUS_CHANGE.PURCHASE_STATUS_CHANGE_NO IS '결제상태변경이력번호';
COMMENT ON COLUMN TBL_PURCHASE_STATUS_CHANGE.PURCHASE_CODE IS '결제코드';
COMMENT ON COLUMN TBL_PURCHASE_STATUS_CHANGE.BEFORE_CHANGE_STATUS IS '변경전상태';
COMMENT ON COLUMN TBL_PURCHASE_STATUS_CHANGE.AFTER_CHANGE_STATUS IS '변경후상태';
COMMENT ON COLUMN TBL_PURCHASE_STATUS_CHANGE.HAPPENED_DATE IS '이력발생일자';

-- 회원별멤버쉽상품구매이력 테이블 생성
CREATE TABLE TBL_PURCHASE_MEMBERSHIP(
  PURCHASE_RECORD_NO NUMBER PRIMARY KEY,
  MEMBER_NO NUMBER REFERENCES TBL_MEMBER(MEMBER_NO),
  PRODUCT_CODE VARCHAR2(30) REFERENCES TBL_MEMBERSHIP_PRODUCT(PRODUCT_CODE),
  PURCHASE_DATE DATE NOT NULL
);
COMMENT ON TABLE TBL_PURCHASE_MEMBERSHIP IS '회원별멤버쉽상품구매이력';
COMMENT ON COLUMN TBL_PURCHASE_MEMBERSHIP.PURCHASE_RECORD_NO IS '구매이력번호';
COMMENT ON COLUMN TBL_PURCHASE_MEMBERSHIP.MEMBER_NO IS '회원번호';
COMMENT ON COLUMN TBL_PURCHASE_MEMBERSHIP.PRODUCT_CODE IS '상품코드';
COMMENT ON COLUMN TBL_PURCHASE_MEMBERSHIP.PURCHASE_DATE IS '구매일자';

-- 환불내역 테이블 생성
CREATE TABLE TBL_REFUND(
  REFUND_NO NUMBER PRIMARY KEY,
  PURCHASE_CODE VARCHAR2(30) REFERENCES TBL_PURCHASE_PRODUCT(PURCHASE_CODE),
  PURCHASE_RECORD_NO NUMBER REFERENCES TBL_PURCHASE_MEMBERSHIP(PURCHASE_RECORD_NO),
  PURCHASE_STATUS_CHANGE_NO REFERENCES TBL_PURCHASE_STATUS_CHANGE(PURCHASE_STATUS_CHANGE_NO),
  REFUND_DATE DATE NOT NULL,
  REFUND_PRICE NUMBER NOT NULL
);
COMMENT ON TABLE TBL_REFUND IS '환불내역';
COMMENT ON COLUMN TBL_REFUND.REFUND_NO IS '환불내역번호';
COMMENT ON COLUMN TBL_REFUND.PURCHASE_CODE IS '결제코드';
COMMENT ON COLUMN TBL_REFUND.PURCHASE_RECORD_NO IS '구매이력번호';
COMMENT ON COLUMN TBL_REFUND.PURCHASE_STATUS_CHANGE_NO IS '결제상태변경이력번호';
COMMENT ON COLUMN TBL_REFUND.REFUND_DATE IS '환불일자';
COMMENT ON COLUMN TBL_REFUND.REFUND_PRICE IS '환불금액';
--결제정보들 테스트 데이터 인서트
-- 회원별상품결제정보(1,3,6, 1,5,10)
INSERT INTO TBL_PURCHASE_PRODUCT
( PURCHASE_CODE, MEMBER_NO, PRODUCT_CODE, PURCHASE_PRICE, PURCHASE_DATE, PURCHASE_PERMIT_NO, PURCHASE_STATUS ) VALUES
( 'MON123', 2, 'MEM_6', 180000, SYSDATE, 1, '완료' );
INSERT INTO TBL_PURCHASE_PRODUCT
( PURCHASE_CODE, MEMBER_NO, PRODUCT_CODE, PURCHASE_PRICE, PURCHASE_DATE, PURCHASE_PERMIT_NO, PURCHASE_STATUS ) VALUES
( 'MON124', 2, 'MEM_6', 180000, SYSDATE, 2, '완료' );
INSERT INTO TBL_PURCHASE_PRODUCT
( PURCHASE_CODE, MEMBER_NO, PRODUCT_CODE, PURCHASE_PRICE, PURCHASE_DATE, PURCHASE_PERMIT_NO, PURCHASE_STATUS ) VALUES
( 'ONO123', 2, 'PT_10', 150000, SYSDATE, 3, '완료' );
INSERT INTO TBL_PURCHASE_PRODUCT
( PURCHASE_CODE, MEMBER_NO, PRODUCT_CODE, PURCHASE_PRICE, PURCHASE_DATE, PURCHASE_PERMIT_NO, PURCHASE_STATUS ) VALUES
( 'ONO124', 2, 'PT_10', 150000, SYSDATE, 4, '완료' );

INSERT INTO TBL_PURCHASE_PRODUCT
( PURCHASE_CODE, MEMBER_NO, PRODUCT_CODE, PURCHASE_PRICE, PURCHASE_DATE, PURCHASE_PERMIT_NO, PURCHASE_STATUS ) VALUES
( 'MON125', 3, 'MEM_6', 180000, SYSDATE, 5, '완료' );
INSERT INTO TBL_PURCHASE_PRODUCT
( PURCHASE_CODE, MEMBER_NO, PRODUCT_CODE, PURCHASE_PRICE, PURCHASE_DATE, PURCHASE_PERMIT_NO, PURCHASE_STATUS ) VALUES
( 'MON126', 3, 'MEM_6', 180000, SYSDATE, 6, '완료' );
INSERT INTO TBL_PURCHASE_PRODUCT
( PURCHASE_CODE, MEMBER_NO, PRODUCT_CODE, PURCHASE_PRICE, PURCHASE_DATE, PURCHASE_PERMIT_NO, PURCHASE_STATUS ) VALUES
( 'ONO125', 3, 'PT_10', 150000, SYSDATE, 7, '완료' );
INSERT INTO TBL_PURCHASE_PRODUCT
( PURCHASE_CODE, MEMBER_NO, PRODUCT_CODE, PURCHASE_PRICE, PURCHASE_DATE, PURCHASE_PERMIT_NO, PURCHASE_STATUS ) VALUES
( 'ONO126', 3, 'PT_10', 150000, SYSDATE, 8, '완료' );

INSERT INTO TBL_PURCHASE_PRODUCT
( PURCHASE_CODE, MEMBER_NO, PRODUCT_CODE, PURCHASE_PRICE, PURCHASE_DATE, PURCHASE_PERMIT_NO, PURCHASE_STATUS ) VALUES
( 'MON127', 4, 'MEM_6', 180000, SYSDATE, 9, '완료' );
INSERT INTO TBL_PURCHASE_PRODUCT
( PURCHASE_CODE, MEMBER_NO, PRODUCT_CODE, PURCHASE_PRICE, PURCHASE_DATE, PURCHASE_PERMIT_NO, PURCHASE_STATUS ) VALUES
( 'MON128', 4, 'MEM_6', 180000, SYSDATE, 10, '완료' );
INSERT INTO TBL_PURCHASE_PRODUCT
( PURCHASE_CODE, MEMBER_NO, PRODUCT_CODE, PURCHASE_PRICE, PURCHASE_DATE, PURCHASE_PERMIT_NO, PURCHASE_STATUS ) VALUES
( 'ONO127', 4, 'PT_10', 150000, SYSDATE, 11, '완료' );
INSERT INTO TBL_PURCHASE_PRODUCT
( PURCHASE_CODE, MEMBER_NO, PRODUCT_CODE, PURCHASE_PRICE, PURCHASE_DATE, PURCHASE_PERMIT_NO, PURCHASE_STATUS ) VALUES
( 'ONO128', 4, 'PT_10', 150000, SYSDATE, 12, '완료' );

INSERT INTO TBL_PURCHASE_PRODUCT
( PURCHASE_CODE, MEMBER_NO, PRODUCT_CODE, PURCHASE_PRICE, PURCHASE_DATE, PURCHASE_PERMIT_NO, PURCHASE_STATUS ) VALUES
( 'MON129', 5, 'MEM_6', 180000, SYSDATE, 13, '완료' );
INSERT INTO TBL_PURCHASE_PRODUCT
( PURCHASE_CODE, MEMBER_NO, PRODUCT_CODE, PURCHASE_PRICE, PURCHASE_DATE, PURCHASE_PERMIT_NO, PURCHASE_STATUS ) VALUES
( 'MON130', 5, 'MEM_6', 180000, SYSDATE, 14, '완료' );
INSERT INTO TBL_PURCHASE_PRODUCT
( PURCHASE_CODE, MEMBER_NO, PRODUCT_CODE, PURCHASE_PRICE, PURCHASE_DATE, PURCHASE_PERMIT_NO, PURCHASE_STATUS ) VALUES
( 'ONO129', 5, 'PT_10', 150000, SYSDATE, 15, '완료' );
INSERT INTO TBL_PURCHASE_PRODUCT
( PURCHASE_CODE, MEMBER_NO, PRODUCT_CODE, PURCHASE_PRICE, PURCHASE_DATE, PURCHASE_PERMIT_NO, PURCHASE_STATUS ) VALUES
( 'ONO130', 5, 'PT_10', 150000, SYSDATE, 16, '완료' );

INSERT INTO TBL_PURCHASE_PRODUCT
( PURCHASE_CODE, MEMBER_NO, PRODUCT_CODE, PURCHASE_PRICE, PURCHASE_DATE, PURCHASE_PERMIT_NO, PURCHASE_STATUS ) VALUES
( 'MON131', 6, 'MEM_6', 180000, SYSDATE, 17, '완료' );
INSERT INTO TBL_PURCHASE_PRODUCT
( PURCHASE_CODE, MEMBER_NO, PRODUCT_CODE, PURCHASE_PRICE, PURCHASE_DATE, PURCHASE_PERMIT_NO, PURCHASE_STATUS ) VALUES
( 'MON132', 6, 'MEM_6', 180000, SYSDATE, 18, '완료' );
INSERT INTO TBL_PURCHASE_PRODUCT
( PURCHASE_CODE, MEMBER_NO, PRODUCT_CODE, PURCHASE_PRICE, PURCHASE_DATE, PURCHASE_PERMIT_NO, PURCHASE_STATUS ) VALUES
( 'ONO131', 6, 'PT_10', 150000, SYSDATE, 19, '완료' );
INSERT INTO TBL_PURCHASE_PRODUCT
( PURCHASE_CODE, MEMBER_NO, PRODUCT_CODE, PURCHASE_PRICE, PURCHASE_DATE, PURCHASE_PERMIT_NO, PURCHASE_STATUS ) VALUES
( 'ONO132', 6, 'PT_10', 150000, SYSDATE, 20, '완료' );

INSERT INTO TBL_PURCHASE_PRODUCT
( PURCHASE_CODE, MEMBER_NO, PRODUCT_CODE, PURCHASE_PRICE, PURCHASE_DATE, PURCHASE_PERMIT_NO, PURCHASE_STATUS ) VALUES
( 'MON133', 7, 'MEM_6', 180000, SYSDATE, 21, '완료' );
INSERT INTO TBL_PURCHASE_PRODUCT
( PURCHASE_CODE, MEMBER_NO, PRODUCT_CODE, PURCHASE_PRICE, PURCHASE_DATE, PURCHASE_PERMIT_NO, PURCHASE_STATUS ) VALUES
( 'MON134', 7, 'MEM_6', 180000, SYSDATE, 22, '완료' );
INSERT INTO TBL_PURCHASE_PRODUCT
( PURCHASE_CODE, MEMBER_NO, PRODUCT_CODE, PURCHASE_PRICE, PURCHASE_DATE, PURCHASE_PERMIT_NO, PURCHASE_STATUS ) VALUES
( 'ONO133', 7, 'PT_10', 150000, SYSDATE, 23, '완료' );
INSERT INTO TBL_PURCHASE_PRODUCT
( PURCHASE_CODE, MEMBER_NO, PRODUCT_CODE, PURCHASE_PRICE, PURCHASE_DATE, PURCHASE_PERMIT_NO, PURCHASE_STATUS ) VALUES
( 'ONO134', 7, 'PT_10', 150000, SYSDATE, 24, '완료' );

INSERT INTO TBL_PURCHASE_PRODUCT
( PURCHASE_CODE, MEMBER_NO, PRODUCT_CODE, PURCHASE_PRICE, PURCHASE_DATE, PURCHASE_PERMIT_NO, PURCHASE_STATUS ) VALUES
( 'MON135', 8, 'MEM_6', 180000, SYSDATE, 25, '완료' );
INSERT INTO TBL_PURCHASE_PRODUCT
( PURCHASE_CODE, MEMBER_NO, PRODUCT_CODE, PURCHASE_PRICE, PURCHASE_DATE, PURCHASE_PERMIT_NO, PURCHASE_STATUS ) VALUES
( 'MON136', 8, 'MEM_6', 180000, SYSDATE, 26, '완료' );
INSERT INTO TBL_PURCHASE_PRODUCT
( PURCHASE_CODE, MEMBER_NO, PRODUCT_CODE, PURCHASE_PRICE, PURCHASE_DATE, PURCHASE_PERMIT_NO, PURCHASE_STATUS ) VALUES
( 'ONO135', 8, 'PT_10', 150000, SYSDATE, 27, '완료' );
INSERT INTO TBL_PURCHASE_PRODUCT
( PURCHASE_CODE, MEMBER_NO, PRODUCT_CODE, PURCHASE_PRICE, PURCHASE_DATE, PURCHASE_PERMIT_NO, PURCHASE_STATUS ) VALUES
( 'ONO136', 8, 'PT_10', 150000, SYSDATE, 28, '완료' );

INSERT INTO TBL_PURCHASE_PRODUCT
( PURCHASE_CODE, MEMBER_NO, PRODUCT_CODE, PURCHASE_PRICE, PURCHASE_DATE, PURCHASE_PERMIT_NO, PURCHASE_STATUS ) VALUES
( 'MON137', 9, 'MEM_6', 180000, SYSDATE, 29, '완료' );
INSERT INTO TBL_PURCHASE_PRODUCT
( PURCHASE_CODE, MEMBER_NO, PRODUCT_CODE, PURCHASE_PRICE, PURCHASE_DATE, PURCHASE_PERMIT_NO, PURCHASE_STATUS ) VALUES
( 'MON138', 9, 'MEM_6', 180000, SYSDATE, 30, '완료' );
INSERT INTO TBL_PURCHASE_PRODUCT
( PURCHASE_CODE, MEMBER_NO, PRODUCT_CODE, PURCHASE_PRICE, PURCHASE_DATE, PURCHASE_PERMIT_NO, PURCHASE_STATUS ) VALUES
( 'ONO137', 9, 'PT_10', 150000, SYSDATE, 31, '완료' );
INSERT INTO TBL_PURCHASE_PRODUCT
( PURCHASE_CODE, MEMBER_NO, PRODUCT_CODE, PURCHASE_PRICE, PURCHASE_DATE, PURCHASE_PERMIT_NO, PURCHASE_STATUS ) VALUES
( 'ONO138', 9, 'PT_10', 150000, SYSDATE, 32, '완료' );

INSERT INTO TBL_PURCHASE_PRODUCT
( PURCHASE_CODE, MEMBER_NO, PRODUCT_CODE, PURCHASE_PRICE, PURCHASE_DATE, PURCHASE_PERMIT_NO, PURCHASE_STATUS ) VALUES
( 'MON139', 10, 'MEM_6', 180000, SYSDATE, 33, '완료' );
INSERT INTO TBL_PURCHASE_PRODUCT
( PURCHASE_CODE, MEMBER_NO, PRODUCT_CODE, PURCHASE_PRICE, PURCHASE_DATE, PURCHASE_PERMIT_NO, PURCHASE_STATUS ) VALUES
( 'MON140', 10, 'MEM_6', 180000, SYSDATE, 34, '완료' );
INSERT INTO TBL_PURCHASE_PRODUCT
( PURCHASE_CODE, MEMBER_NO, PRODUCT_CODE, PURCHASE_PRICE, PURCHASE_DATE, PURCHASE_PERMIT_NO, PURCHASE_STATUS ) VALUES
( 'ONO139', 10, 'PT_10', 150000, SYSDATE, 35, '완료' );
INSERT INTO TBL_PURCHASE_PRODUCT
( PURCHASE_CODE, MEMBER_NO, PRODUCT_CODE, PURCHASE_PRICE, PURCHASE_DATE, PURCHASE_PERMIT_NO, PURCHASE_STATUS ) VALUES
( 'ONO140', 10, 'PT_10', 150000, SYSDATE, 36, '완료' );

INSERT INTO TBL_PURCHASE_PRODUCT
( PURCHASE_CODE, MEMBER_NO, PRODUCT_CODE, PURCHASE_PRICE, PURCHASE_DATE, PURCHASE_PERMIT_NO, PURCHASE_STATUS ) VALUES
( 'MON141', 11, 'MEM_6', 180000, SYSDATE, 37, '완료' );
INSERT INTO TBL_PURCHASE_PRODUCT
( PURCHASE_CODE, MEMBER_NO, PRODUCT_CODE, PURCHASE_PRICE, PURCHASE_DATE, PURCHASE_PERMIT_NO, PURCHASE_STATUS ) VALUES
( 'MON142', 11, 'MEM_6', 180000, SYSDATE, 38, '완료' );
INSERT INTO TBL_PURCHASE_PRODUCT
( PURCHASE_CODE, MEMBER_NO, PRODUCT_CODE, PURCHASE_PRICE, PURCHASE_DATE, PURCHASE_PERMIT_NO, PURCHASE_STATUS ) VALUES
( 'ONO141', 11, 'PT_10', 150000, SYSDATE, 39, '완료' );
INSERT INTO TBL_PURCHASE_PRODUCT
( PURCHASE_CODE, MEMBER_NO, PRODUCT_CODE, PURCHASE_PRICE, PURCHASE_DATE, PURCHASE_PERMIT_NO, PURCHASE_STATUS ) VALUES
( 'ONO142', 11, 'PT_10', 150000, SYSDATE, 40, '완료' );

INSERT INTO TBL_PURCHASE_PRODUCT
( PURCHASE_CODE, MEMBER_NO, PRODUCT_CODE, PURCHASE_PRICE, PURCHASE_DATE, PURCHASE_PERMIT_NO, PURCHASE_STATUS ) VALUES
( 'MON143', 12, 'MEM_6', 180000, SYSDATE, 41, '완료' );
INSERT INTO TBL_PURCHASE_PRODUCT
( PURCHASE_CODE, MEMBER_NO, PRODUCT_CODE, PURCHASE_PRICE, PURCHASE_DATE, PURCHASE_PERMIT_NO, PURCHASE_STATUS ) VALUES
( 'MON144', 12, 'MEM_6', 180000, SYSDATE, 42, '완료' );
INSERT INTO TBL_PURCHASE_PRODUCT
( PURCHASE_CODE, MEMBER_NO, PRODUCT_CODE, PURCHASE_PRICE, PURCHASE_DATE, PURCHASE_PERMIT_NO, PURCHASE_STATUS ) VALUES
( 'ONO143', 12, 'PT_10', 150000, SYSDATE, 43, '완료' );
INSERT INTO TBL_PURCHASE_PRODUCT
( PURCHASE_CODE, MEMBER_NO, PRODUCT_CODE, PURCHASE_PRICE, PURCHASE_DATE, PURCHASE_PERMIT_NO, PURCHASE_STATUS ) VALUES
( 'ONO144', 12, 'PT_10', 150000, SYSDATE, 44, '완료' );

INSERT INTO TBL_PURCHASE_PRODUCT
( PURCHASE_CODE, MEMBER_NO, PRODUCT_CODE, PURCHASE_PRICE, PURCHASE_DATE, PURCHASE_PERMIT_NO, PURCHASE_STATUS ) VALUES
( 'MON145', 13, 'MEM_6', 180000, SYSDATE, 45, '완료' );
INSERT INTO TBL_PURCHASE_PRODUCT
( PURCHASE_CODE, MEMBER_NO, PRODUCT_CODE, PURCHASE_PRICE, PURCHASE_DATE, PURCHASE_PERMIT_NO, PURCHASE_STATUS ) VALUES
( 'MON146', 13, 'MEM_6', 180000, SYSDATE, 46, '완료' );
INSERT INTO TBL_PURCHASE_PRODUCT
( PURCHASE_CODE, MEMBER_NO, PRODUCT_CODE, PURCHASE_PRICE, PURCHASE_DATE, PURCHASE_PERMIT_NO, PURCHASE_STATUS ) VALUES
( 'ONO145', 13, 'PT_10', 150000, SYSDATE, 47, '완료' );
INSERT INTO TBL_PURCHASE_PRODUCT
( PURCHASE_CODE, MEMBER_NO, PRODUCT_CODE, PURCHASE_PRICE, PURCHASE_DATE, PURCHASE_PERMIT_NO, PURCHASE_STATUS ) VALUES
( 'ONO146', 13, 'PT_10', 150000, SYSDATE, 48, '완료' );

INSERT INTO TBL_PURCHASE_PRODUCT
( PURCHASE_CODE, MEMBER_NO, PRODUCT_CODE, PURCHASE_PRICE, PURCHASE_DATE, PURCHASE_PERMIT_NO, PURCHASE_STATUS ) VALUES
( 'MON147', 14, 'MEM_6', 180000, SYSDATE, 49, '완료' );
INSERT INTO TBL_PURCHASE_PRODUCT
( PURCHASE_CODE, MEMBER_NO, PRODUCT_CODE, PURCHASE_PRICE, PURCHASE_DATE, PURCHASE_PERMIT_NO, PURCHASE_STATUS ) VALUES
( 'MON148', 14, 'MEM_6', 180000, SYSDATE, 50, '완료' );
INSERT INTO TBL_PURCHASE_PRODUCT
( PURCHASE_CODE, MEMBER_NO, PRODUCT_CODE, PURCHASE_PRICE, PURCHASE_DATE, PURCHASE_PERMIT_NO, PURCHASE_STATUS ) VALUES
( 'ONO147', 14, 'PT_10', 150000, SYSDATE, 51, '완료' );
INSERT INTO TBL_PURCHASE_PRODUCT
( PURCHASE_CODE, MEMBER_NO, PRODUCT_CODE, PURCHASE_PRICE, PURCHASE_DATE, PURCHASE_PERMIT_NO, PURCHASE_STATUS ) VALUES
( 'ONO148', 14, 'PT_10', 150000, SYSDATE, 52, '완료' );

INSERT INTO TBL_PURCHASE_PRODUCT
( PURCHASE_CODE, MEMBER_NO, PRODUCT_CODE, PURCHASE_PRICE, PURCHASE_DATE, PURCHASE_PERMIT_NO, PURCHASE_STATUS ) VALUES
( 'MON149', 15, 'MEM_6', 180000, SYSDATE, 53, '완료' );
INSERT INTO TBL_PURCHASE_PRODUCT
( PURCHASE_CODE, MEMBER_NO, PRODUCT_CODE, PURCHASE_PRICE, PURCHASE_DATE, PURCHASE_PERMIT_NO, PURCHASE_STATUS ) VALUES
( 'MON150', 15, 'MEM_6', 180000, SYSDATE, 54, '완료' );
INSERT INTO TBL_PURCHASE_PRODUCT
( PURCHASE_CODE, MEMBER_NO, PRODUCT_CODE, PURCHASE_PRICE, PURCHASE_DATE, PURCHASE_PERMIT_NO, PURCHASE_STATUS ) VALUES
( 'ONO149', 15, 'PT_10', 150000, SYSDATE, 55, '완료' );
INSERT INTO TBL_PURCHASE_PRODUCT
( PURCHASE_CODE, MEMBER_NO, PRODUCT_CODE, PURCHASE_PRICE, PURCHASE_DATE, PURCHASE_PERMIT_NO, PURCHASE_STATUS ) VALUES
( 'ONO150', 15, 'PT_10', 150000, SYSDATE, 56, '완료' );
COMMIT;
-- 매출내역
INSERT INTO TBL_SALES
(PURCHASE_CODE, PURCHASE_SORT, SALES, PRODUCT) VALUES
('MON123', '카드', 180000, 'MEM_6');
INSERT INTO TBL_SALES
(PURCHASE_CODE, PURCHASE_SORT, SALES, PRODUCT) VALUES
('MON124', '카드', 180000, 'MEM_6');
INSERT INTO TBL_SALES
(PURCHASE_CODE, PURCHASE_SORT, SALES, PRODUCT) VALUES
('ONO123', '카드', 150000, 'PT_10');
INSERT INTO TBL_SALES
(PURCHASE_CODE, PURCHASE_SORT, SALES, PRODUCT) VALUES
('ONO124', '카드', 150000, 'PT_10');

INSERT INTO TBL_SALES
(PURCHASE_CODE, PURCHASE_SORT, SALES, PRODUCT) VALUES
('MON125', '카드', 180000, 'MEM_6');
INSERT INTO TBL_SALES
(PURCHASE_CODE, PURCHASE_SORT, SALES, PRODUCT) VALUES
('MON126', '카드', 180000, 'MEM_6');
INSERT INTO TBL_SALES
(PURCHASE_CODE, PURCHASE_SORT, SALES, PRODUCT) VALUES
('ONO125', '카드', 150000, 'PT_10');
INSERT INTO TBL_SALES
(PURCHASE_CODE, PURCHASE_SORT, SALES, PRODUCT) VALUES
('ONO126', '카드', 150000, 'PT_10');

INSERT INTO TBL_SALES
(PURCHASE_CODE, PURCHASE_SORT, SALES, PRODUCT) VALUES
('MON127', '카드', 180000, 'MEM_6');
INSERT INTO TBL_SALES
(PURCHASE_CODE, PURCHASE_SORT, SALES, PRODUCT) VALUES
('MON128', '카드', 180000, 'MEM_6');
INSERT INTO TBL_SALES
(PURCHASE_CODE, PURCHASE_SORT, SALES, PRODUCT) VALUES
('ONO127', '카드', 150000, 'PT_10');
INSERT INTO TBL_SALES
(PURCHASE_CODE, PURCHASE_SORT, SALES, PRODUCT) VALUES
('ONO128', '카드', 150000, 'PT_10');

INSERT INTO TBL_SALES
(PURCHASE_CODE, PURCHASE_SORT, SALES, PRODUCT) VALUES
('MON129', '카드', 180000, 'MEM_6');
INSERT INTO TBL_SALES
(PURCHASE_CODE, PURCHASE_SORT, SALES, PRODUCT) VALUES
('MON130', '카드', 180000, 'MEM_6');
INSERT INTO TBL_SALES
(PURCHASE_CODE, PURCHASE_SORT, SALES, PRODUCT) VALUES
('ONO129', '카드', 150000, 'PT_10');
INSERT INTO TBL_SALES
(PURCHASE_CODE, PURCHASE_SORT, SALES, PRODUCT) VALUES
('ONO130', '카드', 150000, 'PT_10');

INSERT INTO TBL_SALES
(PURCHASE_CODE, PURCHASE_SORT, SALES, PRODUCT) VALUES
('MON131', '카드', 180000, 'MEM_6');
INSERT INTO TBL_SALES
(PURCHASE_CODE, PURCHASE_SORT, SALES, PRODUCT) VALUES
('MON132', '카드', 180000, 'MEM_6');
INSERT INTO TBL_SALES
(PURCHASE_CODE, PURCHASE_SORT, SALES, PRODUCT) VALUES
('ONO131', '카드', 150000, 'PT_10');
INSERT INTO TBL_SALES
(PURCHASE_CODE, PURCHASE_SORT, SALES, PRODUCT) VALUES
('ONO132', '카드', 150000, 'PT_10');

INSERT INTO TBL_SALES
(PURCHASE_CODE, PURCHASE_SORT, SALES, PRODUCT) VALUES
('MON133', '카드', 180000, 'MEM_6');
INSERT INTO TBL_SALES
(PURCHASE_CODE, PURCHASE_SORT, SALES, PRODUCT) VALUES
('MON134', '카드', 180000, 'MEM_6');
INSERT INTO TBL_SALES
(PURCHASE_CODE, PURCHASE_SORT, SALES, PRODUCT) VALUES
('ONO133', '카드', 150000, 'PT_10');
INSERT INTO TBL_SALES
(PURCHASE_CODE, PURCHASE_SORT, SALES, PRODUCT) VALUES
('ONO134', '카드', 150000, 'PT_10');

INSERT INTO TBL_SALES
(PURCHASE_CODE, PURCHASE_SORT, SALES, PRODUCT) VALUES
('MON135', '카드', 180000, 'MEM_6');
INSERT INTO TBL_SALES
(PURCHASE_CODE, PURCHASE_SORT, SALES, PRODUCT) VALUES
('MON136', '카드', 180000, 'MEM_6');
INSERT INTO TBL_SALES
(PURCHASE_CODE, PURCHASE_SORT, SALES, PRODUCT) VALUES
('ONO135', '카드', 150000, 'PT_10');
INSERT INTO TBL_SALES
(PURCHASE_CODE, PURCHASE_SORT, SALES, PRODUCT) VALUES
('ONO136', '카드', 150000, 'PT_10');

INSERT INTO TBL_SALES
(PURCHASE_CODE, PURCHASE_SORT, SALES, PRODUCT) VALUES
('MON137', '카드', 180000, 'MEM_6');
INSERT INTO TBL_SALES
(PURCHASE_CODE, PURCHASE_SORT, SALES, PRODUCT) VALUES
('MON138', '카드', 180000, 'MEM_6');
INSERT INTO TBL_SALES
(PURCHASE_CODE, PURCHASE_SORT, SALES, PRODUCT) VALUES
('ONO137', '카드', 150000, 'PT_10');
INSERT INTO TBL_SALES
(PURCHASE_CODE, PURCHASE_SORT, SALES, PRODUCT) VALUES
('ONO138', '카드', 150000, 'PT_10');

INSERT INTO TBL_SALES
(PURCHASE_CODE, PURCHASE_SORT, SALES, PRODUCT) VALUES
('MON139', '카드', 180000, 'MEM_6');
INSERT INTO TBL_SALES
(PURCHASE_CODE, PURCHASE_SORT, SALES, PRODUCT) VALUES
('MON140', '카드', 180000, 'MEM_6');
INSERT INTO TBL_SALES
(PURCHASE_CODE, PURCHASE_SORT, SALES, PRODUCT) VALUES
('ONO139', '카드', 150000, 'PT_10');
INSERT INTO TBL_SALES
(PURCHASE_CODE, PURCHASE_SORT, SALES, PRODUCT) VALUES
('ONO140', '카드', 150000, 'PT_10');

INSERT INTO TBL_SALES
(PURCHASE_CODE, PURCHASE_SORT, SALES, PRODUCT) VALUES
('MON141', '카드', 180000, 'MEM_6');
INSERT INTO TBL_SALES
(PURCHASE_CODE, PURCHASE_SORT, SALES, PRODUCT) VALUES
('MON142', '카드', 180000, 'MEM_6');
INSERT INTO TBL_SALES
(PURCHASE_CODE, PURCHASE_SORT, SALES, PRODUCT) VALUES
('ONO141', '카드', 150000, 'PT_10');
INSERT INTO TBL_SALES
(PURCHASE_CODE, PURCHASE_SORT, SALES, PRODUCT) VALUES
('ONO142', '카드', 150000, 'PT_10');

INSERT INTO TBL_SALES
(PURCHASE_CODE, PURCHASE_SORT, SALES, PRODUCT) VALUES
('MON143', '카드', 180000, 'MEM_6');
INSERT INTO TBL_SALES
(PURCHASE_CODE, PURCHASE_SORT, SALES, PRODUCT) VALUES
('MON144', '카드', 180000, 'MEM_6');
INSERT INTO TBL_SALES
(PURCHASE_CODE, PURCHASE_SORT, SALES, PRODUCT) VALUES
('ONO143', '카드', 150000, 'PT_10');
INSERT INTO TBL_SALES
(PURCHASE_CODE, PURCHASE_SORT, SALES, PRODUCT) VALUES
('ONO144', '카드', 150000, 'PT_10');

INSERT INTO TBL_SALES
(PURCHASE_CODE, PURCHASE_SORT, SALES, PRODUCT) VALUES
('MON145', '카드', 180000, 'MEM_6');
INSERT INTO TBL_SALES
(PURCHASE_CODE, PURCHASE_SORT, SALES, PRODUCT) VALUES
('MON146', '카드', 180000, 'MEM_6');
INSERT INTO TBL_SALES
(PURCHASE_CODE, PURCHASE_SORT, SALES, PRODUCT) VALUES
('ONO145', '카드', 150000, 'PT_10');
INSERT INTO TBL_SALES
(PURCHASE_CODE, PURCHASE_SORT, SALES, PRODUCT) VALUES
('ONO146', '카드', 150000, 'PT_10');

INSERT INTO TBL_SALES
(PURCHASE_CODE, PURCHASE_SORT, SALES, PRODUCT) VALUES
('MON147', '카드', 180000, 'MEM_6');
INSERT INTO TBL_SALES
(PURCHASE_CODE, PURCHASE_SORT, SALES, PRODUCT) VALUES
('MON148', '카드', 180000, 'MEM_6');
INSERT INTO TBL_SALES
(PURCHASE_CODE, PURCHASE_SORT, SALES, PRODUCT) VALUES
('ONO147', '카드', 150000, 'PT_10');
INSERT INTO TBL_SALES
(PURCHASE_CODE, PURCHASE_SORT, SALES, PRODUCT) VALUES
('ONO148', '카드', 150000, 'PT_10');

INSERT INTO TBL_SALES
(PURCHASE_CODE, PURCHASE_SORT, SALES, PRODUCT) VALUES
('MON149', '카드', 180000, 'MEM_6');
INSERT INTO TBL_SALES
(PURCHASE_CODE, PURCHASE_SORT, SALES, PRODUCT) VALUES
('MON150', '카드', 180000, 'MEM_6');
INSERT INTO TBL_SALES
(PURCHASE_CODE, PURCHASE_SORT, SALES, PRODUCT) VALUES
('ONO149', '카드', 150000, 'PT_10');
INSERT INTO TBL_SALES
(PURCHASE_CODE, PURCHASE_SORT, SALES, PRODUCT) VALUES
('ONO150', '카드', 150000, 'PT_10');
COMMIT;
-- 회원별멤버쉽상품구매이력
INSERT INTO TBL_PURCHASE_MEMBERSHIP
(PURCHASE_RECORD_NO, MEMBER_NO, PRODUCT_CODE, PURCHASE_DATE) VALUES
(SEQ_PURCHASE_RECORD_NO.NEXTVAL, 2, 'MEM_6', SYSDATE);
INSERT INTO TBL_PURCHASE_MEMBERSHIP
(PURCHASE_RECORD_NO, MEMBER_NO, PRODUCT_CODE, PURCHASE_DATE) VALUES
(SEQ_PURCHASE_RECORD_NO.NEXTVAL, 2, 'MEM_6', SYSDATE);
INSERT INTO TBL_PURCHASE_MEMBERSHIP
(PURCHASE_RECORD_NO, MEMBER_NO, PRODUCT_CODE, PURCHASE_DATE) VALUES
(SEQ_PURCHASE_RECORD_NO.NEXTVAL, 2, 'PT_10', SYSDATE);
INSERT INTO TBL_PURCHASE_MEMBERSHIP
(PURCHASE_RECORD_NO, MEMBER_NO, PRODUCT_CODE, PURCHASE_DATE) VALUES
(SEQ_PURCHASE_RECORD_NO.NEXTVAL, 2, 'PT_10', SYSDATE);

INSERT INTO TBL_PURCHASE_MEMBERSHIP
(PURCHASE_RECORD_NO, MEMBER_NO, PRODUCT_CODE, PURCHASE_DATE) VALUES
(SEQ_PURCHASE_RECORD_NO.NEXTVAL, 3, 'MEM_6', SYSDATE);
INSERT INTO TBL_PURCHASE_MEMBERSHIP
(PURCHASE_RECORD_NO, MEMBER_NO, PRODUCT_CODE, PURCHASE_DATE) VALUES
(SEQ_PURCHASE_RECORD_NO.NEXTVAL, 3, 'MEM_6', SYSDATE);
INSERT INTO TBL_PURCHASE_MEMBERSHIP
(PURCHASE_RECORD_NO, MEMBER_NO, PRODUCT_CODE, PURCHASE_DATE) VALUES
(SEQ_PURCHASE_RECORD_NO.NEXTVAL, 3, 'PT_10', SYSDATE);
INSERT INTO TBL_PURCHASE_MEMBERSHIP
(PURCHASE_RECORD_NO, MEMBER_NO, PRODUCT_CODE, PURCHASE_DATE) VALUES
(SEQ_PURCHASE_RECORD_NO.NEXTVAL, 3, 'PT_10', SYSDATE);

INSERT INTO TBL_PURCHASE_MEMBERSHIP
(PURCHASE_RECORD_NO, MEMBER_NO, PRODUCT_CODE, PURCHASE_DATE) VALUES
(SEQ_PURCHASE_RECORD_NO.NEXTVAL, 4, 'MEM_6', SYSDATE);
INSERT INTO TBL_PURCHASE_MEMBERSHIP
(PURCHASE_RECORD_NO, MEMBER_NO, PRODUCT_CODE, PURCHASE_DATE) VALUES
(SEQ_PURCHASE_RECORD_NO.NEXTVAL, 4, 'MEM_6', SYSDATE);
INSERT INTO TBL_PURCHASE_MEMBERSHIP
(PURCHASE_RECORD_NO, MEMBER_NO, PRODUCT_CODE, PURCHASE_DATE) VALUES
(SEQ_PURCHASE_RECORD_NO.NEXTVAL, 4, 'PT_10', SYSDATE);
INSERT INTO TBL_PURCHASE_MEMBERSHIP
(PURCHASE_RECORD_NO, MEMBER_NO, PRODUCT_CODE, PURCHASE_DATE) VALUES
(SEQ_PURCHASE_RECORD_NO.NEXTVAL, 4, 'PT_10', SYSDATE);

INSERT INTO TBL_PURCHASE_MEMBERSHIP
(PURCHASE_RECORD_NO, MEMBER_NO, PRODUCT_CODE, PURCHASE_DATE) VALUES
(SEQ_PURCHASE_RECORD_NO.NEXTVAL, 5, 'MEM_6', SYSDATE);
INSERT INTO TBL_PURCHASE_MEMBERSHIP
(PURCHASE_RECORD_NO, MEMBER_NO, PRODUCT_CODE, PURCHASE_DATE) VALUES
(SEQ_PURCHASE_RECORD_NO.NEXTVAL, 5, 'MEM_6', SYSDATE);
INSERT INTO TBL_PURCHASE_MEMBERSHIP
(PURCHASE_RECORD_NO, MEMBER_NO, PRODUCT_CODE, PURCHASE_DATE) VALUES
(SEQ_PURCHASE_RECORD_NO.NEXTVAL, 5, 'PT_10', SYSDATE);
INSERT INTO TBL_PURCHASE_MEMBERSHIP
(PURCHASE_RECORD_NO, MEMBER_NO, PRODUCT_CODE, PURCHASE_DATE) VALUES
(SEQ_PURCHASE_RECORD_NO.NEXTVAL, 5, 'PT_10', SYSDATE);

INSERT INTO TBL_PURCHASE_MEMBERSHIP
(PURCHASE_RECORD_NO, MEMBER_NO, PRODUCT_CODE, PURCHASE_DATE) VALUES
(SEQ_PURCHASE_RECORD_NO.NEXTVAL, 6, 'MEM_6', SYSDATE);
INSERT INTO TBL_PURCHASE_MEMBERSHIP
(PURCHASE_RECORD_NO, MEMBER_NO, PRODUCT_CODE, PURCHASE_DATE) VALUES
(SEQ_PURCHASE_RECORD_NO.NEXTVAL, 6, 'MEM_6', SYSDATE);
INSERT INTO TBL_PURCHASE_MEMBERSHIP
(PURCHASE_RECORD_NO, MEMBER_NO, PRODUCT_CODE, PURCHASE_DATE) VALUES
(SEQ_PURCHASE_RECORD_NO.NEXTVAL, 6, 'PT_10', SYSDATE);
INSERT INTO TBL_PURCHASE_MEMBERSHIP
(PURCHASE_RECORD_NO, MEMBER_NO, PRODUCT_CODE, PURCHASE_DATE) VALUES
(SEQ_PURCHASE_RECORD_NO.NEXTVAL, 6, 'PT_10', SYSDATE);

INSERT INTO TBL_PURCHASE_MEMBERSHIP
(PURCHASE_RECORD_NO, MEMBER_NO, PRODUCT_CODE, PURCHASE_DATE) VALUES
(SEQ_PURCHASE_RECORD_NO.NEXTVAL, 7, 'MEM_6', SYSDATE);
INSERT INTO TBL_PURCHASE_MEMBERSHIP
(PURCHASE_RECORD_NO, MEMBER_NO, PRODUCT_CODE, PURCHASE_DATE) VALUES
(SEQ_PURCHASE_RECORD_NO.NEXTVAL, 7, 'MEM_6', SYSDATE);
INSERT INTO TBL_PURCHASE_MEMBERSHIP
(PURCHASE_RECORD_NO, MEMBER_NO, PRODUCT_CODE, PURCHASE_DATE) VALUES
(SEQ_PURCHASE_RECORD_NO.NEXTVAL, 7, 'PT_10', SYSDATE);
INSERT INTO TBL_PURCHASE_MEMBERSHIP
(PURCHASE_RECORD_NO, MEMBER_NO, PRODUCT_CODE, PURCHASE_DATE) VALUES
(SEQ_PURCHASE_RECORD_NO.NEXTVAL, 7, 'PT_10', SYSDATE);

INSERT INTO TBL_PURCHASE_MEMBERSHIP
(PURCHASE_RECORD_NO, MEMBER_NO, PRODUCT_CODE, PURCHASE_DATE) VALUES
(SEQ_PURCHASE_RECORD_NO.NEXTVAL, 8, 'MEM_6', SYSDATE);
INSERT INTO TBL_PURCHASE_MEMBERSHIP
(PURCHASE_RECORD_NO, MEMBER_NO, PRODUCT_CODE, PURCHASE_DATE) VALUES
(SEQ_PURCHASE_RECORD_NO.NEXTVAL, 8, 'MEM_6', SYSDATE);
INSERT INTO TBL_PURCHASE_MEMBERSHIP
(PURCHASE_RECORD_NO, MEMBER_NO, PRODUCT_CODE, PURCHASE_DATE) VALUES
(SEQ_PURCHASE_RECORD_NO.NEXTVAL, 8, 'PT_10', SYSDATE);
INSERT INTO TBL_PURCHASE_MEMBERSHIP
(PURCHASE_RECORD_NO, MEMBER_NO, PRODUCT_CODE, PURCHASE_DATE) VALUES
(SEQ_PURCHASE_RECORD_NO.NEXTVAL, 8, 'PT_10', SYSDATE);

INSERT INTO TBL_PURCHASE_MEMBERSHIP
(PURCHASE_RECORD_NO, MEMBER_NO, PRODUCT_CODE, PURCHASE_DATE) VALUES
(SEQ_PURCHASE_RECORD_NO.NEXTVAL, 9, 'MEM_6', SYSDATE);
INSERT INTO TBL_PURCHASE_MEMBERSHIP
(PURCHASE_RECORD_NO, MEMBER_NO, PRODUCT_CODE, PURCHASE_DATE) VALUES
(SEQ_PURCHASE_RECORD_NO.NEXTVAL, 9, 'MEM_6', SYSDATE);
INSERT INTO TBL_PURCHASE_MEMBERSHIP
(PURCHASE_RECORD_NO, MEMBER_NO, PRODUCT_CODE, PURCHASE_DATE) VALUES
(SEQ_PURCHASE_RECORD_NO.NEXTVAL, 9, 'PT_10', SYSDATE);
INSERT INTO TBL_PURCHASE_MEMBERSHIP
(PURCHASE_RECORD_NO, MEMBER_NO, PRODUCT_CODE, PURCHASE_DATE) VALUES
(SEQ_PURCHASE_RECORD_NO.NEXTVAL, 9, 'PT_10', SYSDATE);

INSERT INTO TBL_PURCHASE_MEMBERSHIP
(PURCHASE_RECORD_NO, MEMBER_NO, PRODUCT_CODE, PURCHASE_DATE) VALUES
(SEQ_PURCHASE_RECORD_NO.NEXTVAL, 10, 'MEM_6', SYSDATE);
INSERT INTO TBL_PURCHASE_MEMBERSHIP
(PURCHASE_RECORD_NO, MEMBER_NO, PRODUCT_CODE, PURCHASE_DATE) VALUES
(SEQ_PURCHASE_RECORD_NO.NEXTVAL, 10, 'MEM_6', SYSDATE);
INSERT INTO TBL_PURCHASE_MEMBERSHIP
(PURCHASE_RECORD_NO, MEMBER_NO, PRODUCT_CODE, PURCHASE_DATE) VALUES
(SEQ_PURCHASE_RECORD_NO.NEXTVAL, 10, 'PT_10', SYSDATE);
INSERT INTO TBL_PURCHASE_MEMBERSHIP
(PURCHASE_RECORD_NO, MEMBER_NO, PRODUCT_CODE, PURCHASE_DATE) VALUES
(SEQ_PURCHASE_RECORD_NO.NEXTVAL, 10, 'PT_10', SYSDATE);

INSERT INTO TBL_PURCHASE_MEMBERSHIP
(PURCHASE_RECORD_NO, MEMBER_NO, PRODUCT_CODE, PURCHASE_DATE) VALUES
(SEQ_PURCHASE_RECORD_NO.NEXTVAL, 11, 'MEM_6', SYSDATE);
INSERT INTO TBL_PURCHASE_MEMBERSHIP
(PURCHASE_RECORD_NO, MEMBER_NO, PRODUCT_CODE, PURCHASE_DATE) VALUES
(SEQ_PURCHASE_RECORD_NO.NEXTVAL, 11, 'MEM_6', SYSDATE);
INSERT INTO TBL_PURCHASE_MEMBERSHIP
(PURCHASE_RECORD_NO, MEMBER_NO, PRODUCT_CODE, PURCHASE_DATE) VALUES
(SEQ_PURCHASE_RECORD_NO.NEXTVAL, 11, 'PT_10', SYSDATE);
INSERT INTO TBL_PURCHASE_MEMBERSHIP
(PURCHASE_RECORD_NO, MEMBER_NO, PRODUCT_CODE, PURCHASE_DATE) VALUES
(SEQ_PURCHASE_RECORD_NO.NEXTVAL, 11, 'PT_10', SYSDATE);

INSERT INTO TBL_PURCHASE_MEMBERSHIP
(PURCHASE_RECORD_NO, MEMBER_NO, PRODUCT_CODE, PURCHASE_DATE) VALUES
(SEQ_PURCHASE_RECORD_NO.NEXTVAL, 12, 'MEM_6', SYSDATE);
INSERT INTO TBL_PURCHASE_MEMBERSHIP
(PURCHASE_RECORD_NO, MEMBER_NO, PRODUCT_CODE, PURCHASE_DATE) VALUES
(SEQ_PURCHASE_RECORD_NO.NEXTVAL, 12, 'MEM_6', SYSDATE);
INSERT INTO TBL_PURCHASE_MEMBERSHIP
(PURCHASE_RECORD_NO, MEMBER_NO, PRODUCT_CODE, PURCHASE_DATE) VALUES
(SEQ_PURCHASE_RECORD_NO.NEXTVAL, 12, 'PT_10', SYSDATE);
INSERT INTO TBL_PURCHASE_MEMBERSHIP
(PURCHASE_RECORD_NO, MEMBER_NO, PRODUCT_CODE, PURCHASE_DATE) VALUES
(SEQ_PURCHASE_RECORD_NO.NEXTVAL, 12, 'PT_10', SYSDATE);

INSERT INTO TBL_PURCHASE_MEMBERSHIP
(PURCHASE_RECORD_NO, MEMBER_NO, PRODUCT_CODE, PURCHASE_DATE) VALUES
(SEQ_PURCHASE_RECORD_NO.NEXTVAL, 13, 'MEM_6', SYSDATE);
INSERT INTO TBL_PURCHASE_MEMBERSHIP
(PURCHASE_RECORD_NO, MEMBER_NO, PRODUCT_CODE, PURCHASE_DATE) VALUES
(SEQ_PURCHASE_RECORD_NO.NEXTVAL, 13, 'MEM_6', SYSDATE);
INSERT INTO TBL_PURCHASE_MEMBERSHIP
(PURCHASE_RECORD_NO, MEMBER_NO, PRODUCT_CODE, PURCHASE_DATE) VALUES
(SEQ_PURCHASE_RECORD_NO.NEXTVAL, 13, 'PT_10', SYSDATE);
INSERT INTO TBL_PURCHASE_MEMBERSHIP
(PURCHASE_RECORD_NO, MEMBER_NO, PRODUCT_CODE, PURCHASE_DATE) VALUES
(SEQ_PURCHASE_RECORD_NO.NEXTVAL, 13, 'PT_10', SYSDATE);

INSERT INTO TBL_PURCHASE_MEMBERSHIP
(PURCHASE_RECORD_NO, MEMBER_NO, PRODUCT_CODE, PURCHASE_DATE) VALUES
(SEQ_PURCHASE_RECORD_NO.NEXTVAL, 14, 'MEM_6', SYSDATE);
INSERT INTO TBL_PURCHASE_MEMBERSHIP
(PURCHASE_RECORD_NO, MEMBER_NO, PRODUCT_CODE, PURCHASE_DATE) VALUES
(SEQ_PURCHASE_RECORD_NO.NEXTVAL, 14, 'MEM_6', SYSDATE);
INSERT INTO TBL_PURCHASE_MEMBERSHIP
(PURCHASE_RECORD_NO, MEMBER_NO, PRODUCT_CODE, PURCHASE_DATE) VALUES
(SEQ_PURCHASE_RECORD_NO.NEXTVAL, 14, 'PT_10', SYSDATE);
INSERT INTO TBL_PURCHASE_MEMBERSHIP
(PURCHASE_RECORD_NO, MEMBER_NO, PRODUCT_CODE, PURCHASE_DATE) VALUES
(SEQ_PURCHASE_RECORD_NO.NEXTVAL, 14, 'PT_10', SYSDATE);

INSERT INTO TBL_PURCHASE_MEMBERSHIP
(PURCHASE_RECORD_NO, MEMBER_NO, PRODUCT_CODE, PURCHASE_DATE) VALUES
(SEQ_PURCHASE_RECORD_NO.NEXTVAL, 15, 'MEM_6', SYSDATE);
INSERT INTO TBL_PURCHASE_MEMBERSHIP
(PURCHASE_RECORD_NO, MEMBER_NO, PRODUCT_CODE, PURCHASE_DATE) VALUES
(SEQ_PURCHASE_RECORD_NO.NEXTVAL, 15, 'MEM_6', SYSDATE);
INSERT INTO TBL_PURCHASE_MEMBERSHIP
(PURCHASE_RECORD_NO, MEMBER_NO, PRODUCT_CODE, PURCHASE_DATE) VALUES
(SEQ_PURCHASE_RECORD_NO.NEXTVAL, 15, 'PT_10', SYSDATE);
INSERT INTO TBL_PURCHASE_MEMBERSHIP
(PURCHASE_RECORD_NO, MEMBER_NO, PRODUCT_CODE, PURCHASE_DATE) VALUES
(SEQ_PURCHASE_RECORD_NO.NEXTVAL, 15, 'PT_10', SYSDATE);
COMMIT;

-- 녹화영상관리내역 테이블 생성
CREATE TABLE TBL_RECORD_VIDEO_MANAGE(
  VIDEO_NO NUMBER PRIMARY KEY,
  TRAINER_NO NUMBER REFERENCES TBL_MEMBER(MEMBER_NO),
  VIDEO_SUBJECT VARCHAR2(100) NOT NULL,
  VIDEO_ENROLL_DATE DATE NOT NULL,
  VIDEO_EXPIRY_DATE DATE,
  HITS NUMBER DEFAULT 0 NOT NULL
);
COMMENT ON TABLE TBL_RECORD_VIDEO_MANAGE IS '녹화영상관리내역';
COMMENT ON COLUMN TBL_RECORD_VIDEO_MANAGE.VIDEO_NO IS '영상제목';
COMMENT ON COLUMN TBL_RECORD_VIDEO_MANAGE.TRAINER_NO IS '트레이너번호';
COMMENT ON COLUMN TBL_RECORD_VIDEO_MANAGE.VIDEO_SUBJECT IS '영상제목';
COMMENT ON COLUMN TBL_RECORD_VIDEO_MANAGE.VIDEO_ENROLL_DATE IS '영상등록일자';
COMMENT ON COLUMN TBL_RECORD_VIDEO_MANAGE.VIDEO_EXPIRY_DATE IS '영상만료일자';
COMMENT ON COLUMN TBL_RECORD_VIDEO_MANAGE.HITS IS '조회수';

-- 녹화영상 첨부파일 테이블
CREATE TABLE TBL_VIDEO_ATTACHMENT(
  VIDEO_ATTACHMENT_NO NUMBER PRIMARY KEY,
  REF_VIDEO_NO NUMBER REFERENCES TBL_RECORD_VIDEO_MANAGE(VIDEO_NO),
  FILE_PATH VARCHAR2(300) NOT NULL,
  ORIGINAL_NAME VARCHAR2(255) NOT NULL,
  FILE_NAME VARCHAR2(80) NOT NULL,
  THUMBNAIL_PATH VARCHAR2(255),
  UPLOAD_DATE DATE NOT NULL,
  ATTACHMENT_STATUS VARCHAR2(2) DEFAULT 'Y' NOT NULL CHECK(ATTACHMENT_STATUS IN ('Y', 'N'))
);
COMMENT ON TABLE TBL_VIDEO_ATTACHMENT IS '녹화영상첨부파일';
COMMENT ON COLUMN TBL_VIDEO_ATTACHMENT.VIDEO_ATTACHMENT_NO IS '첨부파일번호';
COMMENT ON COLUMN TBL_VIDEO_ATTACHMENT.REF_VIDEO_NO IS '영상번호';
COMMENT ON COLUMN TBL_VIDEO_ATTACHMENT.FILE_PATH IS '파일경로';
COMMENT ON COLUMN TBL_VIDEO_ATTACHMENT.ORIGINAL_NAME IS '첨부파일명';
COMMENT ON COLUMN TBL_VIDEO_ATTACHMENT.FILE_NAME IS '변환된이름';
COMMENT ON COLUMN TBL_VIDEO_ATTACHMENT.UPLOAD_DATE IS '업로드일시';
COMMENT ON COLUMN TBL_VIDEO_ATTACHMENT.THUMBNAIL_PATH IS '썸네일경로';
COMMENT ON COLUMN TBL_VIDEO_ATTACHMENT.ATTACHMENT_STATUS IS '상태';

-- 시청기록 테이블 생성
CREATE TABLE TBL_WATCH_VIDEO_RECORD(
  MEMBER_NO NUMBER REFERENCES TBL_MEMBER(MEMBER_NO),
  VIDEO_NO NUMBER REFERENCES TBL_RECORD_VIDEO_MANAGE(VIDEO_NO),
  WATCH_DATE DATE NOT NULL,
  WATCH_TIME VARCHAR2(50) NOT NULL,
  CONSTRAINT PK_MV PRIMARY KEY (MEMBER_NO, VIDEO_NO)
);
COMMENT ON TABLE TBL_WATCH_VIDEO_RECORD IS '시청기록';
COMMENT ON COLUMN TBL_WATCH_VIDEO_RECORD.MEMBER_NO IS '회원번호';
COMMENT ON COLUMN TBL_WATCH_VIDEO_RECORD.VIDEO_NO IS '영상번호';
COMMENT ON COLUMN TBL_WATCH_VIDEO_RECORD.WATCH_DATE IS '시청일자';
COMMENT ON COLUMN TBL_WATCH_VIDEO_RECORD.WATCH_TIME IS '시청시간';

-- 녹화영상정산내역 테이블 생성
CREATE TABLE TBL_RECORD_VIDEO_RECEIPT(
  RECORD_VIDEO_RECEIPT_NO NUMBER PRIMARY KEY,
  VIDEO_NO NUMBER REFERENCES TBL_RECORD_VIDEO_MANAGE(VIDEO_NO),
  TOTAL_PRICE_PER_VIDEO NUMBER
);
COMMENT ON TABLE TBL_RECORD_VIDEO_RECEIPT IS '녹화영상정산내역';
COMMENT ON COLUMN TBL_RECORD_VIDEO_RECEIPT.RECORD_VIDEO_RECEIPT_NO IS '녹화영상정산번호';
COMMENT ON COLUMN TBL_RECORD_VIDEO_RECEIPT.VIDEO_NO IS '영상번호';
COMMENT ON COLUMN TBL_RECORD_VIDEO_RECEIPT.TOTAL_PRICE_PER_VIDEO IS '영상별총금액';

-- 실시간수업정산내역 테이블 생성
CREATE TABLE TBL_REALTIME_CLASS_RECEIPT(
  REALTIME_CLASS_RECEIPT_NO NUMBER PRIMARY KEY,
  RGC_MANAGE_NO NUMBER REFERENCES TBL_REALTIME_GROUP_CLASS(RGC_MANAGE_NO),
  TOTAL_PRICE_PER_EDITION NUMBER
);
COMMENT ON TABLE TBL_REALTIME_CLASS_RECEIPT IS '실시간수업정산내역';
COMMENT ON COLUMN TBL_REALTIME_CLASS_RECEIPT.REALTIME_CLASS_RECEIPT_NO IS '실시간수업정산번호';
COMMENT ON COLUMN TBL_REALTIME_CLASS_RECEIPT.RGC_MANAGE_NO IS '관리번호';
COMMENT ON COLUMN TBL_REALTIME_CLASS_RECEIPT.TOTAL_PRICE_PER_EDITION IS '회차별총금액';

-- 정산내역분류카테고리 테이블 생성
CREATE TABLE TBL_RECEIPT_CATEGORY(
  REC_CODE VARCHAR2(20) NOT NULL PRIMARY KEY,
  REC_NAME VARCHAR2(50) NOT NULL
);
COMMENT ON TABLE TBL_RECEIPT_CATEGORY IS '정산내역분류카테고리';
COMMENT ON COLUMN TBL_RECEIPT_CATEGORY.REC_CODE IS '정산분류코드';
COMMENT ON COLUMN TBL_RECEIPT_CATEGORY.REC_NAME IS '분류유형';
-- 카테고리 인서트
INSERT INTO TBL_RECEIPT_CATEGORY
( REC_CODE, REC_NAME ) VALUES ( 'VD', '녹화영상정산금액' );
INSERT INTO TBL_RECEIPT_CATEGORY
( REC_CODE, REC_NAME ) VALUES ( 'RE', '실시간수업정산금액' );
INSERT INTO TBL_RECEIPT_CATEGORY
( REC_CODE, REC_NAME ) VALUES ( 'PT', '피티정산금액' );
COMMIT;

-- 정산내역 테이블 생성
CREATE TABLE TBL_RECEIPT(
  RECEIPT_NO NUMBER PRIMARY KEY,
  TRAINER_NO NUMBER REFERENCES TBL_MEMBER(MEMBER_NO),
  RECEIPT_DATE DATE DEFAULT SYSDATE NOT NULL,
  REC_CODE REFERENCES TBL_RECEIPT_CATEGORY(REC_CODE),
  TOTAL_PRICE NUMBER,
  CC_STATUS VARCHAR2(2) DEFAULT 'N' NOT NULL CHECK(CC_STATUS IN ('Y', 'N'))
);
COMMENT ON TABLE TBL_RECEIPT IS '정산내역';
COMMENT ON COLUMN TBL_RECEIPT.RECEIPT_NO IS '정산내역번호';
COMMENT ON COLUMN TBL_RECEIPT.TRAINER_NO IS '트레이너번호';
COMMENT ON COLUMN TBL_RECEIPT.RECEIPT_DATE IS '일자';
COMMENT ON COLUMN TBL_RECEIPT.REC_CODE IS '정산분류코드';
COMMENT ON COLUMN TBL_RECEIPT.TOTAL_PRICE IS '금액';
COMMENT ON COLUMN TBL_RECEIPT.CC_STATUS IS '정산여부';

-- 지급내역 테이블 생성
CREATE TABLE TBL_PAYMENT(
  PAYMENT_NO NUMBER PRIMARY KEY,
  RECEIPT_NO NUMBER REFERENCES TBL_RECEIPT(RECEIPT_NO),
  PAYMENT_DATE DATE DEFAULT SYSDATE NOT NULL,
  PAYMENT_PRICE NUMBER NOT NULL
);
COMMENT ON TABLE TBL_PAYMENT IS '지급내역';
COMMENT ON COLUMN TBL_PAYMENT.PAYMENT_NO IS '지급내역번호';
COMMENT ON COLUMN TBL_PAYMENT.RECEIPT_NO IS '정산내역번호';
COMMENT ON COLUMN TBL_PAYMENT.PAYMENT_DATE IS '지급일자';
COMMENT ON COLUMN TBL_PAYMENT.PAYMENT_PRICE IS '금액';

-- 통계테이블 생성
CREATE TABLE TBL_STATISTICS(
  STATISTICS_YEAR VARCHAR2(4) NOT NULL,
  STATISTICS_MONTH VARCHAR2(2) NOT NULL,
  STATISTICS_DAY VARCHAR2(2) NOT NULL,
  TOTAL_SALES NUMBER NOT NULL,
  NET_PROFIT NUMBER NOT NULL,
  EXPENSE NUMBER NOT NULL
);
COMMENT ON TABLE TBL_STATISTICS IS '통계';
COMMENT ON COLUMN TBL_STATISTICS.STATISTICS_YEAR IS '년도';
COMMENT ON COLUMN TBL_STATISTICS.STATISTICS_MONTH IS '월';
COMMENT ON COLUMN TBL_STATISTICS.STATISTICS_DAY IS '일';
COMMENT ON COLUMN TBL_STATISTICS.TOTAL_SALES IS '총매출';
COMMENT ON COLUMN TBL_STATISTICS.NET_PROFIT IS '순이익';
COMMENT ON COLUMN TBL_STATISTICS.EXPENSE IS '지출';

-- 자주묻는 질문 테이블 생성





-- 정산 샘플 데이터 
------------------------------------------------------------------------------------------------------------------
-- 개설수업(트레이너번호 19번)
INSERT INTO TBL_OPENED_CLASS
( CLASS_NO, TRAINER_NO, CLASS_NAME, CLASS_KIND, CLASS_APPROVAL, CLASS_STATUS, CREATED_DATE, CLASS_CATEGORY, CLASS_INTRO, CLASS_INTRODUCE ) VALUES
( SEQ_CLASS_NO.NEXTVAL, 19, '김민끼의 멸치탈출작전', '그룹', 'Y', 'Y', TO_DATE(TO_CHAR(ADD_MONTHS(SYSDATE, -1), 'YYYY-MM-DD')), '헬스', '똑똑하게,부상없이,근성장', '멸치탈출!' );
COMMIT;
------------------------------------------------------------------------------------------------------------------
-- 실시간그룹수업내역 1회차
INSERT INTO TBL_REALTIME_GROUP_CLASS
( RGC_MANAGE_NO, OPENED_CLASS_NO, EDITION_NO, CLASS_DATE, TOTAL_PARTICIPANTS ) VALUES
( SEQ_RGC_MANAGE_NO.NEXTVAL, 1, 1, TO_DATE(TO_CHAR(ADD_MONTHS(SYSDATE, -1), 'YYYY-MM-DD')) + 1, 15 );
-- 실시간그룹참여자 1회차 15명
INSERT INTO TBL_REALTIME_GROUP_PARTICIPANT
( RGC_MANAGE_NO, MEMBER_NO ) VALUES ( 1, 2 );
INSERT INTO TBL_REALTIME_GROUP_PARTICIPANT
( RGC_MANAGE_NO, MEMBER_NO ) VALUES ( 1, 3 );
INSERT INTO TBL_REALTIME_GROUP_PARTICIPANT
( RGC_MANAGE_NO, MEMBER_NO ) VALUES ( 1, 4 );
INSERT INTO TBL_REALTIME_GROUP_PARTICIPANT
( RGC_MANAGE_NO, MEMBER_NO ) VALUES ( 1, 5 );
INSERT INTO TBL_REALTIME_GROUP_PARTICIPANT
( RGC_MANAGE_NO, MEMBER_NO ) VALUES ( 1, 6 );
INSERT INTO TBL_REALTIME_GROUP_PARTICIPANT
( RGC_MANAGE_NO, MEMBER_NO ) VALUES ( 1, 7 );
INSERT INTO TBL_REALTIME_GROUP_PARTICIPANT
( RGC_MANAGE_NO, MEMBER_NO ) VALUES ( 1, 8 );
INSERT INTO TBL_REALTIME_GROUP_PARTICIPANT
( RGC_MANAGE_NO, MEMBER_NO ) VALUES ( 1, 9 );
INSERT INTO TBL_REALTIME_GROUP_PARTICIPANT
( RGC_MANAGE_NO, MEMBER_NO ) VALUES ( 1, 10 );
INSERT INTO TBL_REALTIME_GROUP_PARTICIPANT
( RGC_MANAGE_NO, MEMBER_NO ) VALUES ( 1, 11 );
INSERT INTO TBL_REALTIME_GROUP_PARTICIPANT
( RGC_MANAGE_NO, MEMBER_NO ) VALUES ( 1, 12 );
INSERT INTO TBL_REALTIME_GROUP_PARTICIPANT
( RGC_MANAGE_NO, MEMBER_NO ) VALUES ( 1, 13 );
INSERT INTO TBL_REALTIME_GROUP_PARTICIPANT
( RGC_MANAGE_NO, MEMBER_NO ) VALUES ( 1, 14 );
INSERT INTO TBL_REALTIME_GROUP_PARTICIPANT
( RGC_MANAGE_NO, MEMBER_NO ) VALUES ( 1, 15 );
-- 그룹수업참여이력 1회차 15명
INSERT INTO TBL_GROUP_CLASS_PARTICIPATION
( CLS_PTC_NO, OPENED_CLASS_NO, MEMBER_NO, PARTICIPATION_DATE, PARTICIPATION_TIME)  VALUES ( SEQ_CLS_PTC_NO.NEXTVAL, 1, 2, TO_DATE(TO_CHAR(ADD_MONTHS(SYSDATE, -1), 'YYYY-MM-DD')) + 1, 50 );
INSERT INTO TBL_GROUP_CLASS_PARTICIPATION
( CLS_PTC_NO, OPENED_CLASS_NO, MEMBER_NO, PARTICIPATION_DATE, PARTICIPATION_TIME)  VALUES ( SEQ_CLS_PTC_NO.NEXTVAL, 1, 3, TO_DATE(TO_CHAR(ADD_MONTHS(SYSDATE, -1), 'YYYY-MM-DD')) + 1, 50 );
INSERT INTO TBL_GROUP_CLASS_PARTICIPATION
( CLS_PTC_NO, OPENED_CLASS_NO, MEMBER_NO, PARTICIPATION_DATE, PARTICIPATION_TIME)  VALUES ( SEQ_CLS_PTC_NO.NEXTVAL, 1, 4, TO_DATE(TO_CHAR(ADD_MONTHS(SYSDATE, -1), 'YYYY-MM-DD')) + 1, 50 );
INSERT INTO TBL_GROUP_CLASS_PARTICIPATION
( CLS_PTC_NO, OPENED_CLASS_NO, MEMBER_NO, PARTICIPATION_DATE, PARTICIPATION_TIME)  VALUES ( SEQ_CLS_PTC_NO.NEXTVAL, 1, 5, TO_DATE(TO_CHAR(ADD_MONTHS(SYSDATE, -1), 'YYYY-MM-DD')) + 1, 50 );
INSERT INTO TBL_GROUP_CLASS_PARTICIPATION
( CLS_PTC_NO, OPENED_CLASS_NO, MEMBER_NO, PARTICIPATION_DATE, PARTICIPATION_TIME)  VALUES ( SEQ_CLS_PTC_NO.NEXTVAL, 1, 6, TO_DATE(TO_CHAR(ADD_MONTHS(SYSDATE, -1), 'YYYY-MM-DD')) + 1, 50 );
INSERT INTO TBL_GROUP_CLASS_PARTICIPATION
( CLS_PTC_NO, OPENED_CLASS_NO, MEMBER_NO, PARTICIPATION_DATE, PARTICIPATION_TIME)  VALUES ( SEQ_CLS_PTC_NO.NEXTVAL, 1, 7, TO_DATE(TO_CHAR(ADD_MONTHS(SYSDATE, -1), 'YYYY-MM-DD')) + 1, 50 );
INSERT INTO TBL_GROUP_CLASS_PARTICIPATION
( CLS_PTC_NO, OPENED_CLASS_NO, MEMBER_NO, PARTICIPATION_DATE, PARTICIPATION_TIME)  VALUES ( SEQ_CLS_PTC_NO.NEXTVAL, 1, 8, TO_DATE(TO_CHAR(ADD_MONTHS(SYSDATE, -1), 'YYYY-MM-DD')) + 1, 50 );
INSERT INTO TBL_GROUP_CLASS_PARTICIPATION
( CLS_PTC_NO, OPENED_CLASS_NO, MEMBER_NO, PARTICIPATION_DATE, PARTICIPATION_TIME)  VALUES ( SEQ_CLS_PTC_NO.NEXTVAL, 1, 9, TO_DATE(TO_CHAR(ADD_MONTHS(SYSDATE, -1), 'YYYY-MM-DD')) + 1, 50 );
INSERT INTO TBL_GROUP_CLASS_PARTICIPATION
( CLS_PTC_NO, OPENED_CLASS_NO, MEMBER_NO, PARTICIPATION_DATE, PARTICIPATION_TIME)  VALUES ( SEQ_CLS_PTC_NO.NEXTVAL, 1, 10, TO_DATE(TO_CHAR(ADD_MONTHS(SYSDATE, -1), 'YYYY-MM-DD')) + 1, 50 );
INSERT INTO TBL_GROUP_CLASS_PARTICIPATION
( CLS_PTC_NO, OPENED_CLASS_NO, MEMBER_NO, PARTICIPATION_DATE, PARTICIPATION_TIME)  VALUES ( SEQ_CLS_PTC_NO.NEXTVAL, 1, 11, TO_DATE(TO_CHAR(ADD_MONTHS(SYSDATE, -1), 'YYYY-MM-DD')) + 1, 50 );
INSERT INTO TBL_GROUP_CLASS_PARTICIPATION
( CLS_PTC_NO, OPENED_CLASS_NO, MEMBER_NO, PARTICIPATION_DATE, PARTICIPATION_TIME)  VALUES ( SEQ_CLS_PTC_NO.NEXTVAL, 1, 12, TO_DATE(TO_CHAR(ADD_MONTHS(SYSDATE, -1), 'YYYY-MM-DD')) + 1, 50 );
INSERT INTO TBL_GROUP_CLASS_PARTICIPATION
( CLS_PTC_NO, OPENED_CLASS_NO, MEMBER_NO, PARTICIPATION_DATE, PARTICIPATION_TIME)  VALUES ( SEQ_CLS_PTC_NO.NEXTVAL, 1, 13, TO_DATE(TO_CHAR(ADD_MONTHS(SYSDATE, -1), 'YYYY-MM-DD')) + 1, 50 );
INSERT INTO TBL_GROUP_CLASS_PARTICIPATION
( CLS_PTC_NO, OPENED_CLASS_NO, MEMBER_NO, PARTICIPATION_DATE, PARTICIPATION_TIME)  VALUES ( SEQ_CLS_PTC_NO.NEXTVAL, 1, 14, TO_DATE(TO_CHAR(ADD_MONTHS(SYSDATE, -1), 'YYYY-MM-DD')) + 1, 50 );
INSERT INTO TBL_GROUP_CLASS_PARTICIPATION
( CLS_PTC_NO, OPENED_CLASS_NO, MEMBER_NO, PARTICIPATION_DATE, PARTICIPATION_TIME)  VALUES ( SEQ_CLS_PTC_NO.NEXTVAL, 1, 15, TO_DATE(TO_CHAR(ADD_MONTHS(SYSDATE, -1), 'YYYY-MM-DD')) + 1, 50 );
-- 실시간수업정산내역 10원씩 15명이 참여했다고 가정 (1회차)
INSERT INTO TBL_REALTIME_CLASS_RECEIPT
( REALTIME_CLASS_RECEIPT_NO, RGC_MANAGE_NO, TOTAL_PRICE_PER_EDITION ) VALUES ( SEQ_REALTIME_CLASS_RECEIPT_NO.NEXTVAL, 1, 150);
-- 녹화영상관리내역 19번트레이너 1회차
INSERT INTO TBL_RECORD_VIDEO_MANAGE
( VIDEO_NO, TRAINER_NO, VIDEO_SUBJECT, VIDEO_ENROLL_DATE, VIDEO_EXPIRY_DATE, HITS ) VALUES 
( SEQ_VIDEO_NO.NEXTVAL, 19, '김민끼의 멸치탈출작전 1회', TO_DATE(TO_CHAR(ADD_MONTHS(SYSDATE, -1), 'YYYY-MM-DD')) + 1, TO_DATE(TO_CHAR(ADD_MONTHS(SYSDATE, 12), 'YYYY-MM-DD')), 15 );
-- 시청기록 1회차 영상 15명
INSERT INTO TBL_WATCH_VIDEO_RECORD
( MEMBER_NO, VIDEO_NO, WATCH_DATE, WATCH_TIME ) VALUES ( 2, 1, TO_DATE(TO_CHAR(ADD_MONTHS(SYSDATE, -1), 'YYYY-MM-DD')) + 1, 50 );
INSERT INTO TBL_WATCH_VIDEO_RECORD
( MEMBER_NO, VIDEO_NO, WATCH_DATE, WATCH_TIME ) VALUES ( 3, 1, TO_DATE(TO_CHAR(ADD_MONTHS(SYSDATE, -1), 'YYYY-MM-DD')) + 1, 50 );
INSERT INTO TBL_WATCH_VIDEO_RECORD
( MEMBER_NO, VIDEO_NO, WATCH_DATE, WATCH_TIME ) VALUES ( 4, 1, TO_DATE(TO_CHAR(ADD_MONTHS(SYSDATE, -1), 'YYYY-MM-DD')) + 1, 50 );
INSERT INTO TBL_WATCH_VIDEO_RECORD
( MEMBER_NO, VIDEO_NO, WATCH_DATE, WATCH_TIME ) VALUES ( 5, 1, TO_DATE(TO_CHAR(ADD_MONTHS(SYSDATE, -1), 'YYYY-MM-DD')) + 1, 50 );
INSERT INTO TBL_WATCH_VIDEO_RECORD
( MEMBER_NO, VIDEO_NO, WATCH_DATE, WATCH_TIME ) VALUES ( 6, 1, TO_DATE(TO_CHAR(ADD_MONTHS(SYSDATE, -1), 'YYYY-MM-DD')) + 1, 50 );
INSERT INTO TBL_WATCH_VIDEO_RECORD
( MEMBER_NO, VIDEO_NO, WATCH_DATE, WATCH_TIME ) VALUES ( 7, 1, TO_DATE(TO_CHAR(ADD_MONTHS(SYSDATE, -1), 'YYYY-MM-DD')) + 1, 50 );
INSERT INTO TBL_WATCH_VIDEO_RECORD
( MEMBER_NO, VIDEO_NO, WATCH_DATE, WATCH_TIME ) VALUES ( 8, 1, TO_DATE(TO_CHAR(ADD_MONTHS(SYSDATE, -1), 'YYYY-MM-DD')) + 1, 50 );
INSERT INTO TBL_WATCH_VIDEO_RECORD
( MEMBER_NO, VIDEO_NO, WATCH_DATE, WATCH_TIME ) VALUES ( 9, 1, TO_DATE(TO_CHAR(ADD_MONTHS(SYSDATE, -1), 'YYYY-MM-DD')) + 1, 50 );
INSERT INTO TBL_WATCH_VIDEO_RECORD
( MEMBER_NO, VIDEO_NO, WATCH_DATE, WATCH_TIME ) VALUES ( 10, 1, TO_DATE(TO_CHAR(ADD_MONTHS(SYSDATE, -1), 'YYYY-MM-DD')) + 1, 50 );
INSERT INTO TBL_WATCH_VIDEO_RECORD
( MEMBER_NO, VIDEO_NO, WATCH_DATE, WATCH_TIME ) VALUES ( 11, 1, TO_DATE(TO_CHAR(ADD_MONTHS(SYSDATE, -1), 'YYYY-MM-DD')) + 1, 50 );
INSERT INTO TBL_WATCH_VIDEO_RECORD
( MEMBER_NO, VIDEO_NO, WATCH_DATE, WATCH_TIME ) VALUES ( 12, 1, TO_DATE(TO_CHAR(ADD_MONTHS(SYSDATE, -1), 'YYYY-MM-DD')) + 1, 50 );
INSERT INTO TBL_WATCH_VIDEO_RECORD
( MEMBER_NO, VIDEO_NO, WATCH_DATE, WATCH_TIME ) VALUES ( 13, 1, TO_DATE(TO_CHAR(ADD_MONTHS(SYSDATE, -1), 'YYYY-MM-DD')) + 1, 50 );
INSERT INTO TBL_WATCH_VIDEO_RECORD
( MEMBER_NO, VIDEO_NO, WATCH_DATE, WATCH_TIME ) VALUES ( 14, 1, TO_DATE(TO_CHAR(ADD_MONTHS(SYSDATE, -1), 'YYYY-MM-DD')) + 1, 50 );
INSERT INTO TBL_WATCH_VIDEO_RECORD
( MEMBER_NO, VIDEO_NO, WATCH_DATE, WATCH_TIME ) VALUES ( 15, 1, TO_DATE(TO_CHAR(ADD_MONTHS(SYSDATE, -1), 'YYYY-MM-DD')) + 1, 50 );
-- 녹화영상정산내역 (1회차)
INSERT INTO TBL_RECORD_VIDEO_RECEIPT
( RECORD_VIDEO_RECEIPT_NO, VIDEO_NO, TOTAL_PRICE_PER_VIDEO ) VALUES ( SEQ_RECORD_VIDEO_RECEIPT_NO.NEXTVAL, 1, 75 );
-------------------------------------------------------------------------------------------------------------------------------------------
-- 실시간그룹수업내역 2회차
INSERT INTO TBL_REALTIME_GROUP_CLASS
( RGC_MANAGE_NO, OPENED_CLASS_NO, EDITION_NO, CLASS_DATE, TOTAL_PARTICIPANTS ) VALUES
( SEQ_RGC_MANAGE_NO.NEXTVAL, 1, 2, TO_DATE(TO_CHAR(ADD_MONTHS(SYSDATE, -1), 'YYYY-MM-DD')) + 2, 15 );
-- 실시간그룹참여자 2회차 15명
INSERT INTO TBL_REALTIME_GROUP_PARTICIPANT
( RGC_MANAGE_NO, MEMBER_NO ) VALUES ( 2, 2 );
INSERT INTO TBL_REALTIME_GROUP_PARTICIPANT
( RGC_MANAGE_NO, MEMBER_NO ) VALUES ( 2, 3 );
INSERT INTO TBL_REALTIME_GROUP_PARTICIPANT
( RGC_MANAGE_NO, MEMBER_NO ) VALUES ( 2, 4 );
INSERT INTO TBL_REALTIME_GROUP_PARTICIPANT
( RGC_MANAGE_NO, MEMBER_NO ) VALUES ( 2, 5 );
INSERT INTO TBL_REALTIME_GROUP_PARTICIPANT
( RGC_MANAGE_NO, MEMBER_NO ) VALUES ( 2, 6 );
INSERT INTO TBL_REALTIME_GROUP_PARTICIPANT
( RGC_MANAGE_NO, MEMBER_NO ) VALUES ( 2, 7 );
INSERT INTO TBL_REALTIME_GROUP_PARTICIPANT
( RGC_MANAGE_NO, MEMBER_NO ) VALUES ( 2, 8 );
INSERT INTO TBL_REALTIME_GROUP_PARTICIPANT
( RGC_MANAGE_NO, MEMBER_NO ) VALUES ( 2, 9 );
INSERT INTO TBL_REALTIME_GROUP_PARTICIPANT
( RGC_MANAGE_NO, MEMBER_NO ) VALUES ( 2, 10 );
INSERT INTO TBL_REALTIME_GROUP_PARTICIPANT
( RGC_MANAGE_NO, MEMBER_NO ) VALUES ( 2, 11 );
INSERT INTO TBL_REALTIME_GROUP_PARTICIPANT
( RGC_MANAGE_NO, MEMBER_NO ) VALUES ( 2, 12 );
INSERT INTO TBL_REALTIME_GROUP_PARTICIPANT
( RGC_MANAGE_NO, MEMBER_NO ) VALUES ( 2, 13 );
INSERT INTO TBL_REALTIME_GROUP_PARTICIPANT
( RGC_MANAGE_NO, MEMBER_NO ) VALUES ( 2, 14 );
INSERT INTO TBL_REALTIME_GROUP_PARTICIPANT
( RGC_MANAGE_NO, MEMBER_NO ) VALUES ( 2, 15 );
-- 그룹수업참여이력 2회차 15명
INSERT INTO TBL_GROUP_CLASS_PARTICIPATION
( CLS_PTC_NO, OPENED_CLASS_NO, MEMBER_NO, PARTICIPATION_DATE, PARTICIPATION_TIME)  VALUES ( SEQ_CLS_PTC_NO.NEXTVAL, 1, 2, TO_DATE(TO_CHAR(ADD_MONTHS(SYSDATE, -1), 'YYYY-MM-DD')) + 2, 50 );
INSERT INTO TBL_GROUP_CLASS_PARTICIPATION
( CLS_PTC_NO, OPENED_CLASS_NO, MEMBER_NO, PARTICIPATION_DATE, PARTICIPATION_TIME)  VALUES ( SEQ_CLS_PTC_NO.NEXTVAL, 1, 3, TO_DATE(TO_CHAR(ADD_MONTHS(SYSDATE, -1), 'YYYY-MM-DD')) + 2, 50 );
INSERT INTO TBL_GROUP_CLASS_PARTICIPATION
( CLS_PTC_NO, OPENED_CLASS_NO, MEMBER_NO, PARTICIPATION_DATE, PARTICIPATION_TIME)  VALUES ( SEQ_CLS_PTC_NO.NEXTVAL, 1, 4, TO_DATE(TO_CHAR(ADD_MONTHS(SYSDATE, -1), 'YYYY-MM-DD')) + 2, 50 );
INSERT INTO TBL_GROUP_CLASS_PARTICIPATION
( CLS_PTC_NO, OPENED_CLASS_NO, MEMBER_NO, PARTICIPATION_DATE, PARTICIPATION_TIME)  VALUES ( SEQ_CLS_PTC_NO.NEXTVAL, 1, 5, TO_DATE(TO_CHAR(ADD_MONTHS(SYSDATE, -1), 'YYYY-MM-DD')) + 2, 50 );
INSERT INTO TBL_GROUP_CLASS_PARTICIPATION
( CLS_PTC_NO, OPENED_CLASS_NO, MEMBER_NO, PARTICIPATION_DATE, PARTICIPATION_TIME)  VALUES ( SEQ_CLS_PTC_NO.NEXTVAL, 1, 6, TO_DATE(TO_CHAR(ADD_MONTHS(SYSDATE, -1), 'YYYY-MM-DD')) + 2, 50 );
INSERT INTO TBL_GROUP_CLASS_PARTICIPATION
( CLS_PTC_NO, OPENED_CLASS_NO, MEMBER_NO, PARTICIPATION_DATE, PARTICIPATION_TIME)  VALUES ( SEQ_CLS_PTC_NO.NEXTVAL, 1, 7, TO_DATE(TO_CHAR(ADD_MONTHS(SYSDATE, -1), 'YYYY-MM-DD')) + 2, 50 );
INSERT INTO TBL_GROUP_CLASS_PARTICIPATION
( CLS_PTC_NO, OPENED_CLASS_NO, MEMBER_NO, PARTICIPATION_DATE, PARTICIPATION_TIME)  VALUES ( SEQ_CLS_PTC_NO.NEXTVAL, 1, 8, TO_DATE(TO_CHAR(ADD_MONTHS(SYSDATE, -1), 'YYYY-MM-DD')) + 2, 50 );
INSERT INTO TBL_GROUP_CLASS_PARTICIPATION
( CLS_PTC_NO, OPENED_CLASS_NO, MEMBER_NO, PARTICIPATION_DATE, PARTICIPATION_TIME)  VALUES ( SEQ_CLS_PTC_NO.NEXTVAL, 1, 9, TO_DATE(TO_CHAR(ADD_MONTHS(SYSDATE, -1), 'YYYY-MM-DD')) + 2, 50 );
INSERT INTO TBL_GROUP_CLASS_PARTICIPATION
( CLS_PTC_NO, OPENED_CLASS_NO, MEMBER_NO, PARTICIPATION_DATE, PARTICIPATION_TIME)  VALUES ( SEQ_CLS_PTC_NO.NEXTVAL, 1, 10, TO_DATE(TO_CHAR(ADD_MONTHS(SYSDATE, -1), 'YYYY-MM-DD')) + 2, 50 );
INSERT INTO TBL_GROUP_CLASS_PARTICIPATION
( CLS_PTC_NO, OPENED_CLASS_NO, MEMBER_NO, PARTICIPATION_DATE, PARTICIPATION_TIME)  VALUES ( SEQ_CLS_PTC_NO.NEXTVAL, 1, 11, TO_DATE(TO_CHAR(ADD_MONTHS(SYSDATE, -1), 'YYYY-MM-DD')) + 2, 50 );
INSERT INTO TBL_GROUP_CLASS_PARTICIPATION
( CLS_PTC_NO, OPENED_CLASS_NO, MEMBER_NO, PARTICIPATION_DATE, PARTICIPATION_TIME)  VALUES ( SEQ_CLS_PTC_NO.NEXTVAL, 1, 12, TO_DATE(TO_CHAR(ADD_MONTHS(SYSDATE, -1), 'YYYY-MM-DD')) + 2, 50 );
INSERT INTO TBL_GROUP_CLASS_PARTICIPATION
( CLS_PTC_NO, OPENED_CLASS_NO, MEMBER_NO, PARTICIPATION_DATE, PARTICIPATION_TIME)  VALUES ( SEQ_CLS_PTC_NO.NEXTVAL, 1, 13, TO_DATE(TO_CHAR(ADD_MONTHS(SYSDATE, -1), 'YYYY-MM-DD')) + 2, 50 );
INSERT INTO TBL_GROUP_CLASS_PARTICIPATION
( CLS_PTC_NO, OPENED_CLASS_NO, MEMBER_NO, PARTICIPATION_DATE, PARTICIPATION_TIME)  VALUES ( SEQ_CLS_PTC_NO.NEXTVAL, 1, 14, TO_DATE(TO_CHAR(ADD_MONTHS(SYSDATE, -1), 'YYYY-MM-DD')) + 2, 50 );
INSERT INTO TBL_GROUP_CLASS_PARTICIPATION
( CLS_PTC_NO, OPENED_CLASS_NO, MEMBER_NO, PARTICIPATION_DATE, PARTICIPATION_TIME)  VALUES ( SEQ_CLS_PTC_NO.NEXTVAL, 1, 15, TO_DATE(TO_CHAR(ADD_MONTHS(SYSDATE, -1), 'YYYY-MM-DD')) + 2, 50 );
-- 실시간수업정산내역 10원씩 15명이 참여했다고 가정 (2회차)
INSERT INTO TBL_REALTIME_CLASS_RECEIPT
( REALTIME_CLASS_RECEIPT_NO, RGC_MANAGE_NO, TOTAL_PRICE_PER_EDITION ) VALUES ( SEQ_REALTIME_CLASS_RECEIPT_NO.NEXTVAL, 2, 150);
-- 녹화영상관리내역 19번트레이너 2회차
INSERT INTO TBL_RECORD_VIDEO_MANAGE
( VIDEO_NO, TRAINER_NO, VIDEO_SUBJECT, VIDEO_ENROLL_DATE, VIDEO_EXPIRY_DATE, HITS ) VALUES 
( SEQ_VIDEO_NO.NEXTVAL, 19, '김민끼의 멸치탈출작전 2회', TO_DATE(TO_CHAR(ADD_MONTHS(SYSDATE, -1), 'YYYY-MM-DD')) + 2, TO_DATE(TO_CHAR(ADD_MONTHS(SYSDATE, 12), 'YYYY-MM-DD')), 15 );
-- 시청기록 2회차 영상 15명
INSERT INTO TBL_WATCH_VIDEO_RECORD
( MEMBER_NO, VIDEO_NO, WATCH_DATE, WATCH_TIME ) VALUES ( 2, 2, TO_DATE(TO_CHAR(ADD_MONTHS(SYSDATE, -1), 'YYYY-MM-DD')) + 2, 50 );
INSERT INTO TBL_WATCH_VIDEO_RECORD
( MEMBER_NO, VIDEO_NO, WATCH_DATE, WATCH_TIME ) VALUES ( 3, 2, TO_DATE(TO_CHAR(ADD_MONTHS(SYSDATE, -1), 'YYYY-MM-DD')) + 2, 50 );
INSERT INTO TBL_WATCH_VIDEO_RECORD
( MEMBER_NO, VIDEO_NO, WATCH_DATE, WATCH_TIME ) VALUES ( 4, 2, TO_DATE(TO_CHAR(ADD_MONTHS(SYSDATE, -1), 'YYYY-MM-DD')) + 2, 50 );
INSERT INTO TBL_WATCH_VIDEO_RECORD
( MEMBER_NO, VIDEO_NO, WATCH_DATE, WATCH_TIME ) VALUES ( 5, 2, TO_DATE(TO_CHAR(ADD_MONTHS(SYSDATE, -1), 'YYYY-MM-DD')) + 2, 50 );
INSERT INTO TBL_WATCH_VIDEO_RECORD
( MEMBER_NO, VIDEO_NO, WATCH_DATE, WATCH_TIME ) VALUES ( 6, 2, TO_DATE(TO_CHAR(ADD_MONTHS(SYSDATE, -1), 'YYYY-MM-DD')) + 2, 50 );
INSERT INTO TBL_WATCH_VIDEO_RECORD
( MEMBER_NO, VIDEO_NO, WATCH_DATE, WATCH_TIME ) VALUES ( 7, 2, TO_DATE(TO_CHAR(ADD_MONTHS(SYSDATE, -1), 'YYYY-MM-DD')) + 2, 50 );
INSERT INTO TBL_WATCH_VIDEO_RECORD
( MEMBER_NO, VIDEO_NO, WATCH_DATE, WATCH_TIME ) VALUES ( 8, 2, TO_DATE(TO_CHAR(ADD_MONTHS(SYSDATE, -1), 'YYYY-MM-DD')) + 2, 50 );
INSERT INTO TBL_WATCH_VIDEO_RECORD
( MEMBER_NO, VIDEO_NO, WATCH_DATE, WATCH_TIME ) VALUES ( 9, 2, TO_DATE(TO_CHAR(ADD_MONTHS(SYSDATE, -1), 'YYYY-MM-DD')) + 2, 50 );
INSERT INTO TBL_WATCH_VIDEO_RECORD
( MEMBER_NO, VIDEO_NO, WATCH_DATE, WATCH_TIME ) VALUES ( 10, 2, TO_DATE(TO_CHAR(ADD_MONTHS(SYSDATE, -1), 'YYYY-MM-DD')) + 2, 50 );
INSERT INTO TBL_WATCH_VIDEO_RECORD
( MEMBER_NO, VIDEO_NO, WATCH_DATE, WATCH_TIME ) VALUES ( 11, 2, TO_DATE(TO_CHAR(ADD_MONTHS(SYSDATE, -1), 'YYYY-MM-DD')) + 2, 50 );
INSERT INTO TBL_WATCH_VIDEO_RECORD
( MEMBER_NO, VIDEO_NO, WATCH_DATE, WATCH_TIME ) VALUES ( 12, 2, TO_DATE(TO_CHAR(ADD_MONTHS(SYSDATE, -1), 'YYYY-MM-DD')) + 2, 50 );
INSERT INTO TBL_WATCH_VIDEO_RECORD
( MEMBER_NO, VIDEO_NO, WATCH_DATE, WATCH_TIME ) VALUES ( 13, 2, TO_DATE(TO_CHAR(ADD_MONTHS(SYSDATE, -1), 'YYYY-MM-DD')) + 2, 50 );
INSERT INTO TBL_WATCH_VIDEO_RECORD
( MEMBER_NO, VIDEO_NO, WATCH_DATE, WATCH_TIME ) VALUES ( 14, 2, TO_DATE(TO_CHAR(ADD_MONTHS(SYSDATE, -1), 'YYYY-MM-DD')) + 2, 50 );
INSERT INTO TBL_WATCH_VIDEO_RECORD
( MEMBER_NO, VIDEO_NO, WATCH_DATE, WATCH_TIME ) VALUES ( 15, 2, TO_DATE(TO_CHAR(ADD_MONTHS(SYSDATE, -1), 'YYYY-MM-DD')) + 2, 50 );
-- 녹화영상정산내역 (2회차)
INSERT INTO TBL_RECORD_VIDEO_RECEIPT
( RECORD_VIDEO_RECEIPT_NO, VIDEO_NO, TOTAL_PRICE_PER_VIDEO ) VALUES ( SEQ_RECORD_VIDEO_RECEIPT_NO.NEXTVAL, 2, 75 );
-------------------------------------------------------------------------------------------------------------------------------------------
-- 실시간그룹수업내역 3회차
INSERT INTO TBL_REALTIME_GROUP_CLASS
( RGC_MANAGE_NO, OPENED_CLASS_NO, EDITION_NO, CLASS_DATE, TOTAL_PARTICIPANTS ) VALUES
( SEQ_RGC_MANAGE_NO.NEXTVAL, 1, 3, TO_DATE(TO_CHAR(ADD_MONTHS(SYSDATE, -1), 'YYYY-MM-DD')) + 3, 15 );
-- 실시간그룹참여자 3회차 15명
INSERT INTO TBL_REALTIME_GROUP_PARTICIPANT
( RGC_MANAGE_NO, MEMBER_NO ) VALUES ( 3, 2 );
INSERT INTO TBL_REALTIME_GROUP_PARTICIPANT
( RGC_MANAGE_NO, MEMBER_NO ) VALUES ( 3, 3 );
INSERT INTO TBL_REALTIME_GROUP_PARTICIPANT
( RGC_MANAGE_NO, MEMBER_NO ) VALUES ( 3, 4 );
INSERT INTO TBL_REALTIME_GROUP_PARTICIPANT
( RGC_MANAGE_NO, MEMBER_NO ) VALUES ( 3, 5 );
INSERT INTO TBL_REALTIME_GROUP_PARTICIPANT
( RGC_MANAGE_NO, MEMBER_NO ) VALUES ( 3, 6 );
INSERT INTO TBL_REALTIME_GROUP_PARTICIPANT
( RGC_MANAGE_NO, MEMBER_NO ) VALUES ( 3, 7 );
INSERT INTO TBL_REALTIME_GROUP_PARTICIPANT
( RGC_MANAGE_NO, MEMBER_NO ) VALUES ( 3, 8 );
INSERT INTO TBL_REALTIME_GROUP_PARTICIPANT
( RGC_MANAGE_NO, MEMBER_NO ) VALUES ( 3, 9 );
INSERT INTO TBL_REALTIME_GROUP_PARTICIPANT
( RGC_MANAGE_NO, MEMBER_NO ) VALUES ( 3, 10 );
INSERT INTO TBL_REALTIME_GROUP_PARTICIPANT
( RGC_MANAGE_NO, MEMBER_NO ) VALUES ( 3, 11 );
INSERT INTO TBL_REALTIME_GROUP_PARTICIPANT
( RGC_MANAGE_NO, MEMBER_NO ) VALUES ( 3, 12 );
INSERT INTO TBL_REALTIME_GROUP_PARTICIPANT
( RGC_MANAGE_NO, MEMBER_NO ) VALUES ( 3, 13 );
INSERT INTO TBL_REALTIME_GROUP_PARTICIPANT
( RGC_MANAGE_NO, MEMBER_NO ) VALUES ( 3, 14 );
INSERT INTO TBL_REALTIME_GROUP_PARTICIPANT
( RGC_MANAGE_NO, MEMBER_NO ) VALUES ( 3, 15 );
-- 그룹수업참여이력 3회차 15명
INSERT INTO TBL_GROUP_CLASS_PARTICIPATION
( CLS_PTC_NO, OPENED_CLASS_NO, MEMBER_NO, PARTICIPATION_DATE, PARTICIPATION_TIME)  VALUES ( SEQ_CLS_PTC_NO.NEXTVAL, 1, 2, TO_DATE(TO_CHAR(ADD_MONTHS(SYSDATE, -1), 'YYYY-MM-DD')) + 3, 50 );
INSERT INTO TBL_GROUP_CLASS_PARTICIPATION
( CLS_PTC_NO, OPENED_CLASS_NO, MEMBER_NO, PARTICIPATION_DATE, PARTICIPATION_TIME)  VALUES ( SEQ_CLS_PTC_NO.NEXTVAL, 1, 3, TO_DATE(TO_CHAR(ADD_MONTHS(SYSDATE, -1), 'YYYY-MM-DD')) + 3, 50 );
INSERT INTO TBL_GROUP_CLASS_PARTICIPATION
( CLS_PTC_NO, OPENED_CLASS_NO, MEMBER_NO, PARTICIPATION_DATE, PARTICIPATION_TIME)  VALUES ( SEQ_CLS_PTC_NO.NEXTVAL, 1, 4, TO_DATE(TO_CHAR(ADD_MONTHS(SYSDATE, -1), 'YYYY-MM-DD')) + 3, 50 );
INSERT INTO TBL_GROUP_CLASS_PARTICIPATION
( CLS_PTC_NO, OPENED_CLASS_NO, MEMBER_NO, PARTICIPATION_DATE, PARTICIPATION_TIME)  VALUES ( SEQ_CLS_PTC_NO.NEXTVAL, 1, 5, TO_DATE(TO_CHAR(ADD_MONTHS(SYSDATE, -1), 'YYYY-MM-DD')) + 3, 50 );
INSERT INTO TBL_GROUP_CLASS_PARTICIPATION
( CLS_PTC_NO, OPENED_CLASS_NO, MEMBER_NO, PARTICIPATION_DATE, PARTICIPATION_TIME)  VALUES ( SEQ_CLS_PTC_NO.NEXTVAL, 1, 6, TO_DATE(TO_CHAR(ADD_MONTHS(SYSDATE, -1), 'YYYY-MM-DD')) + 3, 50 );
INSERT INTO TBL_GROUP_CLASS_PARTICIPATION
( CLS_PTC_NO, OPENED_CLASS_NO, MEMBER_NO, PARTICIPATION_DATE, PARTICIPATION_TIME)  VALUES ( SEQ_CLS_PTC_NO.NEXTVAL, 1, 7, TO_DATE(TO_CHAR(ADD_MONTHS(SYSDATE, -1), 'YYYY-MM-DD')) + 3, 50 );
INSERT INTO TBL_GROUP_CLASS_PARTICIPATION
( CLS_PTC_NO, OPENED_CLASS_NO, MEMBER_NO, PARTICIPATION_DATE, PARTICIPATION_TIME)  VALUES ( SEQ_CLS_PTC_NO.NEXTVAL, 1, 8, TO_DATE(TO_CHAR(ADD_MONTHS(SYSDATE, -1), 'YYYY-MM-DD')) + 3, 50 );
INSERT INTO TBL_GROUP_CLASS_PARTICIPATION
( CLS_PTC_NO, OPENED_CLASS_NO, MEMBER_NO, PARTICIPATION_DATE, PARTICIPATION_TIME)  VALUES ( SEQ_CLS_PTC_NO.NEXTVAL, 1, 9, TO_DATE(TO_CHAR(ADD_MONTHS(SYSDATE, -1), 'YYYY-MM-DD')) + 3, 50 );
INSERT INTO TBL_GROUP_CLASS_PARTICIPATION
( CLS_PTC_NO, OPENED_CLASS_NO, MEMBER_NO, PARTICIPATION_DATE, PARTICIPATION_TIME)  VALUES ( SEQ_CLS_PTC_NO.NEXTVAL, 1, 10, TO_DATE(TO_CHAR(ADD_MONTHS(SYSDATE, -1), 'YYYY-MM-DD')) + 3, 50 );
INSERT INTO TBL_GROUP_CLASS_PARTICIPATION
( CLS_PTC_NO, OPENED_CLASS_NO, MEMBER_NO, PARTICIPATION_DATE, PARTICIPATION_TIME)  VALUES ( SEQ_CLS_PTC_NO.NEXTVAL, 1, 11, TO_DATE(TO_CHAR(ADD_MONTHS(SYSDATE, -1), 'YYYY-MM-DD')) + 3, 50 );
INSERT INTO TBL_GROUP_CLASS_PARTICIPATION
( CLS_PTC_NO, OPENED_CLASS_NO, MEMBER_NO, PARTICIPATION_DATE, PARTICIPATION_TIME)  VALUES ( SEQ_CLS_PTC_NO.NEXTVAL, 1, 12, TO_DATE(TO_CHAR(ADD_MONTHS(SYSDATE, -1), 'YYYY-MM-DD')) + 3, 50 );
INSERT INTO TBL_GROUP_CLASS_PARTICIPATION
( CLS_PTC_NO, OPENED_CLASS_NO, MEMBER_NO, PARTICIPATION_DATE, PARTICIPATION_TIME)  VALUES ( SEQ_CLS_PTC_NO.NEXTVAL, 1, 13, TO_DATE(TO_CHAR(ADD_MONTHS(SYSDATE, -1), 'YYYY-MM-DD')) + 3, 50 );
INSERT INTO TBL_GROUP_CLASS_PARTICIPATION
( CLS_PTC_NO, OPENED_CLASS_NO, MEMBER_NO, PARTICIPATION_DATE, PARTICIPATION_TIME)  VALUES ( SEQ_CLS_PTC_NO.NEXTVAL, 1, 14, TO_DATE(TO_CHAR(ADD_MONTHS(SYSDATE, -1), 'YYYY-MM-DD')) + 3, 50 );
INSERT INTO TBL_GROUP_CLASS_PARTICIPATION
( CLS_PTC_NO, OPENED_CLASS_NO, MEMBER_NO, PARTICIPATION_DATE, PARTICIPATION_TIME)  VALUES ( SEQ_CLS_PTC_NO.NEXTVAL, 1, 15, TO_DATE(TO_CHAR(ADD_MONTHS(SYSDATE, -1), 'YYYY-MM-DD')) + 3, 50 );
-- 실시간수업정산내역 10원씩 15명이 참여했다고 가정 (3회차)
INSERT INTO TBL_REALTIME_CLASS_RECEIPT
( REALTIME_CLASS_RECEIPT_NO, RGC_MANAGE_NO, TOTAL_PRICE_PER_EDITION ) VALUES ( SEQ_REALTIME_CLASS_RECEIPT_NO.NEXTVAL, 3, 150);
-- 녹화영상관리내역 19번트레이너 3회차
INSERT INTO TBL_RECORD_VIDEO_MANAGE
( VIDEO_NO, TRAINER_NO, VIDEO_SUBJECT, VIDEO_ENROLL_DATE, VIDEO_EXPIRY_DATE, HITS ) VALUES 
( SEQ_VIDEO_NO.NEXTVAL, 19, '김민끼의 멸치탈출작전 3회', TO_DATE(TO_CHAR(ADD_MONTHS(SYSDATE, -1), 'YYYY-MM-DD')) + 3, TO_DATE(TO_CHAR(ADD_MONTHS(SYSDATE, 12), 'YYYY-MM-DD')), 15 );
-- 시청기록 3회차 영상 15명
INSERT INTO TBL_WATCH_VIDEO_RECORD
( MEMBER_NO, VIDEO_NO, WATCH_DATE, WATCH_TIME ) VALUES ( 2, 3, TO_DATE(TO_CHAR(ADD_MONTHS(SYSDATE, -1), 'YYYY-MM-DD')) + 3, 50 );
INSERT INTO TBL_WATCH_VIDEO_RECORD
( MEMBER_NO, VIDEO_NO, WATCH_DATE, WATCH_TIME ) VALUES ( 3, 3, TO_DATE(TO_CHAR(ADD_MONTHS(SYSDATE, -1), 'YYYY-MM-DD')) + 3, 50 );
INSERT INTO TBL_WATCH_VIDEO_RECORD
( MEMBER_NO, VIDEO_NO, WATCH_DATE, WATCH_TIME ) VALUES ( 4, 3, TO_DATE(TO_CHAR(ADD_MONTHS(SYSDATE, -1), 'YYYY-MM-DD')) + 3, 50 );
INSERT INTO TBL_WATCH_VIDEO_RECORD
( MEMBER_NO, VIDEO_NO, WATCH_DATE, WATCH_TIME ) VALUES ( 5, 3, TO_DATE(TO_CHAR(ADD_MONTHS(SYSDATE, -1), 'YYYY-MM-DD')) + 3, 50 );
INSERT INTO TBL_WATCH_VIDEO_RECORD
( MEMBER_NO, VIDEO_NO, WATCH_DATE, WATCH_TIME ) VALUES ( 6, 3, TO_DATE(TO_CHAR(ADD_MONTHS(SYSDATE, -1), 'YYYY-MM-DD')) + 3, 50 );
INSERT INTO TBL_WATCH_VIDEO_RECORD
( MEMBER_NO, VIDEO_NO, WATCH_DATE, WATCH_TIME ) VALUES ( 7, 3, TO_DATE(TO_CHAR(ADD_MONTHS(SYSDATE, -1), 'YYYY-MM-DD')) + 3, 50 );
INSERT INTO TBL_WATCH_VIDEO_RECORD
( MEMBER_NO, VIDEO_NO, WATCH_DATE, WATCH_TIME ) VALUES ( 8, 3, TO_DATE(TO_CHAR(ADD_MONTHS(SYSDATE, -1), 'YYYY-MM-DD')) + 3, 50 );
INSERT INTO TBL_WATCH_VIDEO_RECORD
( MEMBER_NO, VIDEO_NO, WATCH_DATE, WATCH_TIME ) VALUES ( 9, 3, TO_DATE(TO_CHAR(ADD_MONTHS(SYSDATE, -1), 'YYYY-MM-DD')) + 3, 50 );
INSERT INTO TBL_WATCH_VIDEO_RECORD
( MEMBER_NO, VIDEO_NO, WATCH_DATE, WATCH_TIME ) VALUES ( 10, 3, TO_DATE(TO_CHAR(ADD_MONTHS(SYSDATE, -1), 'YYYY-MM-DD')) + 3, 50 );
INSERT INTO TBL_WATCH_VIDEO_RECORD
( MEMBER_NO, VIDEO_NO, WATCH_DATE, WATCH_TIME ) VALUES ( 11, 3, TO_DATE(TO_CHAR(ADD_MONTHS(SYSDATE, -1), 'YYYY-MM-DD')) + 3, 50 );
INSERT INTO TBL_WATCH_VIDEO_RECORD
( MEMBER_NO, VIDEO_NO, WATCH_DATE, WATCH_TIME ) VALUES ( 12, 3, TO_DATE(TO_CHAR(ADD_MONTHS(SYSDATE, -1), 'YYYY-MM-DD')) + 3, 50 );
INSERT INTO TBL_WATCH_VIDEO_RECORD
( MEMBER_NO, VIDEO_NO, WATCH_DATE, WATCH_TIME ) VALUES ( 13, 3, TO_DATE(TO_CHAR(ADD_MONTHS(SYSDATE, -1), 'YYYY-MM-DD')) + 3, 50 );
INSERT INTO TBL_WATCH_VIDEO_RECORD
( MEMBER_NO, VIDEO_NO, WATCH_DATE, WATCH_TIME ) VALUES ( 14, 3, TO_DATE(TO_CHAR(ADD_MONTHS(SYSDATE, -1), 'YYYY-MM-DD')) + 3, 50 );
INSERT INTO TBL_WATCH_VIDEO_RECORD
( MEMBER_NO, VIDEO_NO, WATCH_DATE, WATCH_TIME ) VALUES ( 15, 3, TO_DATE(TO_CHAR(ADD_MONTHS(SYSDATE, -1), 'YYYY-MM-DD')) + 3, 50 );
-- 녹화영상정산내역 (3회차)
INSERT INTO TBL_RECORD_VIDEO_RECEIPT
( RECORD_VIDEO_RECEIPT_NO, VIDEO_NO, TOTAL_PRICE_PER_VIDEO ) VALUES ( SEQ_RECORD_VIDEO_RECEIPT_NO.NEXTVAL, 3, 75 );
-------------------------------------------------------------------------------------------------------------------------------------------
-- 실시간그룹수업내역 4회차
INSERT INTO TBL_REALTIME_GROUP_CLASS
( RGC_MANAGE_NO, OPENED_CLASS_NO, EDITION_NO, CLASS_DATE, TOTAL_PARTICIPANTS ) VALUES
( SEQ_RGC_MANAGE_NO.NEXTVAL, 1, 4, TO_DATE(TO_CHAR(ADD_MONTHS(SYSDATE, -1), 'YYYY-MM-DD')) + 4, 15 );
-- 실시간그룹참여자 4회차 15명
INSERT INTO TBL_REALTIME_GROUP_PARTICIPANT
( RGC_MANAGE_NO, MEMBER_NO ) VALUES ( 4, 2 );
INSERT INTO TBL_REALTIME_GROUP_PARTICIPANT
( RGC_MANAGE_NO, MEMBER_NO ) VALUES ( 4, 3 );
INSERT INTO TBL_REALTIME_GROUP_PARTICIPANT
( RGC_MANAGE_NO, MEMBER_NO ) VALUES ( 4, 4 );
INSERT INTO TBL_REALTIME_GROUP_PARTICIPANT
( RGC_MANAGE_NO, MEMBER_NO ) VALUES ( 4, 5 );
INSERT INTO TBL_REALTIME_GROUP_PARTICIPANT
( RGC_MANAGE_NO, MEMBER_NO ) VALUES ( 4, 6 );
INSERT INTO TBL_REALTIME_GROUP_PARTICIPANT
( RGC_MANAGE_NO, MEMBER_NO ) VALUES ( 4, 7 );
INSERT INTO TBL_REALTIME_GROUP_PARTICIPANT
( RGC_MANAGE_NO, MEMBER_NO ) VALUES ( 4, 8 );
INSERT INTO TBL_REALTIME_GROUP_PARTICIPANT
( RGC_MANAGE_NO, MEMBER_NO ) VALUES ( 4, 9 );
INSERT INTO TBL_REALTIME_GROUP_PARTICIPANT
( RGC_MANAGE_NO, MEMBER_NO ) VALUES ( 4, 10 );
INSERT INTO TBL_REALTIME_GROUP_PARTICIPANT
( RGC_MANAGE_NO, MEMBER_NO ) VALUES ( 4, 11 );
INSERT INTO TBL_REALTIME_GROUP_PARTICIPANT
( RGC_MANAGE_NO, MEMBER_NO ) VALUES ( 4, 12 );
INSERT INTO TBL_REALTIME_GROUP_PARTICIPANT
( RGC_MANAGE_NO, MEMBER_NO ) VALUES ( 4, 13 );
INSERT INTO TBL_REALTIME_GROUP_PARTICIPANT
( RGC_MANAGE_NO, MEMBER_NO ) VALUES ( 4, 14 );
INSERT INTO TBL_REALTIME_GROUP_PARTICIPANT
( RGC_MANAGE_NO, MEMBER_NO ) VALUES ( 4, 15 );
-- 그룹수업참여이력 4회차 15명
INSERT INTO TBL_GROUP_CLASS_PARTICIPATION
( CLS_PTC_NO, OPENED_CLASS_NO, MEMBER_NO, PARTICIPATION_DATE, PARTICIPATION_TIME)  VALUES ( SEQ_CLS_PTC_NO.NEXTVAL, 1, 2, TO_DATE(TO_CHAR(ADD_MONTHS(SYSDATE, -1), 'YYYY-MM-DD')) + 4, 50 );
INSERT INTO TBL_GROUP_CLASS_PARTICIPATION
( CLS_PTC_NO, OPENED_CLASS_NO, MEMBER_NO, PARTICIPATION_DATE, PARTICIPATION_TIME)  VALUES ( SEQ_CLS_PTC_NO.NEXTVAL, 1, 3, TO_DATE(TO_CHAR(ADD_MONTHS(SYSDATE, -1), 'YYYY-MM-DD')) + 4, 50 );
INSERT INTO TBL_GROUP_CLASS_PARTICIPATION
( CLS_PTC_NO, OPENED_CLASS_NO, MEMBER_NO, PARTICIPATION_DATE, PARTICIPATION_TIME)  VALUES ( SEQ_CLS_PTC_NO.NEXTVAL, 1, 4, TO_DATE(TO_CHAR(ADD_MONTHS(SYSDATE, -1), 'YYYY-MM-DD')) + 4, 50 );
INSERT INTO TBL_GROUP_CLASS_PARTICIPATION
( CLS_PTC_NO, OPENED_CLASS_NO, MEMBER_NO, PARTICIPATION_DATE, PARTICIPATION_TIME)  VALUES ( SEQ_CLS_PTC_NO.NEXTVAL, 1, 5, TO_DATE(TO_CHAR(ADD_MONTHS(SYSDATE, -1), 'YYYY-MM-DD')) + 4, 50 );
INSERT INTO TBL_GROUP_CLASS_PARTICIPATION
( CLS_PTC_NO, OPENED_CLASS_NO, MEMBER_NO, PARTICIPATION_DATE, PARTICIPATION_TIME)  VALUES ( SEQ_CLS_PTC_NO.NEXTVAL, 1, 6, TO_DATE(TO_CHAR(ADD_MONTHS(SYSDATE, -1), 'YYYY-MM-DD')) + 4, 50 );
INSERT INTO TBL_GROUP_CLASS_PARTICIPATION
( CLS_PTC_NO, OPENED_CLASS_NO, MEMBER_NO, PARTICIPATION_DATE, PARTICIPATION_TIME)  VALUES ( SEQ_CLS_PTC_NO.NEXTVAL, 1, 7, TO_DATE(TO_CHAR(ADD_MONTHS(SYSDATE, -1), 'YYYY-MM-DD')) + 4, 50 );
INSERT INTO TBL_GROUP_CLASS_PARTICIPATION
( CLS_PTC_NO, OPENED_CLASS_NO, MEMBER_NO, PARTICIPATION_DATE, PARTICIPATION_TIME)  VALUES ( SEQ_CLS_PTC_NO.NEXTVAL, 1, 8, TO_DATE(TO_CHAR(ADD_MONTHS(SYSDATE, -1), 'YYYY-MM-DD')) + 4, 50 );
INSERT INTO TBL_GROUP_CLASS_PARTICIPATION
( CLS_PTC_NO, OPENED_CLASS_NO, MEMBER_NO, PARTICIPATION_DATE, PARTICIPATION_TIME)  VALUES ( SEQ_CLS_PTC_NO.NEXTVAL, 1, 9, TO_DATE(TO_CHAR(ADD_MONTHS(SYSDATE, -1), 'YYYY-MM-DD')) + 4, 50 );
INSERT INTO TBL_GROUP_CLASS_PARTICIPATION
( CLS_PTC_NO, OPENED_CLASS_NO, MEMBER_NO, PARTICIPATION_DATE, PARTICIPATION_TIME)  VALUES ( SEQ_CLS_PTC_NO.NEXTVAL, 1, 10, TO_DATE(TO_CHAR(ADD_MONTHS(SYSDATE, -1), 'YYYY-MM-DD')) + 4, 50 );
INSERT INTO TBL_GROUP_CLASS_PARTICIPATION
( CLS_PTC_NO, OPENED_CLASS_NO, MEMBER_NO, PARTICIPATION_DATE, PARTICIPATION_TIME)  VALUES ( SEQ_CLS_PTC_NO.NEXTVAL, 1, 11, TO_DATE(TO_CHAR(ADD_MONTHS(SYSDATE, -1), 'YYYY-MM-DD')) + 4, 50 );
INSERT INTO TBL_GROUP_CLASS_PARTICIPATION
( CLS_PTC_NO, OPENED_CLASS_NO, MEMBER_NO, PARTICIPATION_DATE, PARTICIPATION_TIME)  VALUES ( SEQ_CLS_PTC_NO.NEXTVAL, 1, 12, TO_DATE(TO_CHAR(ADD_MONTHS(SYSDATE, -1), 'YYYY-MM-DD')) + 4, 50 );
INSERT INTO TBL_GROUP_CLASS_PARTICIPATION
( CLS_PTC_NO, OPENED_CLASS_NO, MEMBER_NO, PARTICIPATION_DATE, PARTICIPATION_TIME)  VALUES ( SEQ_CLS_PTC_NO.NEXTVAL, 1, 13, TO_DATE(TO_CHAR(ADD_MONTHS(SYSDATE, -1), 'YYYY-MM-DD')) + 4, 50 );
INSERT INTO TBL_GROUP_CLASS_PARTICIPATION
( CLS_PTC_NO, OPENED_CLASS_NO, MEMBER_NO, PARTICIPATION_DATE, PARTICIPATION_TIME)  VALUES ( SEQ_CLS_PTC_NO.NEXTVAL, 1, 14, TO_DATE(TO_CHAR(ADD_MONTHS(SYSDATE, -1), 'YYYY-MM-DD')) + 4, 50 );
INSERT INTO TBL_GROUP_CLASS_PARTICIPATION
( CLS_PTC_NO, OPENED_CLASS_NO, MEMBER_NO, PARTICIPATION_DATE, PARTICIPATION_TIME)  VALUES ( SEQ_CLS_PTC_NO.NEXTVAL, 1, 15, TO_DATE(TO_CHAR(ADD_MONTHS(SYSDATE, -1), 'YYYY-MM-DD')) + 4, 50 );
-- 실시간수업정산내역 10원씩 15명이 참여했다고 가정 (4회차)
INSERT INTO TBL_REALTIME_CLASS_RECEIPT
( REALTIME_CLASS_RECEIPT_NO, RGC_MANAGE_NO, TOTAL_PRICE_PER_EDITION ) VALUES ( SEQ_REALTIME_CLASS_RECEIPT_NO.NEXTVAL, 4, 150);
-- 녹화영상관리내역 19번트레이너 4회차
INSERT INTO TBL_RECORD_VIDEO_MANAGE
( VIDEO_NO, TRAINER_NO, VIDEO_SUBJECT, VIDEO_ENROLL_DATE, VIDEO_EXPIRY_DATE, HITS ) VALUES 
( SEQ_VIDEO_NO.NEXTVAL, 19, '김민끼의 멸치탈출작전 4회', TO_DATE(TO_CHAR(ADD_MONTHS(SYSDATE, -1), 'YYYY-MM-DD')) + 4, TO_DATE(TO_CHAR(ADD_MONTHS(SYSDATE, 12), 'YYYY-MM-DD')), 15 );
-- 시청기록 4회차 영상 15명
INSERT INTO TBL_WATCH_VIDEO_RECORD
( MEMBER_NO, VIDEO_NO, WATCH_DATE, WATCH_TIME ) VALUES ( 2, 4, TO_DATE(TO_CHAR(ADD_MONTHS(SYSDATE, -1), 'YYYY-MM-DD')) + 4, 50 );
INSERT INTO TBL_WATCH_VIDEO_RECORD
( MEMBER_NO, VIDEO_NO, WATCH_DATE, WATCH_TIME ) VALUES ( 3, 4, TO_DATE(TO_CHAR(ADD_MONTHS(SYSDATE, -1), 'YYYY-MM-DD')) + 4, 50 );
INSERT INTO TBL_WATCH_VIDEO_RECORD
( MEMBER_NO, VIDEO_NO, WATCH_DATE, WATCH_TIME ) VALUES ( 4, 4, TO_DATE(TO_CHAR(ADD_MONTHS(SYSDATE, -1), 'YYYY-MM-DD')) + 4, 50 );
INSERT INTO TBL_WATCH_VIDEO_RECORD
( MEMBER_NO, VIDEO_NO, WATCH_DATE, WATCH_TIME ) VALUES ( 5, 4, TO_DATE(TO_CHAR(ADD_MONTHS(SYSDATE, -1), 'YYYY-MM-DD')) + 4, 50 );
INSERT INTO TBL_WATCH_VIDEO_RECORD
( MEMBER_NO, VIDEO_NO, WATCH_DATE, WATCH_TIME ) VALUES ( 6, 4, TO_DATE(TO_CHAR(ADD_MONTHS(SYSDATE, -1), 'YYYY-MM-DD')) + 4, 50 );
INSERT INTO TBL_WATCH_VIDEO_RECORD
( MEMBER_NO, VIDEO_NO, WATCH_DATE, WATCH_TIME ) VALUES ( 7, 4, TO_DATE(TO_CHAR(ADD_MONTHS(SYSDATE, -1), 'YYYY-MM-DD')) + 4, 50 );
INSERT INTO TBL_WATCH_VIDEO_RECORD
( MEMBER_NO, VIDEO_NO, WATCH_DATE, WATCH_TIME ) VALUES ( 8, 4, TO_DATE(TO_CHAR(ADD_MONTHS(SYSDATE, -1), 'YYYY-MM-DD')) + 4, 50 );
INSERT INTO TBL_WATCH_VIDEO_RECORD
( MEMBER_NO, VIDEO_NO, WATCH_DATE, WATCH_TIME ) VALUES ( 9, 4, TO_DATE(TO_CHAR(ADD_MONTHS(SYSDATE, -1), 'YYYY-MM-DD')) + 4, 50 );
INSERT INTO TBL_WATCH_VIDEO_RECORD
( MEMBER_NO, VIDEO_NO, WATCH_DATE, WATCH_TIME ) VALUES ( 10, 4, TO_DATE(TO_CHAR(ADD_MONTHS(SYSDATE, -1), 'YYYY-MM-DD')) + 4, 50 );
INSERT INTO TBL_WATCH_VIDEO_RECORD
( MEMBER_NO, VIDEO_NO, WATCH_DATE, WATCH_TIME ) VALUES ( 11, 4, TO_DATE(TO_CHAR(ADD_MONTHS(SYSDATE, -1), 'YYYY-MM-DD')) + 4, 50 );
INSERT INTO TBL_WATCH_VIDEO_RECORD
( MEMBER_NO, VIDEO_NO, WATCH_DATE, WATCH_TIME ) VALUES ( 12, 4, TO_DATE(TO_CHAR(ADD_MONTHS(SYSDATE, -1), 'YYYY-MM-DD')) + 4, 50 );
INSERT INTO TBL_WATCH_VIDEO_RECORD
( MEMBER_NO, VIDEO_NO, WATCH_DATE, WATCH_TIME ) VALUES ( 13, 4, TO_DATE(TO_CHAR(ADD_MONTHS(SYSDATE, -1), 'YYYY-MM-DD')) + 4, 50 );
INSERT INTO TBL_WATCH_VIDEO_RECORD
( MEMBER_NO, VIDEO_NO, WATCH_DATE, WATCH_TIME ) VALUES ( 14, 4, TO_DATE(TO_CHAR(ADD_MONTHS(SYSDATE, -1), 'YYYY-MM-DD')) + 4, 50 );
INSERT INTO TBL_WATCH_VIDEO_RECORD
( MEMBER_NO, VIDEO_NO, WATCH_DATE, WATCH_TIME ) VALUES ( 15, 4, TO_DATE(TO_CHAR(ADD_MONTHS(SYSDATE, -1), 'YYYY-MM-DD')) + 4, 50 );
-- 녹화영상정산내역 (4회차)
INSERT INTO TBL_RECORD_VIDEO_RECEIPT
( RECORD_VIDEO_RECEIPT_NO, VIDEO_NO, TOTAL_PRICE_PER_VIDEO ) VALUES ( SEQ_RECORD_VIDEO_RECEIPT_NO.NEXTVAL, 4, 75 );
-------------------------------------------------------------------------------------------------------------------------------------------
-- 실시간그룹수업내역 5회차
INSERT INTO TBL_REALTIME_GROUP_CLASS
( RGC_MANAGE_NO, OPENED_CLASS_NO, EDITION_NO, CLASS_DATE, TOTAL_PARTICIPANTS ) VALUES
( SEQ_RGC_MANAGE_NO.NEXTVAL, 1, 5, TO_DATE(TO_CHAR(ADD_MONTHS(SYSDATE, -1), 'YYYY-MM-DD')) + 5, 15 );
-- 실시간그룹참여자 5회차 15명
INSERT INTO TBL_REALTIME_GROUP_PARTICIPANT
( RGC_MANAGE_NO, MEMBER_NO ) VALUES ( 5, 2 );
INSERT INTO TBL_REALTIME_GROUP_PARTICIPANT
( RGC_MANAGE_NO, MEMBER_NO ) VALUES ( 5, 3 );
INSERT INTO TBL_REALTIME_GROUP_PARTICIPANT
( RGC_MANAGE_NO, MEMBER_NO ) VALUES ( 5, 4 );
INSERT INTO TBL_REALTIME_GROUP_PARTICIPANT
( RGC_MANAGE_NO, MEMBER_NO ) VALUES ( 5, 5 );
INSERT INTO TBL_REALTIME_GROUP_PARTICIPANT
( RGC_MANAGE_NO, MEMBER_NO ) VALUES ( 5, 6 );
INSERT INTO TBL_REALTIME_GROUP_PARTICIPANT
( RGC_MANAGE_NO, MEMBER_NO ) VALUES ( 5, 7 );
INSERT INTO TBL_REALTIME_GROUP_PARTICIPANT
( RGC_MANAGE_NO, MEMBER_NO ) VALUES ( 5, 8 );
INSERT INTO TBL_REALTIME_GROUP_PARTICIPANT
( RGC_MANAGE_NO, MEMBER_NO ) VALUES ( 5, 9 );
INSERT INTO TBL_REALTIME_GROUP_PARTICIPANT
( RGC_MANAGE_NO, MEMBER_NO ) VALUES ( 5, 10 );
INSERT INTO TBL_REALTIME_GROUP_PARTICIPANT
( RGC_MANAGE_NO, MEMBER_NO ) VALUES ( 5, 11 );
INSERT INTO TBL_REALTIME_GROUP_PARTICIPANT
( RGC_MANAGE_NO, MEMBER_NO ) VALUES ( 5, 12 );
INSERT INTO TBL_REALTIME_GROUP_PARTICIPANT
( RGC_MANAGE_NO, MEMBER_NO ) VALUES ( 5, 13 );
INSERT INTO TBL_REALTIME_GROUP_PARTICIPANT
( RGC_MANAGE_NO, MEMBER_NO ) VALUES ( 5, 14 );
INSERT INTO TBL_REALTIME_GROUP_PARTICIPANT
( RGC_MANAGE_NO, MEMBER_NO ) VALUES ( 5, 15 );
-- 그룹수업참여이력 5회차 15명
INSERT INTO TBL_GROUP_CLASS_PARTICIPATION
( CLS_PTC_NO, OPENED_CLASS_NO, MEMBER_NO, PARTICIPATION_DATE, PARTICIPATION_TIME)  VALUES ( SEQ_CLS_PTC_NO.NEXTVAL, 1, 2, TO_DATE(TO_CHAR(ADD_MONTHS(SYSDATE, -1), 'YYYY-MM-DD')) + 5, 50 );
INSERT INTO TBL_GROUP_CLASS_PARTICIPATION
( CLS_PTC_NO, OPENED_CLASS_NO, MEMBER_NO, PARTICIPATION_DATE, PARTICIPATION_TIME)  VALUES ( SEQ_CLS_PTC_NO.NEXTVAL, 1, 3, TO_DATE(TO_CHAR(ADD_MONTHS(SYSDATE, -1), 'YYYY-MM-DD')) + 5, 50 );
INSERT INTO TBL_GROUP_CLASS_PARTICIPATION
( CLS_PTC_NO, OPENED_CLASS_NO, MEMBER_NO, PARTICIPATION_DATE, PARTICIPATION_TIME)  VALUES ( SEQ_CLS_PTC_NO.NEXTVAL, 1, 4, TO_DATE(TO_CHAR(ADD_MONTHS(SYSDATE, -1), 'YYYY-MM-DD')) + 5, 50 );
INSERT INTO TBL_GROUP_CLASS_PARTICIPATION
( CLS_PTC_NO, OPENED_CLASS_NO, MEMBER_NO, PARTICIPATION_DATE, PARTICIPATION_TIME)  VALUES ( SEQ_CLS_PTC_NO.NEXTVAL, 1, 5, TO_DATE(TO_CHAR(ADD_MONTHS(SYSDATE, -1), 'YYYY-MM-DD')) + 5, 50 );
INSERT INTO TBL_GROUP_CLASS_PARTICIPATION
( CLS_PTC_NO, OPENED_CLASS_NO, MEMBER_NO, PARTICIPATION_DATE, PARTICIPATION_TIME)  VALUES ( SEQ_CLS_PTC_NO.NEXTVAL, 1, 6, TO_DATE(TO_CHAR(ADD_MONTHS(SYSDATE, -1), 'YYYY-MM-DD')) + 5, 50 );
INSERT INTO TBL_GROUP_CLASS_PARTICIPATION
( CLS_PTC_NO, OPENED_CLASS_NO, MEMBER_NO, PARTICIPATION_DATE, PARTICIPATION_TIME)  VALUES ( SEQ_CLS_PTC_NO.NEXTVAL, 1, 7, TO_DATE(TO_CHAR(ADD_MONTHS(SYSDATE, -1), 'YYYY-MM-DD')) + 5, 50 );
INSERT INTO TBL_GROUP_CLASS_PARTICIPATION
( CLS_PTC_NO, OPENED_CLASS_NO, MEMBER_NO, PARTICIPATION_DATE, PARTICIPATION_TIME)  VALUES ( SEQ_CLS_PTC_NO.NEXTVAL, 1, 8, TO_DATE(TO_CHAR(ADD_MONTHS(SYSDATE, -1), 'YYYY-MM-DD')) + 5, 50 );
INSERT INTO TBL_GROUP_CLASS_PARTICIPATION
( CLS_PTC_NO, OPENED_CLASS_NO, MEMBER_NO, PARTICIPATION_DATE, PARTICIPATION_TIME)  VALUES ( SEQ_CLS_PTC_NO.NEXTVAL, 1, 9, TO_DATE(TO_CHAR(ADD_MONTHS(SYSDATE, -1), 'YYYY-MM-DD')) + 5, 50 );
INSERT INTO TBL_GROUP_CLASS_PARTICIPATION
( CLS_PTC_NO, OPENED_CLASS_NO, MEMBER_NO, PARTICIPATION_DATE, PARTICIPATION_TIME)  VALUES ( SEQ_CLS_PTC_NO.NEXTVAL, 1, 10, TO_DATE(TO_CHAR(ADD_MONTHS(SYSDATE, -1), 'YYYY-MM-DD')) + 5, 50 );
INSERT INTO TBL_GROUP_CLASS_PARTICIPATION
( CLS_PTC_NO, OPENED_CLASS_NO, MEMBER_NO, PARTICIPATION_DATE, PARTICIPATION_TIME)  VALUES ( SEQ_CLS_PTC_NO.NEXTVAL, 1, 11, TO_DATE(TO_CHAR(ADD_MONTHS(SYSDATE, -1), 'YYYY-MM-DD')) + 5, 50 );
INSERT INTO TBL_GROUP_CLASS_PARTICIPATION
( CLS_PTC_NO, OPENED_CLASS_NO, MEMBER_NO, PARTICIPATION_DATE, PARTICIPATION_TIME)  VALUES ( SEQ_CLS_PTC_NO.NEXTVAL, 1, 12, TO_DATE(TO_CHAR(ADD_MONTHS(SYSDATE, -1), 'YYYY-MM-DD')) + 5, 50 );
INSERT INTO TBL_GROUP_CLASS_PARTICIPATION
( CLS_PTC_NO, OPENED_CLASS_NO, MEMBER_NO, PARTICIPATION_DATE, PARTICIPATION_TIME)  VALUES ( SEQ_CLS_PTC_NO.NEXTVAL, 1, 13, TO_DATE(TO_CHAR(ADD_MONTHS(SYSDATE, -1), 'YYYY-MM-DD')) + 5, 50 );
INSERT INTO TBL_GROUP_CLASS_PARTICIPATION
( CLS_PTC_NO, OPENED_CLASS_NO, MEMBER_NO, PARTICIPATION_DATE, PARTICIPATION_TIME)  VALUES ( SEQ_CLS_PTC_NO.NEXTVAL, 1, 14, TO_DATE(TO_CHAR(ADD_MONTHS(SYSDATE, -1), 'YYYY-MM-DD')) + 5, 50 );
INSERT INTO TBL_GROUP_CLASS_PARTICIPATION
( CLS_PTC_NO, OPENED_CLASS_NO, MEMBER_NO, PARTICIPATION_DATE, PARTICIPATION_TIME)  VALUES ( SEQ_CLS_PTC_NO.NEXTVAL, 1, 15, TO_DATE(TO_CHAR(ADD_MONTHS(SYSDATE, -1), 'YYYY-MM-DD')) + 5, 50 );
-- 실시간수업정산내역 10원씩 15명이 참여했다고 가정 (5회차)
INSERT INTO TBL_REALTIME_CLASS_RECEIPT
( REALTIME_CLASS_RECEIPT_NO, RGC_MANAGE_NO, TOTAL_PRICE_PER_EDITION ) VALUES ( SEQ_REALTIME_CLASS_RECEIPT_NO.NEXTVAL, 5, 150);
-- 녹화영상관리내역 19번트레이너 5회차
INSERT INTO TBL_RECORD_VIDEO_MANAGE
( VIDEO_NO, TRAINER_NO, VIDEO_SUBJECT, VIDEO_ENROLL_DATE, VIDEO_EXPIRY_DATE, HITS ) VALUES 
( SEQ_VIDEO_NO.NEXTVAL, 19, '김민끼의 멸치탈출작전 5회', TO_DATE(TO_CHAR(ADD_MONTHS(SYSDATE, -1), 'YYYY-MM-DD')) + 5, TO_DATE(TO_CHAR(ADD_MONTHS(SYSDATE, 12), 'YYYY-MM-DD')), 15 );
-- 시청기록 5회차 영상 15명
INSERT INTO TBL_WATCH_VIDEO_RECORD
( MEMBER_NO, VIDEO_NO, WATCH_DATE, WATCH_TIME ) VALUES ( 2, 5, TO_DATE(TO_CHAR(ADD_MONTHS(SYSDATE, -1), 'YYYY-MM-DD')) + 5, 50 );
INSERT INTO TBL_WATCH_VIDEO_RECORD
( MEMBER_NO, VIDEO_NO, WATCH_DATE, WATCH_TIME ) VALUES ( 3, 5, TO_DATE(TO_CHAR(ADD_MONTHS(SYSDATE, -1), 'YYYY-MM-DD')) + 5, 50 );
INSERT INTO TBL_WATCH_VIDEO_RECORD
( MEMBER_NO, VIDEO_NO, WATCH_DATE, WATCH_TIME ) VALUES ( 4, 5, TO_DATE(TO_CHAR(ADD_MONTHS(SYSDATE, -1), 'YYYY-MM-DD')) + 5, 50 );
INSERT INTO TBL_WATCH_VIDEO_RECORD
( MEMBER_NO, VIDEO_NO, WATCH_DATE, WATCH_TIME ) VALUES ( 5, 5, TO_DATE(TO_CHAR(ADD_MONTHS(SYSDATE, -1), 'YYYY-MM-DD')) + 5, 50 );
INSERT INTO TBL_WATCH_VIDEO_RECORD
( MEMBER_NO, VIDEO_NO, WATCH_DATE, WATCH_TIME ) VALUES ( 6, 5, TO_DATE(TO_CHAR(ADD_MONTHS(SYSDATE, -1), 'YYYY-MM-DD')) + 5, 50 );
INSERT INTO TBL_WATCH_VIDEO_RECORD
( MEMBER_NO, VIDEO_NO, WATCH_DATE, WATCH_TIME ) VALUES ( 7, 5, TO_DATE(TO_CHAR(ADD_MONTHS(SYSDATE, -1), 'YYYY-MM-DD')) + 5, 50 );
INSERT INTO TBL_WATCH_VIDEO_RECORD
( MEMBER_NO, VIDEO_NO, WATCH_DATE, WATCH_TIME ) VALUES ( 8, 5, TO_DATE(TO_CHAR(ADD_MONTHS(SYSDATE, -1), 'YYYY-MM-DD')) + 5, 50 );
INSERT INTO TBL_WATCH_VIDEO_RECORD
( MEMBER_NO, VIDEO_NO, WATCH_DATE, WATCH_TIME ) VALUES ( 9, 5, TO_DATE(TO_CHAR(ADD_MONTHS(SYSDATE, -1), 'YYYY-MM-DD')) + 5, 50 );
INSERT INTO TBL_WATCH_VIDEO_RECORD
( MEMBER_NO, VIDEO_NO, WATCH_DATE, WATCH_TIME ) VALUES ( 10, 5, TO_DATE(TO_CHAR(ADD_MONTHS(SYSDATE, -1), 'YYYY-MM-DD')) + 5, 50 );
INSERT INTO TBL_WATCH_VIDEO_RECORD
( MEMBER_NO, VIDEO_NO, WATCH_DATE, WATCH_TIME ) VALUES ( 11, 5, TO_DATE(TO_CHAR(ADD_MONTHS(SYSDATE, -1), 'YYYY-MM-DD')) + 5, 50 );
INSERT INTO TBL_WATCH_VIDEO_RECORD
( MEMBER_NO, VIDEO_NO, WATCH_DATE, WATCH_TIME ) VALUES ( 12, 5, TO_DATE(TO_CHAR(ADD_MONTHS(SYSDATE, -1), 'YYYY-MM-DD')) + 5, 50 );
INSERT INTO TBL_WATCH_VIDEO_RECORD
( MEMBER_NO, VIDEO_NO, WATCH_DATE, WATCH_TIME ) VALUES ( 13, 5, TO_DATE(TO_CHAR(ADD_MONTHS(SYSDATE, -1), 'YYYY-MM-DD')) + 5, 50 );
INSERT INTO TBL_WATCH_VIDEO_RECORD
( MEMBER_NO, VIDEO_NO, WATCH_DATE, WATCH_TIME ) VALUES ( 14, 5, TO_DATE(TO_CHAR(ADD_MONTHS(SYSDATE, -1), 'YYYY-MM-DD')) + 5, 50 );
INSERT INTO TBL_WATCH_VIDEO_RECORD
( MEMBER_NO, VIDEO_NO, WATCH_DATE, WATCH_TIME ) VALUES ( 15, 5, TO_DATE(TO_CHAR(ADD_MONTHS(SYSDATE, -1), 'YYYY-MM-DD')) + 5, 50 );
-- 녹화영상정산내역 (5회차)
INSERT INTO TBL_RECORD_VIDEO_RECEIPT
( RECORD_VIDEO_RECEIPT_NO, VIDEO_NO, TOTAL_PRICE_PER_VIDEO ) VALUES ( SEQ_RECORD_VIDEO_RECEIPT_NO.NEXTVAL, 5, 75 );
-------------------------------------------------------------------------------------------------------------------------------------------
-- 실시간그룹수업내역 6회차
INSERT INTO TBL_REALTIME_GROUP_CLASS
( RGC_MANAGE_NO, OPENED_CLASS_NO, EDITION_NO, CLASS_DATE, TOTAL_PARTICIPANTS ) VALUES
( SEQ_RGC_MANAGE_NO.NEXTVAL, 1, 6, TO_DATE(TO_CHAR(ADD_MONTHS(SYSDATE, -1), 'YYYY-MM-DD')) + 6, 15 );
-- 실시간그룹참여자 6회차 15명
INSERT INTO TBL_REALTIME_GROUP_PARTICIPANT
( RGC_MANAGE_NO, MEMBER_NO ) VALUES ( 6, 2 );
INSERT INTO TBL_REALTIME_GROUP_PARTICIPANT
( RGC_MANAGE_NO, MEMBER_NO ) VALUES ( 6, 3 );
INSERT INTO TBL_REALTIME_GROUP_PARTICIPANT
( RGC_MANAGE_NO, MEMBER_NO ) VALUES ( 6, 4 );
INSERT INTO TBL_REALTIME_GROUP_PARTICIPANT
( RGC_MANAGE_NO, MEMBER_NO ) VALUES ( 6, 5 );
INSERT INTO TBL_REALTIME_GROUP_PARTICIPANT
( RGC_MANAGE_NO, MEMBER_NO ) VALUES ( 6, 6 );
INSERT INTO TBL_REALTIME_GROUP_PARTICIPANT
( RGC_MANAGE_NO, MEMBER_NO ) VALUES ( 6, 7 );
INSERT INTO TBL_REALTIME_GROUP_PARTICIPANT
( RGC_MANAGE_NO, MEMBER_NO ) VALUES ( 6, 8 );
INSERT INTO TBL_REALTIME_GROUP_PARTICIPANT
( RGC_MANAGE_NO, MEMBER_NO ) VALUES ( 6, 9 );
INSERT INTO TBL_REALTIME_GROUP_PARTICIPANT
( RGC_MANAGE_NO, MEMBER_NO ) VALUES ( 6, 10 );
INSERT INTO TBL_REALTIME_GROUP_PARTICIPANT
( RGC_MANAGE_NO, MEMBER_NO ) VALUES ( 6, 11 );
INSERT INTO TBL_REALTIME_GROUP_PARTICIPANT
( RGC_MANAGE_NO, MEMBER_NO ) VALUES ( 6, 12 );
INSERT INTO TBL_REALTIME_GROUP_PARTICIPANT
( RGC_MANAGE_NO, MEMBER_NO ) VALUES ( 6, 13 );
INSERT INTO TBL_REALTIME_GROUP_PARTICIPANT
( RGC_MANAGE_NO, MEMBER_NO ) VALUES ( 6, 14 );
INSERT INTO TBL_REALTIME_GROUP_PARTICIPANT
( RGC_MANAGE_NO, MEMBER_NO ) VALUES ( 6, 15 );
-- 그룹수업참여이력 6회차 15명
INSERT INTO TBL_GROUP_CLASS_PARTICIPATION
( CLS_PTC_NO, OPENED_CLASS_NO, MEMBER_NO, PARTICIPATION_DATE, PARTICIPATION_TIME)  VALUES ( SEQ_CLS_PTC_NO.NEXTVAL, 1, 2, TO_DATE(TO_CHAR(ADD_MONTHS(SYSDATE, -1), 'YYYY-MM-DD')) + 6, 50 );
INSERT INTO TBL_GROUP_CLASS_PARTICIPATION
( CLS_PTC_NO, OPENED_CLASS_NO, MEMBER_NO, PARTICIPATION_DATE, PARTICIPATION_TIME)  VALUES ( SEQ_CLS_PTC_NO.NEXTVAL, 1, 3, TO_DATE(TO_CHAR(ADD_MONTHS(SYSDATE, -1), 'YYYY-MM-DD')) + 6, 50 );
INSERT INTO TBL_GROUP_CLASS_PARTICIPATION
( CLS_PTC_NO, OPENED_CLASS_NO, MEMBER_NO, PARTICIPATION_DATE, PARTICIPATION_TIME)  VALUES ( SEQ_CLS_PTC_NO.NEXTVAL, 1, 4, TO_DATE(TO_CHAR(ADD_MONTHS(SYSDATE, -1), 'YYYY-MM-DD')) + 6, 50 );
INSERT INTO TBL_GROUP_CLASS_PARTICIPATION
( CLS_PTC_NO, OPENED_CLASS_NO, MEMBER_NO, PARTICIPATION_DATE, PARTICIPATION_TIME)  VALUES ( SEQ_CLS_PTC_NO.NEXTVAL, 1, 5, TO_DATE(TO_CHAR(ADD_MONTHS(SYSDATE, -1), 'YYYY-MM-DD')) + 6, 50 );
INSERT INTO TBL_GROUP_CLASS_PARTICIPATION
( CLS_PTC_NO, OPENED_CLASS_NO, MEMBER_NO, PARTICIPATION_DATE, PARTICIPATION_TIME)  VALUES ( SEQ_CLS_PTC_NO.NEXTVAL, 1, 6, TO_DATE(TO_CHAR(ADD_MONTHS(SYSDATE, -1), 'YYYY-MM-DD')) + 6, 50 );
INSERT INTO TBL_GROUP_CLASS_PARTICIPATION
( CLS_PTC_NO, OPENED_CLASS_NO, MEMBER_NO, PARTICIPATION_DATE, PARTICIPATION_TIME)  VALUES ( SEQ_CLS_PTC_NO.NEXTVAL, 1, 7, TO_DATE(TO_CHAR(ADD_MONTHS(SYSDATE, -1), 'YYYY-MM-DD')) + 6, 50 );
INSERT INTO TBL_GROUP_CLASS_PARTICIPATION
( CLS_PTC_NO, OPENED_CLASS_NO, MEMBER_NO, PARTICIPATION_DATE, PARTICIPATION_TIME)  VALUES ( SEQ_CLS_PTC_NO.NEXTVAL, 1, 8, TO_DATE(TO_CHAR(ADD_MONTHS(SYSDATE, -1), 'YYYY-MM-DD')) + 6, 50 );
INSERT INTO TBL_GROUP_CLASS_PARTICIPATION
( CLS_PTC_NO, OPENED_CLASS_NO, MEMBER_NO, PARTICIPATION_DATE, PARTICIPATION_TIME)  VALUES ( SEQ_CLS_PTC_NO.NEXTVAL, 1, 9, TO_DATE(TO_CHAR(ADD_MONTHS(SYSDATE, -1), 'YYYY-MM-DD')) + 6, 50 );
INSERT INTO TBL_GROUP_CLASS_PARTICIPATION
( CLS_PTC_NO, OPENED_CLASS_NO, MEMBER_NO, PARTICIPATION_DATE, PARTICIPATION_TIME)  VALUES ( SEQ_CLS_PTC_NO.NEXTVAL, 1, 10, TO_DATE(TO_CHAR(ADD_MONTHS(SYSDATE, -1), 'YYYY-MM-DD')) + 6, 50 );
INSERT INTO TBL_GROUP_CLASS_PARTICIPATION
( CLS_PTC_NO, OPENED_CLASS_NO, MEMBER_NO, PARTICIPATION_DATE, PARTICIPATION_TIME)  VALUES ( SEQ_CLS_PTC_NO.NEXTVAL, 1, 11, TO_DATE(TO_CHAR(ADD_MONTHS(SYSDATE, -1), 'YYYY-MM-DD')) + 6, 50 );
INSERT INTO TBL_GROUP_CLASS_PARTICIPATION
( CLS_PTC_NO, OPENED_CLASS_NO, MEMBER_NO, PARTICIPATION_DATE, PARTICIPATION_TIME)  VALUES ( SEQ_CLS_PTC_NO.NEXTVAL, 1, 12, TO_DATE(TO_CHAR(ADD_MONTHS(SYSDATE, -1), 'YYYY-MM-DD')) + 6, 50 );
INSERT INTO TBL_GROUP_CLASS_PARTICIPATION
( CLS_PTC_NO, OPENED_CLASS_NO, MEMBER_NO, PARTICIPATION_DATE, PARTICIPATION_TIME)  VALUES ( SEQ_CLS_PTC_NO.NEXTVAL, 1, 13, TO_DATE(TO_CHAR(ADD_MONTHS(SYSDATE, -1), 'YYYY-MM-DD')) + 6, 50 );
INSERT INTO TBL_GROUP_CLASS_PARTICIPATION
( CLS_PTC_NO, OPENED_CLASS_NO, MEMBER_NO, PARTICIPATION_DATE, PARTICIPATION_TIME)  VALUES ( SEQ_CLS_PTC_NO.NEXTVAL, 1, 14, TO_DATE(TO_CHAR(ADD_MONTHS(SYSDATE, -1), 'YYYY-MM-DD')) + 6, 50 );
INSERT INTO TBL_GROUP_CLASS_PARTICIPATION
( CLS_PTC_NO, OPENED_CLASS_NO, MEMBER_NO, PARTICIPATION_DATE, PARTICIPATION_TIME)  VALUES ( SEQ_CLS_PTC_NO.NEXTVAL, 1, 15, TO_DATE(TO_CHAR(ADD_MONTHS(SYSDATE, -1), 'YYYY-MM-DD')) + 6, 50 );
-- 실시간수업정산내역 10원씩 15명이 참여했다고 가정 (6회차)
INSERT INTO TBL_REALTIME_CLASS_RECEIPT
( REALTIME_CLASS_RECEIPT_NO, RGC_MANAGE_NO, TOTAL_PRICE_PER_EDITION ) VALUES ( SEQ_REALTIME_CLASS_RECEIPT_NO.NEXTVAL, 6, 150);
-- 녹화영상관리내역 19번트레이너 6회차
INSERT INTO TBL_RECORD_VIDEO_MANAGE
( VIDEO_NO, TRAINER_NO, VIDEO_SUBJECT, VIDEO_ENROLL_DATE, VIDEO_EXPIRY_DATE, HITS ) VALUES 
( SEQ_VIDEO_NO.NEXTVAL, 19, '김민끼의 멸치탈출작전 6회', TO_DATE(TO_CHAR(ADD_MONTHS(SYSDATE, -1), 'YYYY-MM-DD')) + 6, TO_DATE(TO_CHAR(ADD_MONTHS(SYSDATE, 12), 'YYYY-MM-DD')), 15 );
-- 시청기록 6회차 영상 15명
INSERT INTO TBL_WATCH_VIDEO_RECORD
( MEMBER_NO, VIDEO_NO, WATCH_DATE, WATCH_TIME ) VALUES ( 2, 6, TO_DATE(TO_CHAR(ADD_MONTHS(SYSDATE, -1), 'YYYY-MM-DD')) + 6, 50 );
INSERT INTO TBL_WATCH_VIDEO_RECORD
( MEMBER_NO, VIDEO_NO, WATCH_DATE, WATCH_TIME ) VALUES ( 3, 6, TO_DATE(TO_CHAR(ADD_MONTHS(SYSDATE, -1), 'YYYY-MM-DD')) + 6, 50 );
INSERT INTO TBL_WATCH_VIDEO_RECORD
( MEMBER_NO, VIDEO_NO, WATCH_DATE, WATCH_TIME ) VALUES ( 4, 6, TO_DATE(TO_CHAR(ADD_MONTHS(SYSDATE, -1), 'YYYY-MM-DD')) + 6, 50 );
INSERT INTO TBL_WATCH_VIDEO_RECORD
( MEMBER_NO, VIDEO_NO, WATCH_DATE, WATCH_TIME ) VALUES ( 5, 6, TO_DATE(TO_CHAR(ADD_MONTHS(SYSDATE, -1), 'YYYY-MM-DD')) + 6, 50 );
INSERT INTO TBL_WATCH_VIDEO_RECORD
( MEMBER_NO, VIDEO_NO, WATCH_DATE, WATCH_TIME ) VALUES ( 6, 6, TO_DATE(TO_CHAR(ADD_MONTHS(SYSDATE, -1), 'YYYY-MM-DD')) + 6, 50 );
INSERT INTO TBL_WATCH_VIDEO_RECORD
( MEMBER_NO, VIDEO_NO, WATCH_DATE, WATCH_TIME ) VALUES ( 7, 6, TO_DATE(TO_CHAR(ADD_MONTHS(SYSDATE, -1), 'YYYY-MM-DD')) + 6, 50 );
INSERT INTO TBL_WATCH_VIDEO_RECORD
( MEMBER_NO, VIDEO_NO, WATCH_DATE, WATCH_TIME ) VALUES ( 8, 6, TO_DATE(TO_CHAR(ADD_MONTHS(SYSDATE, -1), 'YYYY-MM-DD')) + 6, 50 );
INSERT INTO TBL_WATCH_VIDEO_RECORD
( MEMBER_NO, VIDEO_NO, WATCH_DATE, WATCH_TIME ) VALUES ( 9, 6, TO_DATE(TO_CHAR(ADD_MONTHS(SYSDATE, -1), 'YYYY-MM-DD')) + 6, 50 );
INSERT INTO TBL_WATCH_VIDEO_RECORD
( MEMBER_NO, VIDEO_NO, WATCH_DATE, WATCH_TIME ) VALUES ( 10, 6, TO_DATE(TO_CHAR(ADD_MONTHS(SYSDATE, -1), 'YYYY-MM-DD')) + 6, 50 );
INSERT INTO TBL_WATCH_VIDEO_RECORD
( MEMBER_NO, VIDEO_NO, WATCH_DATE, WATCH_TIME ) VALUES ( 11, 6, TO_DATE(TO_CHAR(ADD_MONTHS(SYSDATE, -1), 'YYYY-MM-DD')) + 6, 50 );
INSERT INTO TBL_WATCH_VIDEO_RECORD
( MEMBER_NO, VIDEO_NO, WATCH_DATE, WATCH_TIME ) VALUES ( 12, 6, TO_DATE(TO_CHAR(ADD_MONTHS(SYSDATE, -1), 'YYYY-MM-DD')) + 6, 50 );
INSERT INTO TBL_WATCH_VIDEO_RECORD
( MEMBER_NO, VIDEO_NO, WATCH_DATE, WATCH_TIME ) VALUES ( 13, 6, TO_DATE(TO_CHAR(ADD_MONTHS(SYSDATE, -1), 'YYYY-MM-DD')) + 6, 50 );
INSERT INTO TBL_WATCH_VIDEO_RECORD
( MEMBER_NO, VIDEO_NO, WATCH_DATE, WATCH_TIME ) VALUES ( 14, 6, TO_DATE(TO_CHAR(ADD_MONTHS(SYSDATE, -1), 'YYYY-MM-DD')) + 6, 50 );
INSERT INTO TBL_WATCH_VIDEO_RECORD
( MEMBER_NO, VIDEO_NO, WATCH_DATE, WATCH_TIME ) VALUES ( 15, 6, TO_DATE(TO_CHAR(ADD_MONTHS(SYSDATE, -1), 'YYYY-MM-DD')) + 6, 50 );
-- 녹화영상정산내역 (6회차)
INSERT INTO TBL_RECORD_VIDEO_RECEIPT
( RECORD_VIDEO_RECEIPT_NO, VIDEO_NO, TOTAL_PRICE_PER_VIDEO ) VALUES ( SEQ_RECORD_VIDEO_RECEIPT_NO.NEXTVAL, 6, 75 );
-------------------------------------------------------------------------------------------------------------------------------------------
-- 실시간그룹수업내역 7회차
INSERT INTO TBL_REALTIME_GROUP_CLASS
( RGC_MANAGE_NO, OPENED_CLASS_NO, EDITION_NO, CLASS_DATE, TOTAL_PARTICIPANTS ) VALUES
( SEQ_RGC_MANAGE_NO.NEXTVAL, 1, 7, TO_DATE(TO_CHAR(ADD_MONTHS(SYSDATE, -1), 'YYYY-MM-DD')) + 7, 15 );
-- 실시간그룹참여자 7회차 15명
INSERT INTO TBL_REALTIME_GROUP_PARTICIPANT
( RGC_MANAGE_NO, MEMBER_NO ) VALUES ( 7, 2 );
INSERT INTO TBL_REALTIME_GROUP_PARTICIPANT
( RGC_MANAGE_NO, MEMBER_NO ) VALUES ( 7, 3 );
INSERT INTO TBL_REALTIME_GROUP_PARTICIPANT
( RGC_MANAGE_NO, MEMBER_NO ) VALUES ( 7, 4 );
INSERT INTO TBL_REALTIME_GROUP_PARTICIPANT
( RGC_MANAGE_NO, MEMBER_NO ) VALUES ( 7, 5 );
INSERT INTO TBL_REALTIME_GROUP_PARTICIPANT
( RGC_MANAGE_NO, MEMBER_NO ) VALUES ( 7, 6 );
INSERT INTO TBL_REALTIME_GROUP_PARTICIPANT
( RGC_MANAGE_NO, MEMBER_NO ) VALUES ( 7, 7 );
INSERT INTO TBL_REALTIME_GROUP_PARTICIPANT
( RGC_MANAGE_NO, MEMBER_NO ) VALUES ( 7, 8 );
INSERT INTO TBL_REALTIME_GROUP_PARTICIPANT
( RGC_MANAGE_NO, MEMBER_NO ) VALUES ( 7, 9 );
INSERT INTO TBL_REALTIME_GROUP_PARTICIPANT
( RGC_MANAGE_NO, MEMBER_NO ) VALUES ( 7, 10 );
INSERT INTO TBL_REALTIME_GROUP_PARTICIPANT
( RGC_MANAGE_NO, MEMBER_NO ) VALUES ( 7, 11 );
INSERT INTO TBL_REALTIME_GROUP_PARTICIPANT
( RGC_MANAGE_NO, MEMBER_NO ) VALUES ( 7, 12 );
INSERT INTO TBL_REALTIME_GROUP_PARTICIPANT
( RGC_MANAGE_NO, MEMBER_NO ) VALUES ( 7, 13 );
INSERT INTO TBL_REALTIME_GROUP_PARTICIPANT
( RGC_MANAGE_NO, MEMBER_NO ) VALUES ( 7, 14 );
INSERT INTO TBL_REALTIME_GROUP_PARTICIPANT
( RGC_MANAGE_NO, MEMBER_NO ) VALUES ( 7, 15 );
-- 그룹수업참여이력 7회차 15명
INSERT INTO TBL_GROUP_CLASS_PARTICIPATION
( CLS_PTC_NO, OPENED_CLASS_NO, MEMBER_NO, PARTICIPATION_DATE, PARTICIPATION_TIME)  VALUES ( SEQ_CLS_PTC_NO.NEXTVAL, 1, 2, TO_DATE(TO_CHAR(ADD_MONTHS(SYSDATE, -1), 'YYYY-MM-DD')) + 7, 50 );
INSERT INTO TBL_GROUP_CLASS_PARTICIPATION
( CLS_PTC_NO, OPENED_CLASS_NO, MEMBER_NO, PARTICIPATION_DATE, PARTICIPATION_TIME)  VALUES ( SEQ_CLS_PTC_NO.NEXTVAL, 1, 3, TO_DATE(TO_CHAR(ADD_MONTHS(SYSDATE, -1), 'YYYY-MM-DD')) + 7, 50 );
INSERT INTO TBL_GROUP_CLASS_PARTICIPATION
( CLS_PTC_NO, OPENED_CLASS_NO, MEMBER_NO, PARTICIPATION_DATE, PARTICIPATION_TIME)  VALUES ( SEQ_CLS_PTC_NO.NEXTVAL, 1, 4, TO_DATE(TO_CHAR(ADD_MONTHS(SYSDATE, -1), 'YYYY-MM-DD')) + 7, 50 );
INSERT INTO TBL_GROUP_CLASS_PARTICIPATION
( CLS_PTC_NO, OPENED_CLASS_NO, MEMBER_NO, PARTICIPATION_DATE, PARTICIPATION_TIME)  VALUES ( SEQ_CLS_PTC_NO.NEXTVAL, 1, 5, TO_DATE(TO_CHAR(ADD_MONTHS(SYSDATE, -1), 'YYYY-MM-DD')) + 7, 50 );
INSERT INTO TBL_GROUP_CLASS_PARTICIPATION
( CLS_PTC_NO, OPENED_CLASS_NO, MEMBER_NO, PARTICIPATION_DATE, PARTICIPATION_TIME)  VALUES ( SEQ_CLS_PTC_NO.NEXTVAL, 1, 6, TO_DATE(TO_CHAR(ADD_MONTHS(SYSDATE, -1), 'YYYY-MM-DD')) + 7, 50 );
INSERT INTO TBL_GROUP_CLASS_PARTICIPATION
( CLS_PTC_NO, OPENED_CLASS_NO, MEMBER_NO, PARTICIPATION_DATE, PARTICIPATION_TIME)  VALUES ( SEQ_CLS_PTC_NO.NEXTVAL, 1, 7, TO_DATE(TO_CHAR(ADD_MONTHS(SYSDATE, -1), 'YYYY-MM-DD')) + 7, 50 );
INSERT INTO TBL_GROUP_CLASS_PARTICIPATION
( CLS_PTC_NO, OPENED_CLASS_NO, MEMBER_NO, PARTICIPATION_DATE, PARTICIPATION_TIME)  VALUES ( SEQ_CLS_PTC_NO.NEXTVAL, 1, 8, TO_DATE(TO_CHAR(ADD_MONTHS(SYSDATE, -1), 'YYYY-MM-DD')) + 7, 50 );
INSERT INTO TBL_GROUP_CLASS_PARTICIPATION
( CLS_PTC_NO, OPENED_CLASS_NO, MEMBER_NO, PARTICIPATION_DATE, PARTICIPATION_TIME)  VALUES ( SEQ_CLS_PTC_NO.NEXTVAL, 1, 9, TO_DATE(TO_CHAR(ADD_MONTHS(SYSDATE, -1), 'YYYY-MM-DD')) + 7, 50 );
INSERT INTO TBL_GROUP_CLASS_PARTICIPATION
( CLS_PTC_NO, OPENED_CLASS_NO, MEMBER_NO, PARTICIPATION_DATE, PARTICIPATION_TIME)  VALUES ( SEQ_CLS_PTC_NO.NEXTVAL, 1, 10, TO_DATE(TO_CHAR(ADD_MONTHS(SYSDATE, -1), 'YYYY-MM-DD')) + 7, 50 );
INSERT INTO TBL_GROUP_CLASS_PARTICIPATION
( CLS_PTC_NO, OPENED_CLASS_NO, MEMBER_NO, PARTICIPATION_DATE, PARTICIPATION_TIME)  VALUES ( SEQ_CLS_PTC_NO.NEXTVAL, 1, 11, TO_DATE(TO_CHAR(ADD_MONTHS(SYSDATE, -1), 'YYYY-MM-DD')) + 7, 50 );
INSERT INTO TBL_GROUP_CLASS_PARTICIPATION
( CLS_PTC_NO, OPENED_CLASS_NO, MEMBER_NO, PARTICIPATION_DATE, PARTICIPATION_TIME)  VALUES ( SEQ_CLS_PTC_NO.NEXTVAL, 1, 12, TO_DATE(TO_CHAR(ADD_MONTHS(SYSDATE, -1), 'YYYY-MM-DD')) + 7, 50 );
INSERT INTO TBL_GROUP_CLASS_PARTICIPATION
( CLS_PTC_NO, OPENED_CLASS_NO, MEMBER_NO, PARTICIPATION_DATE, PARTICIPATION_TIME)  VALUES ( SEQ_CLS_PTC_NO.NEXTVAL, 1, 13, TO_DATE(TO_CHAR(ADD_MONTHS(SYSDATE, -1), 'YYYY-MM-DD')) + 7, 50 );
INSERT INTO TBL_GROUP_CLASS_PARTICIPATION
( CLS_PTC_NO, OPENED_CLASS_NO, MEMBER_NO, PARTICIPATION_DATE, PARTICIPATION_TIME)  VALUES ( SEQ_CLS_PTC_NO.NEXTVAL, 1, 14, TO_DATE(TO_CHAR(ADD_MONTHS(SYSDATE, -1), 'YYYY-MM-DD')) + 7, 50 );
INSERT INTO TBL_GROUP_CLASS_PARTICIPATION
( CLS_PTC_NO, OPENED_CLASS_NO, MEMBER_NO, PARTICIPATION_DATE, PARTICIPATION_TIME)  VALUES ( SEQ_CLS_PTC_NO.NEXTVAL, 1, 15, TO_DATE(TO_CHAR(ADD_MONTHS(SYSDATE, -1), 'YYYY-MM-DD')) + 7, 50 );
-- 실시간수업정산내역 10원씩 15명이 참여했다고 가정 (7회차)
INSERT INTO TBL_REALTIME_CLASS_RECEIPT
( REALTIME_CLASS_RECEIPT_NO, RGC_MANAGE_NO, TOTAL_PRICE_PER_EDITION ) VALUES ( SEQ_REALTIME_CLASS_RECEIPT_NO.NEXTVAL, 7, 150);
-- 녹화영상관리내역 19번트레이너 7회차
INSERT INTO TBL_RECORD_VIDEO_MANAGE
( VIDEO_NO, TRAINER_NO, VIDEO_SUBJECT, VIDEO_ENROLL_DATE, VIDEO_EXPIRY_DATE, HITS ) VALUES 
( SEQ_VIDEO_NO.NEXTVAL, 19, '김민끼의 멸치탈출작전 7회', TO_DATE(TO_CHAR(ADD_MONTHS(SYSDATE, -1), 'YYYY-MM-DD')) + 7, TO_DATE(TO_CHAR(ADD_MONTHS(SYSDATE, 12), 'YYYY-MM-DD')), 15 );
-- 시청기록 7회차 영상 15명
INSERT INTO TBL_WATCH_VIDEO_RECORD
( MEMBER_NO, VIDEO_NO, WATCH_DATE, WATCH_TIME ) VALUES ( 2, 7, TO_DATE(TO_CHAR(ADD_MONTHS(SYSDATE, -1), 'YYYY-MM-DD')) + 7, 50 );
INSERT INTO TBL_WATCH_VIDEO_RECORD
( MEMBER_NO, VIDEO_NO, WATCH_DATE, WATCH_TIME ) VALUES ( 3, 7, TO_DATE(TO_CHAR(ADD_MONTHS(SYSDATE, -1), 'YYYY-MM-DD')) + 7, 50 );
INSERT INTO TBL_WATCH_VIDEO_RECORD
( MEMBER_NO, VIDEO_NO, WATCH_DATE, WATCH_TIME ) VALUES ( 4, 7, TO_DATE(TO_CHAR(ADD_MONTHS(SYSDATE, -1), 'YYYY-MM-DD')) + 7, 50 );
INSERT INTO TBL_WATCH_VIDEO_RECORD
( MEMBER_NO, VIDEO_NO, WATCH_DATE, WATCH_TIME ) VALUES ( 5, 7, TO_DATE(TO_CHAR(ADD_MONTHS(SYSDATE, -1), 'YYYY-MM-DD')) + 7, 50 );
INSERT INTO TBL_WATCH_VIDEO_RECORD
( MEMBER_NO, VIDEO_NO, WATCH_DATE, WATCH_TIME ) VALUES ( 6, 7, TO_DATE(TO_CHAR(ADD_MONTHS(SYSDATE, -1), 'YYYY-MM-DD')) + 7, 50 );
INSERT INTO TBL_WATCH_VIDEO_RECORD
( MEMBER_NO, VIDEO_NO, WATCH_DATE, WATCH_TIME ) VALUES ( 7, 7, TO_DATE(TO_CHAR(ADD_MONTHS(SYSDATE, -1), 'YYYY-MM-DD')) + 7, 50 );
INSERT INTO TBL_WATCH_VIDEO_RECORD
( MEMBER_NO, VIDEO_NO, WATCH_DATE, WATCH_TIME ) VALUES ( 8, 7, TO_DATE(TO_CHAR(ADD_MONTHS(SYSDATE, -1), 'YYYY-MM-DD')) + 7, 50 );
INSERT INTO TBL_WATCH_VIDEO_RECORD
( MEMBER_NO, VIDEO_NO, WATCH_DATE, WATCH_TIME ) VALUES ( 9, 7, TO_DATE(TO_CHAR(ADD_MONTHS(SYSDATE, -1), 'YYYY-MM-DD')) + 7, 50 );
INSERT INTO TBL_WATCH_VIDEO_RECORD
( MEMBER_NO, VIDEO_NO, WATCH_DATE, WATCH_TIME ) VALUES ( 10, 7, TO_DATE(TO_CHAR(ADD_MONTHS(SYSDATE, -1), 'YYYY-MM-DD')) + 7, 50 );
INSERT INTO TBL_WATCH_VIDEO_RECORD
( MEMBER_NO, VIDEO_NO, WATCH_DATE, WATCH_TIME ) VALUES ( 11, 7, TO_DATE(TO_CHAR(ADD_MONTHS(SYSDATE, -1), 'YYYY-MM-DD')) + 7, 50 );
INSERT INTO TBL_WATCH_VIDEO_RECORD
( MEMBER_NO, VIDEO_NO, WATCH_DATE, WATCH_TIME ) VALUES ( 12, 7, TO_DATE(TO_CHAR(ADD_MONTHS(SYSDATE, -1), 'YYYY-MM-DD')) + 7, 50 );
INSERT INTO TBL_WATCH_VIDEO_RECORD
( MEMBER_NO, VIDEO_NO, WATCH_DATE, WATCH_TIME ) VALUES ( 13, 7, TO_DATE(TO_CHAR(ADD_MONTHS(SYSDATE, -1), 'YYYY-MM-DD')) + 7, 50 );
INSERT INTO TBL_WATCH_VIDEO_RECORD
( MEMBER_NO, VIDEO_NO, WATCH_DATE, WATCH_TIME ) VALUES ( 14, 7, TO_DATE(TO_CHAR(ADD_MONTHS(SYSDATE, -1), 'YYYY-MM-DD')) + 7, 50 );
INSERT INTO TBL_WATCH_VIDEO_RECORD
( MEMBER_NO, VIDEO_NO, WATCH_DATE, WATCH_TIME ) VALUES ( 15, 7, TO_DATE(TO_CHAR(ADD_MONTHS(SYSDATE, -1), 'YYYY-MM-DD')) + 7, 50 );
-- 녹화영상정산내역 (7회차)
INSERT INTO TBL_RECORD_VIDEO_RECEIPT
( RECORD_VIDEO_RECEIPT_NO, VIDEO_NO, TOTAL_PRICE_PER_VIDEO ) VALUES ( SEQ_RECORD_VIDEO_RECEIPT_NO.NEXTVAL, 7, 75 );
-------------------------------------------------------------------------------------------------------------------------------------------
-- 실시간그룹수업내역 8회차
INSERT INTO TBL_REALTIME_GROUP_CLASS
( RGC_MANAGE_NO, OPENED_CLASS_NO, EDITION_NO, CLASS_DATE, TOTAL_PARTICIPANTS ) VALUES
( SEQ_RGC_MANAGE_NO.NEXTVAL, 1, 8, TO_DATE(TO_CHAR(ADD_MONTHS(SYSDATE, -1), 'YYYY-MM-DD')) + 8, 15 );
-- 실시간그룹참여자 8회차 15명
INSERT INTO TBL_REALTIME_GROUP_PARTICIPANT
( RGC_MANAGE_NO, MEMBER_NO ) VALUES ( 8, 2 );
INSERT INTO TBL_REALTIME_GROUP_PARTICIPANT
( RGC_MANAGE_NO, MEMBER_NO ) VALUES ( 8, 3 );
INSERT INTO TBL_REALTIME_GROUP_PARTICIPANT
( RGC_MANAGE_NO, MEMBER_NO ) VALUES ( 8, 4 );
INSERT INTO TBL_REALTIME_GROUP_PARTICIPANT
( RGC_MANAGE_NO, MEMBER_NO ) VALUES ( 8, 5 );
INSERT INTO TBL_REALTIME_GROUP_PARTICIPANT
( RGC_MANAGE_NO, MEMBER_NO ) VALUES ( 8, 6 );
INSERT INTO TBL_REALTIME_GROUP_PARTICIPANT
( RGC_MANAGE_NO, MEMBER_NO ) VALUES ( 8, 7 );
INSERT INTO TBL_REALTIME_GROUP_PARTICIPANT
( RGC_MANAGE_NO, MEMBER_NO ) VALUES ( 8, 8 );
INSERT INTO TBL_REALTIME_GROUP_PARTICIPANT
( RGC_MANAGE_NO, MEMBER_NO ) VALUES ( 8, 9 );
INSERT INTO TBL_REALTIME_GROUP_PARTICIPANT
( RGC_MANAGE_NO, MEMBER_NO ) VALUES ( 8, 10 );
INSERT INTO TBL_REALTIME_GROUP_PARTICIPANT
( RGC_MANAGE_NO, MEMBER_NO ) VALUES ( 8, 11 );
INSERT INTO TBL_REALTIME_GROUP_PARTICIPANT
( RGC_MANAGE_NO, MEMBER_NO ) VALUES ( 8, 12 );
INSERT INTO TBL_REALTIME_GROUP_PARTICIPANT
( RGC_MANAGE_NO, MEMBER_NO ) VALUES ( 8, 13 );
INSERT INTO TBL_REALTIME_GROUP_PARTICIPANT
( RGC_MANAGE_NO, MEMBER_NO ) VALUES ( 8, 14 );
INSERT INTO TBL_REALTIME_GROUP_PARTICIPANT
( RGC_MANAGE_NO, MEMBER_NO ) VALUES ( 8, 15 );
-- 그룹수업참여이력 8회차 15명
INSERT INTO TBL_GROUP_CLASS_PARTICIPATION
( CLS_PTC_NO, OPENED_CLASS_NO, MEMBER_NO, PARTICIPATION_DATE, PARTICIPATION_TIME)  VALUES ( SEQ_CLS_PTC_NO.NEXTVAL, 1, 2, TO_DATE(TO_CHAR(ADD_MONTHS(SYSDATE, -1), 'YYYY-MM-DD')) + 8, 50 );
INSERT INTO TBL_GROUP_CLASS_PARTICIPATION
( CLS_PTC_NO, OPENED_CLASS_NO, MEMBER_NO, PARTICIPATION_DATE, PARTICIPATION_TIME)  VALUES ( SEQ_CLS_PTC_NO.NEXTVAL, 1, 3, TO_DATE(TO_CHAR(ADD_MONTHS(SYSDATE, -1), 'YYYY-MM-DD')) + 8, 50 );
INSERT INTO TBL_GROUP_CLASS_PARTICIPATION
( CLS_PTC_NO, OPENED_CLASS_NO, MEMBER_NO, PARTICIPATION_DATE, PARTICIPATION_TIME)  VALUES ( SEQ_CLS_PTC_NO.NEXTVAL, 1, 4, TO_DATE(TO_CHAR(ADD_MONTHS(SYSDATE, -1), 'YYYY-MM-DD')) + 8, 50 );
INSERT INTO TBL_GROUP_CLASS_PARTICIPATION
( CLS_PTC_NO, OPENED_CLASS_NO, MEMBER_NO, PARTICIPATION_DATE, PARTICIPATION_TIME)  VALUES ( SEQ_CLS_PTC_NO.NEXTVAL, 1, 5, TO_DATE(TO_CHAR(ADD_MONTHS(SYSDATE, -1), 'YYYY-MM-DD')) + 8, 50 );
INSERT INTO TBL_GROUP_CLASS_PARTICIPATION
( CLS_PTC_NO, OPENED_CLASS_NO, MEMBER_NO, PARTICIPATION_DATE, PARTICIPATION_TIME)  VALUES ( SEQ_CLS_PTC_NO.NEXTVAL, 1, 6, TO_DATE(TO_CHAR(ADD_MONTHS(SYSDATE, -1), 'YYYY-MM-DD')) + 8, 50 );
INSERT INTO TBL_GROUP_CLASS_PARTICIPATION
( CLS_PTC_NO, OPENED_CLASS_NO, MEMBER_NO, PARTICIPATION_DATE, PARTICIPATION_TIME)  VALUES ( SEQ_CLS_PTC_NO.NEXTVAL, 1, 7, TO_DATE(TO_CHAR(ADD_MONTHS(SYSDATE, -1), 'YYYY-MM-DD')) + 8, 50 );
INSERT INTO TBL_GROUP_CLASS_PARTICIPATION
( CLS_PTC_NO, OPENED_CLASS_NO, MEMBER_NO, PARTICIPATION_DATE, PARTICIPATION_TIME)  VALUES ( SEQ_CLS_PTC_NO.NEXTVAL, 1, 8, TO_DATE(TO_CHAR(ADD_MONTHS(SYSDATE, -1), 'YYYY-MM-DD')) + 8, 50 );
INSERT INTO TBL_GROUP_CLASS_PARTICIPATION
( CLS_PTC_NO, OPENED_CLASS_NO, MEMBER_NO, PARTICIPATION_DATE, PARTICIPATION_TIME)  VALUES ( SEQ_CLS_PTC_NO.NEXTVAL, 1, 9, TO_DATE(TO_CHAR(ADD_MONTHS(SYSDATE, -1), 'YYYY-MM-DD')) + 8, 50 );
INSERT INTO TBL_GROUP_CLASS_PARTICIPATION
( CLS_PTC_NO, OPENED_CLASS_NO, MEMBER_NO, PARTICIPATION_DATE, PARTICIPATION_TIME)  VALUES ( SEQ_CLS_PTC_NO.NEXTVAL, 1, 10, TO_DATE(TO_CHAR(ADD_MONTHS(SYSDATE, -1), 'YYYY-MM-DD')) + 8, 50 );
INSERT INTO TBL_GROUP_CLASS_PARTICIPATION
( CLS_PTC_NO, OPENED_CLASS_NO, MEMBER_NO, PARTICIPATION_DATE, PARTICIPATION_TIME)  VALUES ( SEQ_CLS_PTC_NO.NEXTVAL, 1, 11, TO_DATE(TO_CHAR(ADD_MONTHS(SYSDATE, -1), 'YYYY-MM-DD')) + 8, 50 );
INSERT INTO TBL_GROUP_CLASS_PARTICIPATION
( CLS_PTC_NO, OPENED_CLASS_NO, MEMBER_NO, PARTICIPATION_DATE, PARTICIPATION_TIME)  VALUES ( SEQ_CLS_PTC_NO.NEXTVAL, 1, 12, TO_DATE(TO_CHAR(ADD_MONTHS(SYSDATE, -1), 'YYYY-MM-DD')) + 8, 50 );
INSERT INTO TBL_GROUP_CLASS_PARTICIPATION
( CLS_PTC_NO, OPENED_CLASS_NO, MEMBER_NO, PARTICIPATION_DATE, PARTICIPATION_TIME)  VALUES ( SEQ_CLS_PTC_NO.NEXTVAL, 1, 13, TO_DATE(TO_CHAR(ADD_MONTHS(SYSDATE, -1), 'YYYY-MM-DD')) + 8, 50 );
INSERT INTO TBL_GROUP_CLASS_PARTICIPATION
( CLS_PTC_NO, OPENED_CLASS_NO, MEMBER_NO, PARTICIPATION_DATE, PARTICIPATION_TIME)  VALUES ( SEQ_CLS_PTC_NO.NEXTVAL, 1, 14, TO_DATE(TO_CHAR(ADD_MONTHS(SYSDATE, -1), 'YYYY-MM-DD')) + 8, 50 );
INSERT INTO TBL_GROUP_CLASS_PARTICIPATION
( CLS_PTC_NO, OPENED_CLASS_NO, MEMBER_NO, PARTICIPATION_DATE, PARTICIPATION_TIME)  VALUES ( SEQ_CLS_PTC_NO.NEXTVAL, 1, 15, TO_DATE(TO_CHAR(ADD_MONTHS(SYSDATE, -1), 'YYYY-MM-DD')) + 8, 50 );
-- 실시간수업정산내역 10원씩 15명이 참여했다고 가정 (8회차)
INSERT INTO TBL_REALTIME_CLASS_RECEIPT
( REALTIME_CLASS_RECEIPT_NO, RGC_MANAGE_NO, TOTAL_PRICE_PER_EDITION ) VALUES ( SEQ_REALTIME_CLASS_RECEIPT_NO.NEXTVAL, 8, 150);
-- 녹화영상관리내역 19번트레이너 8회차
INSERT INTO TBL_RECORD_VIDEO_MANAGE
( VIDEO_NO, TRAINER_NO, VIDEO_SUBJECT, VIDEO_ENROLL_DATE, VIDEO_EXPIRY_DATE, HITS ) VALUES 
( SEQ_VIDEO_NO.NEXTVAL, 19, '김민끼의 멸치탈출작전 8회', TO_DATE(TO_CHAR(ADD_MONTHS(SYSDATE, -1), 'YYYY-MM-DD')) + 8, TO_DATE(TO_CHAR(ADD_MONTHS(SYSDATE, 12), 'YYYY-MM-DD')), 15 );
-- 시청기록 8회차 영상 15명
INSERT INTO TBL_WATCH_VIDEO_RECORD
( MEMBER_NO, VIDEO_NO, WATCH_DATE, WATCH_TIME ) VALUES ( 2, 8, TO_DATE(TO_CHAR(ADD_MONTHS(SYSDATE, -1), 'YYYY-MM-DD')) + 8, 50 );
INSERT INTO TBL_WATCH_VIDEO_RECORD
( MEMBER_NO, VIDEO_NO, WATCH_DATE, WATCH_TIME ) VALUES ( 3, 8, TO_DATE(TO_CHAR(ADD_MONTHS(SYSDATE, -1), 'YYYY-MM-DD')) + 8, 50 );
INSERT INTO TBL_WATCH_VIDEO_RECORD
( MEMBER_NO, VIDEO_NO, WATCH_DATE, WATCH_TIME ) VALUES ( 4, 8, TO_DATE(TO_CHAR(ADD_MONTHS(SYSDATE, -1), 'YYYY-MM-DD')) + 8, 50 );
INSERT INTO TBL_WATCH_VIDEO_RECORD
( MEMBER_NO, VIDEO_NO, WATCH_DATE, WATCH_TIME ) VALUES ( 5, 8, TO_DATE(TO_CHAR(ADD_MONTHS(SYSDATE, -1), 'YYYY-MM-DD')) + 8, 50 );
INSERT INTO TBL_WATCH_VIDEO_RECORD
( MEMBER_NO, VIDEO_NO, WATCH_DATE, WATCH_TIME ) VALUES ( 6, 8, TO_DATE(TO_CHAR(ADD_MONTHS(SYSDATE, -1), 'YYYY-MM-DD')) + 8, 50 );
INSERT INTO TBL_WATCH_VIDEO_RECORD
( MEMBER_NO, VIDEO_NO, WATCH_DATE, WATCH_TIME ) VALUES ( 7, 8, TO_DATE(TO_CHAR(ADD_MONTHS(SYSDATE, -1), 'YYYY-MM-DD')) + 8, 50 );
INSERT INTO TBL_WATCH_VIDEO_RECORD
( MEMBER_NO, VIDEO_NO, WATCH_DATE, WATCH_TIME ) VALUES ( 8, 8, TO_DATE(TO_CHAR(ADD_MONTHS(SYSDATE, -1), 'YYYY-MM-DD')) + 8, 50 );
INSERT INTO TBL_WATCH_VIDEO_RECORD
( MEMBER_NO, VIDEO_NO, WATCH_DATE, WATCH_TIME ) VALUES ( 9, 8, TO_DATE(TO_CHAR(ADD_MONTHS(SYSDATE, -1), 'YYYY-MM-DD')) + 8, 50 );
INSERT INTO TBL_WATCH_VIDEO_RECORD
( MEMBER_NO, VIDEO_NO, WATCH_DATE, WATCH_TIME ) VALUES ( 10, 8, TO_DATE(TO_CHAR(ADD_MONTHS(SYSDATE, -1), 'YYYY-MM-DD')) + 8, 50 );
INSERT INTO TBL_WATCH_VIDEO_RECORD
( MEMBER_NO, VIDEO_NO, WATCH_DATE, WATCH_TIME ) VALUES ( 11, 8, TO_DATE(TO_CHAR(ADD_MONTHS(SYSDATE, -1), 'YYYY-MM-DD')) + 8, 50 );
INSERT INTO TBL_WATCH_VIDEO_RECORD
( MEMBER_NO, VIDEO_NO, WATCH_DATE, WATCH_TIME ) VALUES ( 12, 8, TO_DATE(TO_CHAR(ADD_MONTHS(SYSDATE, -1), 'YYYY-MM-DD')) + 8, 50 );
INSERT INTO TBL_WATCH_VIDEO_RECORD
( MEMBER_NO, VIDEO_NO, WATCH_DATE, WATCH_TIME ) VALUES ( 13, 8, TO_DATE(TO_CHAR(ADD_MONTHS(SYSDATE, -1), 'YYYY-MM-DD')) + 8, 50 );
INSERT INTO TBL_WATCH_VIDEO_RECORD
( MEMBER_NO, VIDEO_NO, WATCH_DATE, WATCH_TIME ) VALUES ( 14, 8, TO_DATE(TO_CHAR(ADD_MONTHS(SYSDATE, -1), 'YYYY-MM-DD')) + 8, 50 );
INSERT INTO TBL_WATCH_VIDEO_RECORD
( MEMBER_NO, VIDEO_NO, WATCH_DATE, WATCH_TIME ) VALUES ( 15, 8, TO_DATE(TO_CHAR(ADD_MONTHS(SYSDATE, -1), 'YYYY-MM-DD')) + 8, 50 );
-- 녹화영상정산내역 (8회차)
INSERT INTO TBL_RECORD_VIDEO_RECEIPT
( RECORD_VIDEO_RECEIPT_NO, VIDEO_NO, TOTAL_PRICE_PER_VIDEO ) VALUES ( SEQ_RECORD_VIDEO_RECEIPT_NO.NEXTVAL, 8, 75 );
-------------------------------------------------------------------------------------------------------------------------------------------
-- 실시간그룹수업내역 9회차
INSERT INTO TBL_REALTIME_GROUP_CLASS
( RGC_MANAGE_NO, OPENED_CLASS_NO, EDITION_NO, CLASS_DATE, TOTAL_PARTICIPANTS ) VALUES
( SEQ_RGC_MANAGE_NO.NEXTVAL, 1, 9, TO_DATE(TO_CHAR(ADD_MONTHS(SYSDATE, -1), 'YYYY-MM-DD')) + 9, 15 );
-- 실시간그룹참여자 9회차 15명
INSERT INTO TBL_REALTIME_GROUP_PARTICIPANT
( RGC_MANAGE_NO, MEMBER_NO ) VALUES ( 9, 2 );
INSERT INTO TBL_REALTIME_GROUP_PARTICIPANT
( RGC_MANAGE_NO, MEMBER_NO ) VALUES ( 9, 3 );
INSERT INTO TBL_REALTIME_GROUP_PARTICIPANT
( RGC_MANAGE_NO, MEMBER_NO ) VALUES ( 9, 4 );
INSERT INTO TBL_REALTIME_GROUP_PARTICIPANT
( RGC_MANAGE_NO, MEMBER_NO ) VALUES ( 9, 5 );
INSERT INTO TBL_REALTIME_GROUP_PARTICIPANT
( RGC_MANAGE_NO, MEMBER_NO ) VALUES ( 9, 6 );
INSERT INTO TBL_REALTIME_GROUP_PARTICIPANT
( RGC_MANAGE_NO, MEMBER_NO ) VALUES ( 9, 7 );
INSERT INTO TBL_REALTIME_GROUP_PARTICIPANT
( RGC_MANAGE_NO, MEMBER_NO ) VALUES ( 9, 8 );
INSERT INTO TBL_REALTIME_GROUP_PARTICIPANT
( RGC_MANAGE_NO, MEMBER_NO ) VALUES ( 9, 9 );
INSERT INTO TBL_REALTIME_GROUP_PARTICIPANT
( RGC_MANAGE_NO, MEMBER_NO ) VALUES ( 9, 10 );
INSERT INTO TBL_REALTIME_GROUP_PARTICIPANT
( RGC_MANAGE_NO, MEMBER_NO ) VALUES ( 9, 11 );
INSERT INTO TBL_REALTIME_GROUP_PARTICIPANT
( RGC_MANAGE_NO, MEMBER_NO ) VALUES ( 9, 12 );
INSERT INTO TBL_REALTIME_GROUP_PARTICIPANT
( RGC_MANAGE_NO, MEMBER_NO ) VALUES ( 9, 13 );
INSERT INTO TBL_REALTIME_GROUP_PARTICIPANT
( RGC_MANAGE_NO, MEMBER_NO ) VALUES ( 9, 14 );
INSERT INTO TBL_REALTIME_GROUP_PARTICIPANT
( RGC_MANAGE_NO, MEMBER_NO ) VALUES ( 9, 15 );
-- 그룹수업참여이력 9회차 15명
INSERT INTO TBL_GROUP_CLASS_PARTICIPATION
( CLS_PTC_NO, OPENED_CLASS_NO, MEMBER_NO, PARTICIPATION_DATE, PARTICIPATION_TIME)  VALUES ( SEQ_CLS_PTC_NO.NEXTVAL, 1, 2, TO_DATE(TO_CHAR(ADD_MONTHS(SYSDATE, -1), 'YYYY-MM-DD')) + 9, 50 );
INSERT INTO TBL_GROUP_CLASS_PARTICIPATION
( CLS_PTC_NO, OPENED_CLASS_NO, MEMBER_NO, PARTICIPATION_DATE, PARTICIPATION_TIME)  VALUES ( SEQ_CLS_PTC_NO.NEXTVAL, 1, 3, TO_DATE(TO_CHAR(ADD_MONTHS(SYSDATE, -1), 'YYYY-MM-DD')) + 9, 50 );
INSERT INTO TBL_GROUP_CLASS_PARTICIPATION
( CLS_PTC_NO, OPENED_CLASS_NO, MEMBER_NO, PARTICIPATION_DATE, PARTICIPATION_TIME)  VALUES ( SEQ_CLS_PTC_NO.NEXTVAL, 1, 4, TO_DATE(TO_CHAR(ADD_MONTHS(SYSDATE, -1), 'YYYY-MM-DD')) + 9, 50 );
INSERT INTO TBL_GROUP_CLASS_PARTICIPATION
( CLS_PTC_NO, OPENED_CLASS_NO, MEMBER_NO, PARTICIPATION_DATE, PARTICIPATION_TIME)  VALUES ( SEQ_CLS_PTC_NO.NEXTVAL, 1, 5, TO_DATE(TO_CHAR(ADD_MONTHS(SYSDATE, -1), 'YYYY-MM-DD')) + 9, 50 );
INSERT INTO TBL_GROUP_CLASS_PARTICIPATION
( CLS_PTC_NO, OPENED_CLASS_NO, MEMBER_NO, PARTICIPATION_DATE, PARTICIPATION_TIME)  VALUES ( SEQ_CLS_PTC_NO.NEXTVAL, 1, 6, TO_DATE(TO_CHAR(ADD_MONTHS(SYSDATE, -1), 'YYYY-MM-DD')) + 9, 50 );
INSERT INTO TBL_GROUP_CLASS_PARTICIPATION
( CLS_PTC_NO, OPENED_CLASS_NO, MEMBER_NO, PARTICIPATION_DATE, PARTICIPATION_TIME)  VALUES ( SEQ_CLS_PTC_NO.NEXTVAL, 1, 7, TO_DATE(TO_CHAR(ADD_MONTHS(SYSDATE, -1), 'YYYY-MM-DD')) + 9, 50 );
INSERT INTO TBL_GROUP_CLASS_PARTICIPATION
( CLS_PTC_NO, OPENED_CLASS_NO, MEMBER_NO, PARTICIPATION_DATE, PARTICIPATION_TIME)  VALUES ( SEQ_CLS_PTC_NO.NEXTVAL, 1, 8, TO_DATE(TO_CHAR(ADD_MONTHS(SYSDATE, -1), 'YYYY-MM-DD')) + 9, 50 );
INSERT INTO TBL_GROUP_CLASS_PARTICIPATION
( CLS_PTC_NO, OPENED_CLASS_NO, MEMBER_NO, PARTICIPATION_DATE, PARTICIPATION_TIME)  VALUES ( SEQ_CLS_PTC_NO.NEXTVAL, 1, 9, TO_DATE(TO_CHAR(ADD_MONTHS(SYSDATE, -1), 'YYYY-MM-DD')) + 9, 50 );
INSERT INTO TBL_GROUP_CLASS_PARTICIPATION
( CLS_PTC_NO, OPENED_CLASS_NO, MEMBER_NO, PARTICIPATION_DATE, PARTICIPATION_TIME)  VALUES ( SEQ_CLS_PTC_NO.NEXTVAL, 1, 10, TO_DATE(TO_CHAR(ADD_MONTHS(SYSDATE, -1), 'YYYY-MM-DD')) + 9, 50 );
INSERT INTO TBL_GROUP_CLASS_PARTICIPATION
( CLS_PTC_NO, OPENED_CLASS_NO, MEMBER_NO, PARTICIPATION_DATE, PARTICIPATION_TIME)  VALUES ( SEQ_CLS_PTC_NO.NEXTVAL, 1, 11, TO_DATE(TO_CHAR(ADD_MONTHS(SYSDATE, -1), 'YYYY-MM-DD')) + 9, 50 );
INSERT INTO TBL_GROUP_CLASS_PARTICIPATION
( CLS_PTC_NO, OPENED_CLASS_NO, MEMBER_NO, PARTICIPATION_DATE, PARTICIPATION_TIME)  VALUES ( SEQ_CLS_PTC_NO.NEXTVAL, 1, 12, TO_DATE(TO_CHAR(ADD_MONTHS(SYSDATE, -1), 'YYYY-MM-DD')) + 9, 50 );
INSERT INTO TBL_GROUP_CLASS_PARTICIPATION
( CLS_PTC_NO, OPENED_CLASS_NO, MEMBER_NO, PARTICIPATION_DATE, PARTICIPATION_TIME)  VALUES ( SEQ_CLS_PTC_NO.NEXTVAL, 1, 13, TO_DATE(TO_CHAR(ADD_MONTHS(SYSDATE, -1), 'YYYY-MM-DD')) + 9, 50 );
INSERT INTO TBL_GROUP_CLASS_PARTICIPATION
( CLS_PTC_NO, OPENED_CLASS_NO, MEMBER_NO, PARTICIPATION_DATE, PARTICIPATION_TIME)  VALUES ( SEQ_CLS_PTC_NO.NEXTVAL, 1, 14, TO_DATE(TO_CHAR(ADD_MONTHS(SYSDATE, -1), 'YYYY-MM-DD')) + 9, 50 );
INSERT INTO TBL_GROUP_CLASS_PARTICIPATION
( CLS_PTC_NO, OPENED_CLASS_NO, MEMBER_NO, PARTICIPATION_DATE, PARTICIPATION_TIME)  VALUES ( SEQ_CLS_PTC_NO.NEXTVAL, 1, 15, TO_DATE(TO_CHAR(ADD_MONTHS(SYSDATE, -1), 'YYYY-MM-DD')) + 9, 50 );
-- 실시간수업정산내역 10원씩 15명이 참여했다고 가정 (9회차)
INSERT INTO TBL_REALTIME_CLASS_RECEIPT
( REALTIME_CLASS_RECEIPT_NO, RGC_MANAGE_NO, TOTAL_PRICE_PER_EDITION ) VALUES ( SEQ_REALTIME_CLASS_RECEIPT_NO.NEXTVAL, 9, 150);
-- 녹화영상관리내역 19번트레이너 9회차
INSERT INTO TBL_RECORD_VIDEO_MANAGE
( VIDEO_NO, TRAINER_NO, VIDEO_SUBJECT, VIDEO_ENROLL_DATE, VIDEO_EXPIRY_DATE, HITS ) VALUES 
( SEQ_VIDEO_NO.NEXTVAL, 19, '김민끼의 멸치탈출작전 9회', TO_DATE(TO_CHAR(ADD_MONTHS(SYSDATE, -1), 'YYYY-MM-DD')) + 9, TO_DATE(TO_CHAR(ADD_MONTHS(SYSDATE, 12), 'YYYY-MM-DD')), 15 );
-- 시청기록 9회차 영상 15명
INSERT INTO TBL_WATCH_VIDEO_RECORD
( MEMBER_NO, VIDEO_NO, WATCH_DATE, WATCH_TIME ) VALUES ( 2, 9, TO_DATE(TO_CHAR(ADD_MONTHS(SYSDATE, -1), 'YYYY-MM-DD')) + 9, 50 );
INSERT INTO TBL_WATCH_VIDEO_RECORD
( MEMBER_NO, VIDEO_NO, WATCH_DATE, WATCH_TIME ) VALUES ( 3, 9, TO_DATE(TO_CHAR(ADD_MONTHS(SYSDATE, -1), 'YYYY-MM-DD')) + 9, 50 );
INSERT INTO TBL_WATCH_VIDEO_RECORD
( MEMBER_NO, VIDEO_NO, WATCH_DATE, WATCH_TIME ) VALUES ( 4, 9, TO_DATE(TO_CHAR(ADD_MONTHS(SYSDATE, -1), 'YYYY-MM-DD')) + 9, 50 );
INSERT INTO TBL_WATCH_VIDEO_RECORD
( MEMBER_NO, VIDEO_NO, WATCH_DATE, WATCH_TIME ) VALUES ( 5, 9, TO_DATE(TO_CHAR(ADD_MONTHS(SYSDATE, -1), 'YYYY-MM-DD')) + 9, 50 );
INSERT INTO TBL_WATCH_VIDEO_RECORD
( MEMBER_NO, VIDEO_NO, WATCH_DATE, WATCH_TIME ) VALUES ( 6, 9, TO_DATE(TO_CHAR(ADD_MONTHS(SYSDATE, -1), 'YYYY-MM-DD')) + 9, 50 );
INSERT INTO TBL_WATCH_VIDEO_RECORD
( MEMBER_NO, VIDEO_NO, WATCH_DATE, WATCH_TIME ) VALUES ( 7, 9, TO_DATE(TO_CHAR(ADD_MONTHS(SYSDATE, -1), 'YYYY-MM-DD')) + 9, 50 );
INSERT INTO TBL_WATCH_VIDEO_RECORD
( MEMBER_NO, VIDEO_NO, WATCH_DATE, WATCH_TIME ) VALUES ( 8, 9, TO_DATE(TO_CHAR(ADD_MONTHS(SYSDATE, -1), 'YYYY-MM-DD')) + 9, 50 );
INSERT INTO TBL_WATCH_VIDEO_RECORD
( MEMBER_NO, VIDEO_NO, WATCH_DATE, WATCH_TIME ) VALUES ( 9, 9, TO_DATE(TO_CHAR(ADD_MONTHS(SYSDATE, -1), 'YYYY-MM-DD')) + 9, 50 );
INSERT INTO TBL_WATCH_VIDEO_RECORD
( MEMBER_NO, VIDEO_NO, WATCH_DATE, WATCH_TIME ) VALUES ( 10, 9, TO_DATE(TO_CHAR(ADD_MONTHS(SYSDATE, -1), 'YYYY-MM-DD')) + 9, 50 );
INSERT INTO TBL_WATCH_VIDEO_RECORD
( MEMBER_NO, VIDEO_NO, WATCH_DATE, WATCH_TIME ) VALUES ( 11, 9, TO_DATE(TO_CHAR(ADD_MONTHS(SYSDATE, -1), 'YYYY-MM-DD')) + 9, 50 );
INSERT INTO TBL_WATCH_VIDEO_RECORD
( MEMBER_NO, VIDEO_NO, WATCH_DATE, WATCH_TIME ) VALUES ( 12, 9, TO_DATE(TO_CHAR(ADD_MONTHS(SYSDATE, -1), 'YYYY-MM-DD')) + 9, 50 );
INSERT INTO TBL_WATCH_VIDEO_RECORD
( MEMBER_NO, VIDEO_NO, WATCH_DATE, WATCH_TIME ) VALUES ( 13, 9, TO_DATE(TO_CHAR(ADD_MONTHS(SYSDATE, -1), 'YYYY-MM-DD')) + 9, 50 );
INSERT INTO TBL_WATCH_VIDEO_RECORD
( MEMBER_NO, VIDEO_NO, WATCH_DATE, WATCH_TIME ) VALUES ( 14, 9, TO_DATE(TO_CHAR(ADD_MONTHS(SYSDATE, -1), 'YYYY-MM-DD')) + 9, 50 );
INSERT INTO TBL_WATCH_VIDEO_RECORD
( MEMBER_NO, VIDEO_NO, WATCH_DATE, WATCH_TIME ) VALUES ( 15, 9, TO_DATE(TO_CHAR(ADD_MONTHS(SYSDATE, -1), 'YYYY-MM-DD')) + 9, 50 );
-- 녹화영상정산내역 (9회차)
INSERT INTO TBL_RECORD_VIDEO_RECEIPT
( RECORD_VIDEO_RECEIPT_NO, VIDEO_NO, TOTAL_PRICE_PER_VIDEO ) VALUES ( SEQ_RECORD_VIDEO_RECEIPT_NO.NEXTVAL, 9, 75 );
-------------------------------------------------------------------------------------------------------------------------------------------
-- 실시간그룹수업내역 10회차
INSERT INTO TBL_REALTIME_GROUP_CLASS
( RGC_MANAGE_NO, OPENED_CLASS_NO, EDITION_NO, CLASS_DATE, TOTAL_PARTICIPANTS ) VALUES
( SEQ_RGC_MANAGE_NO.NEXTVAL, 1, 10, TO_DATE(TO_CHAR(ADD_MONTHS(SYSDATE, -1), 'YYYY-MM-DD')) + 10, 15 );
-- 실시간그룹참여자 10회차 15명
INSERT INTO TBL_REALTIME_GROUP_PARTICIPANT
( RGC_MANAGE_NO, MEMBER_NO ) VALUES ( 10, 2 );
INSERT INTO TBL_REALTIME_GROUP_PARTICIPANT
( RGC_MANAGE_NO, MEMBER_NO ) VALUES ( 10, 3 );
INSERT INTO TBL_REALTIME_GROUP_PARTICIPANT
( RGC_MANAGE_NO, MEMBER_NO ) VALUES ( 10, 4 );
INSERT INTO TBL_REALTIME_GROUP_PARTICIPANT
( RGC_MANAGE_NO, MEMBER_NO ) VALUES ( 10, 5 );
INSERT INTO TBL_REALTIME_GROUP_PARTICIPANT
( RGC_MANAGE_NO, MEMBER_NO ) VALUES ( 10, 6 );
INSERT INTO TBL_REALTIME_GROUP_PARTICIPANT
( RGC_MANAGE_NO, MEMBER_NO ) VALUES ( 10, 7 );
INSERT INTO TBL_REALTIME_GROUP_PARTICIPANT
( RGC_MANAGE_NO, MEMBER_NO ) VALUES ( 10, 8 );
INSERT INTO TBL_REALTIME_GROUP_PARTICIPANT
( RGC_MANAGE_NO, MEMBER_NO ) VALUES ( 10, 9 );
INSERT INTO TBL_REALTIME_GROUP_PARTICIPANT
( RGC_MANAGE_NO, MEMBER_NO ) VALUES ( 10, 10 );
INSERT INTO TBL_REALTIME_GROUP_PARTICIPANT
( RGC_MANAGE_NO, MEMBER_NO ) VALUES ( 10, 11 );
INSERT INTO TBL_REALTIME_GROUP_PARTICIPANT
( RGC_MANAGE_NO, MEMBER_NO ) VALUES ( 10, 12 );
INSERT INTO TBL_REALTIME_GROUP_PARTICIPANT
( RGC_MANAGE_NO, MEMBER_NO ) VALUES ( 10, 13 );
INSERT INTO TBL_REALTIME_GROUP_PARTICIPANT
( RGC_MANAGE_NO, MEMBER_NO ) VALUES ( 10, 14 );
INSERT INTO TBL_REALTIME_GROUP_PARTICIPANT
( RGC_MANAGE_NO, MEMBER_NO ) VALUES ( 10, 15 );
-- 그룹수업참여이력 10회차 15명
INSERT INTO TBL_GROUP_CLASS_PARTICIPATION
( CLS_PTC_NO, OPENED_CLASS_NO, MEMBER_NO, PARTICIPATION_DATE, PARTICIPATION_TIME)  VALUES ( SEQ_CLS_PTC_NO.NEXTVAL, 1, 2, TO_DATE(TO_CHAR(ADD_MONTHS(SYSDATE, -1), 'YYYY-MM-DD')) + 10, 50 );
INSERT INTO TBL_GROUP_CLASS_PARTICIPATION
( CLS_PTC_NO, OPENED_CLASS_NO, MEMBER_NO, PARTICIPATION_DATE, PARTICIPATION_TIME)  VALUES ( SEQ_CLS_PTC_NO.NEXTVAL, 1, 3, TO_DATE(TO_CHAR(ADD_MONTHS(SYSDATE, -1), 'YYYY-MM-DD')) + 10, 50 );
INSERT INTO TBL_GROUP_CLASS_PARTICIPATION
( CLS_PTC_NO, OPENED_CLASS_NO, MEMBER_NO, PARTICIPATION_DATE, PARTICIPATION_TIME)  VALUES ( SEQ_CLS_PTC_NO.NEXTVAL, 1, 4, TO_DATE(TO_CHAR(ADD_MONTHS(SYSDATE, -1), 'YYYY-MM-DD')) + 10, 50 );
INSERT INTO TBL_GROUP_CLASS_PARTICIPATION
( CLS_PTC_NO, OPENED_CLASS_NO, MEMBER_NO, PARTICIPATION_DATE, PARTICIPATION_TIME)  VALUES ( SEQ_CLS_PTC_NO.NEXTVAL, 1, 5, TO_DATE(TO_CHAR(ADD_MONTHS(SYSDATE, -1), 'YYYY-MM-DD')) + 10, 50 );
INSERT INTO TBL_GROUP_CLASS_PARTICIPATION
( CLS_PTC_NO, OPENED_CLASS_NO, MEMBER_NO, PARTICIPATION_DATE, PARTICIPATION_TIME)  VALUES ( SEQ_CLS_PTC_NO.NEXTVAL, 1, 6, TO_DATE(TO_CHAR(ADD_MONTHS(SYSDATE, -1), 'YYYY-MM-DD')) + 10, 50 );
INSERT INTO TBL_GROUP_CLASS_PARTICIPATION
( CLS_PTC_NO, OPENED_CLASS_NO, MEMBER_NO, PARTICIPATION_DATE, PARTICIPATION_TIME)  VALUES ( SEQ_CLS_PTC_NO.NEXTVAL, 1, 7, TO_DATE(TO_CHAR(ADD_MONTHS(SYSDATE, -1), 'YYYY-MM-DD')) + 10, 50 );
INSERT INTO TBL_GROUP_CLASS_PARTICIPATION
( CLS_PTC_NO, OPENED_CLASS_NO, MEMBER_NO, PARTICIPATION_DATE, PARTICIPATION_TIME)  VALUES ( SEQ_CLS_PTC_NO.NEXTVAL, 1, 8, TO_DATE(TO_CHAR(ADD_MONTHS(SYSDATE, -1), 'YYYY-MM-DD')) + 10, 50 );
INSERT INTO TBL_GROUP_CLASS_PARTICIPATION
( CLS_PTC_NO, OPENED_CLASS_NO, MEMBER_NO, PARTICIPATION_DATE, PARTICIPATION_TIME)  VALUES ( SEQ_CLS_PTC_NO.NEXTVAL, 1, 9, TO_DATE(TO_CHAR(ADD_MONTHS(SYSDATE, -1), 'YYYY-MM-DD')) + 10, 50 );
INSERT INTO TBL_GROUP_CLASS_PARTICIPATION
( CLS_PTC_NO, OPENED_CLASS_NO, MEMBER_NO, PARTICIPATION_DATE, PARTICIPATION_TIME)  VALUES ( SEQ_CLS_PTC_NO.NEXTVAL, 1, 10, TO_DATE(TO_CHAR(ADD_MONTHS(SYSDATE, -1), 'YYYY-MM-DD')) + 10, 50 );
INSERT INTO TBL_GROUP_CLASS_PARTICIPATION
( CLS_PTC_NO, OPENED_CLASS_NO, MEMBER_NO, PARTICIPATION_DATE, PARTICIPATION_TIME)  VALUES ( SEQ_CLS_PTC_NO.NEXTVAL, 1, 11, TO_DATE(TO_CHAR(ADD_MONTHS(SYSDATE, -1), 'YYYY-MM-DD')) + 10, 50 );
INSERT INTO TBL_GROUP_CLASS_PARTICIPATION
( CLS_PTC_NO, OPENED_CLASS_NO, MEMBER_NO, PARTICIPATION_DATE, PARTICIPATION_TIME)  VALUES ( SEQ_CLS_PTC_NO.NEXTVAL, 1, 12, TO_DATE(TO_CHAR(ADD_MONTHS(SYSDATE, -1), 'YYYY-MM-DD')) + 10, 50 );
INSERT INTO TBL_GROUP_CLASS_PARTICIPATION
( CLS_PTC_NO, OPENED_CLASS_NO, MEMBER_NO, PARTICIPATION_DATE, PARTICIPATION_TIME)  VALUES ( SEQ_CLS_PTC_NO.NEXTVAL, 1, 13, TO_DATE(TO_CHAR(ADD_MONTHS(SYSDATE, -1), 'YYYY-MM-DD')) + 10, 50 );
INSERT INTO TBL_GROUP_CLASS_PARTICIPATION
( CLS_PTC_NO, OPENED_CLASS_NO, MEMBER_NO, PARTICIPATION_DATE, PARTICIPATION_TIME)  VALUES ( SEQ_CLS_PTC_NO.NEXTVAL, 1, 14, TO_DATE(TO_CHAR(ADD_MONTHS(SYSDATE, -1), 'YYYY-MM-DD')) + 10, 50 );
INSERT INTO TBL_GROUP_CLASS_PARTICIPATION
( CLS_PTC_NO, OPENED_CLASS_NO, MEMBER_NO, PARTICIPATION_DATE, PARTICIPATION_TIME)  VALUES ( SEQ_CLS_PTC_NO.NEXTVAL, 1, 15, TO_DATE(TO_CHAR(ADD_MONTHS(SYSDATE, -1), 'YYYY-MM-DD')) + 10, 50 );
-- 실시간수업정산내역 10원씩 15명이 참여했다고 가정 (10회차)
INSERT INTO TBL_REALTIME_CLASS_RECEIPT
( REALTIME_CLASS_RECEIPT_NO, RGC_MANAGE_NO, TOTAL_PRICE_PER_EDITION ) VALUES ( SEQ_REALTIME_CLASS_RECEIPT_NO.NEXTVAL, 10, 150);
-- 녹화영상관리내역 19번트레이너 10회차
INSERT INTO TBL_RECORD_VIDEO_MANAGE
( VIDEO_NO, TRAINER_NO, VIDEO_SUBJECT, VIDEO_ENROLL_DATE, VIDEO_EXPIRY_DATE, HITS ) VALUES 
( SEQ_VIDEO_NO.NEXTVAL, 19, '김민끼의 멸치탈출작전 10회', TO_DATE(TO_CHAR(ADD_MONTHS(SYSDATE, -1), 'YYYY-MM-DD')) + 10, TO_DATE(TO_CHAR(ADD_MONTHS(SYSDATE, 12), 'YYYY-MM-DD')), 15 );
-- 시청기록 10회차 영상 15명
INSERT INTO TBL_WATCH_VIDEO_RECORD
( MEMBER_NO, VIDEO_NO, WATCH_DATE, WATCH_TIME ) VALUES ( 2, 10, TO_DATE(TO_CHAR(ADD_MONTHS(SYSDATE, -1), 'YYYY-MM-DD')) + 10, 50 );
INSERT INTO TBL_WATCH_VIDEO_RECORD
( MEMBER_NO, VIDEO_NO, WATCH_DATE, WATCH_TIME ) VALUES ( 3, 10, TO_DATE(TO_CHAR(ADD_MONTHS(SYSDATE, -1), 'YYYY-MM-DD')) + 10, 50 );
INSERT INTO TBL_WATCH_VIDEO_RECORD
( MEMBER_NO, VIDEO_NO, WATCH_DATE, WATCH_TIME ) VALUES ( 4, 10, TO_DATE(TO_CHAR(ADD_MONTHS(SYSDATE, -1), 'YYYY-MM-DD')) + 10, 50 );
INSERT INTO TBL_WATCH_VIDEO_RECORD
( MEMBER_NO, VIDEO_NO, WATCH_DATE, WATCH_TIME ) VALUES ( 5, 10, TO_DATE(TO_CHAR(ADD_MONTHS(SYSDATE, -1), 'YYYY-MM-DD')) + 10, 50 );
INSERT INTO TBL_WATCH_VIDEO_RECORD
( MEMBER_NO, VIDEO_NO, WATCH_DATE, WATCH_TIME ) VALUES ( 6, 10, TO_DATE(TO_CHAR(ADD_MONTHS(SYSDATE, -1), 'YYYY-MM-DD')) + 10, 50 );
INSERT INTO TBL_WATCH_VIDEO_RECORD
( MEMBER_NO, VIDEO_NO, WATCH_DATE, WATCH_TIME ) VALUES ( 7, 10, TO_DATE(TO_CHAR(ADD_MONTHS(SYSDATE, -1), 'YYYY-MM-DD')) + 10, 50 );
INSERT INTO TBL_WATCH_VIDEO_RECORD
( MEMBER_NO, VIDEO_NO, WATCH_DATE, WATCH_TIME ) VALUES ( 8, 10, TO_DATE(TO_CHAR(ADD_MONTHS(SYSDATE, -1), 'YYYY-MM-DD')) + 10, 50 );
INSERT INTO TBL_WATCH_VIDEO_RECORD
( MEMBER_NO, VIDEO_NO, WATCH_DATE, WATCH_TIME ) VALUES ( 9, 10, TO_DATE(TO_CHAR(ADD_MONTHS(SYSDATE, -1), 'YYYY-MM-DD')) + 10, 50 );
INSERT INTO TBL_WATCH_VIDEO_RECORD
( MEMBER_NO, VIDEO_NO, WATCH_DATE, WATCH_TIME ) VALUES ( 10, 10, TO_DATE(TO_CHAR(ADD_MONTHS(SYSDATE, -1), 'YYYY-MM-DD')) + 10, 50 );
INSERT INTO TBL_WATCH_VIDEO_RECORD
( MEMBER_NO, VIDEO_NO, WATCH_DATE, WATCH_TIME ) VALUES ( 11, 10, TO_DATE(TO_CHAR(ADD_MONTHS(SYSDATE, -1), 'YYYY-MM-DD')) + 10, 50 );
INSERT INTO TBL_WATCH_VIDEO_RECORD
( MEMBER_NO, VIDEO_NO, WATCH_DATE, WATCH_TIME ) VALUES ( 12, 10, TO_DATE(TO_CHAR(ADD_MONTHS(SYSDATE, -1), 'YYYY-MM-DD')) + 10, 50 );
INSERT INTO TBL_WATCH_VIDEO_RECORD
( MEMBER_NO, VIDEO_NO, WATCH_DATE, WATCH_TIME ) VALUES ( 13, 10, TO_DATE(TO_CHAR(ADD_MONTHS(SYSDATE, -1), 'YYYY-MM-DD')) + 10, 50 );
INSERT INTO TBL_WATCH_VIDEO_RECORD
( MEMBER_NO, VIDEO_NO, WATCH_DATE, WATCH_TIME ) VALUES ( 14, 10, TO_DATE(TO_CHAR(ADD_MONTHS(SYSDATE, -1), 'YYYY-MM-DD')) + 10, 50 );
INSERT INTO TBL_WATCH_VIDEO_RECORD
( MEMBER_NO, VIDEO_NO, WATCH_DATE, WATCH_TIME ) VALUES ( 15, 10, TO_DATE(TO_CHAR(ADD_MONTHS(SYSDATE, -1), 'YYYY-MM-DD')) + 10, 50 );
-- 녹화영상정산내역 (10회차)
INSERT INTO TBL_RECORD_VIDEO_RECEIPT
( RECORD_VIDEO_RECEIPT_NO, VIDEO_NO, TOTAL_PRICE_PER_VIDEO ) VALUES ( SEQ_RECORD_VIDEO_RECEIPT_NO.NEXTVAL, 10, 75 );
-------------------------------------------------------------------------------------------------------------------------------------------
-- 실시간그룹수업내역 11회차
INSERT INTO TBL_REALTIME_GROUP_CLASS
( RGC_MANAGE_NO, OPENED_CLASS_NO, EDITION_NO, CLASS_DATE, TOTAL_PARTICIPANTS ) VALUES
( SEQ_RGC_MANAGE_NO.NEXTVAL, 1, 11, TO_DATE(TO_CHAR(ADD_MONTHS(SYSDATE, -1), 'YYYY-MM-DD')) + 11, 15 );
-- 실시간그룹참여자 11회차 15명
INSERT INTO TBL_REALTIME_GROUP_PARTICIPANT
( RGC_MANAGE_NO, MEMBER_NO ) VALUES ( 11, 2 );
INSERT INTO TBL_REALTIME_GROUP_PARTICIPANT
( RGC_MANAGE_NO, MEMBER_NO ) VALUES ( 11, 3 );
INSERT INTO TBL_REALTIME_GROUP_PARTICIPANT
( RGC_MANAGE_NO, MEMBER_NO ) VALUES ( 11, 4 );
INSERT INTO TBL_REALTIME_GROUP_PARTICIPANT
( RGC_MANAGE_NO, MEMBER_NO ) VALUES ( 11, 5 );
INSERT INTO TBL_REALTIME_GROUP_PARTICIPANT
( RGC_MANAGE_NO, MEMBER_NO ) VALUES ( 11, 6 );
INSERT INTO TBL_REALTIME_GROUP_PARTICIPANT
( RGC_MANAGE_NO, MEMBER_NO ) VALUES ( 11, 7 );
INSERT INTO TBL_REALTIME_GROUP_PARTICIPANT
( RGC_MANAGE_NO, MEMBER_NO ) VALUES ( 11, 8 );
INSERT INTO TBL_REALTIME_GROUP_PARTICIPANT
( RGC_MANAGE_NO, MEMBER_NO ) VALUES ( 11, 9 );
INSERT INTO TBL_REALTIME_GROUP_PARTICIPANT
( RGC_MANAGE_NO, MEMBER_NO ) VALUES ( 11, 10 );
INSERT INTO TBL_REALTIME_GROUP_PARTICIPANT
( RGC_MANAGE_NO, MEMBER_NO ) VALUES ( 11, 11 );
INSERT INTO TBL_REALTIME_GROUP_PARTICIPANT
( RGC_MANAGE_NO, MEMBER_NO ) VALUES ( 11, 12 );
INSERT INTO TBL_REALTIME_GROUP_PARTICIPANT
( RGC_MANAGE_NO, MEMBER_NO ) VALUES ( 11, 13 );
INSERT INTO TBL_REALTIME_GROUP_PARTICIPANT
( RGC_MANAGE_NO, MEMBER_NO ) VALUES ( 11, 14 );
INSERT INTO TBL_REALTIME_GROUP_PARTICIPANT
( RGC_MANAGE_NO, MEMBER_NO ) VALUES ( 11, 15 );
-- 그룹수업참여이력 11회차 15명
INSERT INTO TBL_GROUP_CLASS_PARTICIPATION
( CLS_PTC_NO, OPENED_CLASS_NO, MEMBER_NO, PARTICIPATION_DATE, PARTICIPATION_TIME)  VALUES ( SEQ_CLS_PTC_NO.NEXTVAL, 1, 2, TO_DATE(TO_CHAR(ADD_MONTHS(SYSDATE, -1), 'YYYY-MM-DD')) + 11, 50 );
INSERT INTO TBL_GROUP_CLASS_PARTICIPATION
( CLS_PTC_NO, OPENED_CLASS_NO, MEMBER_NO, PARTICIPATION_DATE, PARTICIPATION_TIME)  VALUES ( SEQ_CLS_PTC_NO.NEXTVAL, 1, 3, TO_DATE(TO_CHAR(ADD_MONTHS(SYSDATE, -1), 'YYYY-MM-DD')) + 11, 50 );
INSERT INTO TBL_GROUP_CLASS_PARTICIPATION
( CLS_PTC_NO, OPENED_CLASS_NO, MEMBER_NO, PARTICIPATION_DATE, PARTICIPATION_TIME)  VALUES ( SEQ_CLS_PTC_NO.NEXTVAL, 1, 4, TO_DATE(TO_CHAR(ADD_MONTHS(SYSDATE, -1), 'YYYY-MM-DD')) + 11, 50 );
INSERT INTO TBL_GROUP_CLASS_PARTICIPATION
( CLS_PTC_NO, OPENED_CLASS_NO, MEMBER_NO, PARTICIPATION_DATE, PARTICIPATION_TIME)  VALUES ( SEQ_CLS_PTC_NO.NEXTVAL, 1, 5, TO_DATE(TO_CHAR(ADD_MONTHS(SYSDATE, -1), 'YYYY-MM-DD')) + 11, 50 );
INSERT INTO TBL_GROUP_CLASS_PARTICIPATION
( CLS_PTC_NO, OPENED_CLASS_NO, MEMBER_NO, PARTICIPATION_DATE, PARTICIPATION_TIME)  VALUES ( SEQ_CLS_PTC_NO.NEXTVAL, 1, 6, TO_DATE(TO_CHAR(ADD_MONTHS(SYSDATE, -1), 'YYYY-MM-DD')) + 11, 50 );
INSERT INTO TBL_GROUP_CLASS_PARTICIPATION
( CLS_PTC_NO, OPENED_CLASS_NO, MEMBER_NO, PARTICIPATION_DATE, PARTICIPATION_TIME)  VALUES ( SEQ_CLS_PTC_NO.NEXTVAL, 1, 7, TO_DATE(TO_CHAR(ADD_MONTHS(SYSDATE, -1), 'YYYY-MM-DD')) + 11, 50 );
INSERT INTO TBL_GROUP_CLASS_PARTICIPATION
( CLS_PTC_NO, OPENED_CLASS_NO, MEMBER_NO, PARTICIPATION_DATE, PARTICIPATION_TIME)  VALUES ( SEQ_CLS_PTC_NO.NEXTVAL, 1, 8, TO_DATE(TO_CHAR(ADD_MONTHS(SYSDATE, -1), 'YYYY-MM-DD')) + 11, 50 );
INSERT INTO TBL_GROUP_CLASS_PARTICIPATION
( CLS_PTC_NO, OPENED_CLASS_NO, MEMBER_NO, PARTICIPATION_DATE, PARTICIPATION_TIME)  VALUES ( SEQ_CLS_PTC_NO.NEXTVAL, 1, 9, TO_DATE(TO_CHAR(ADD_MONTHS(SYSDATE, -1), 'YYYY-MM-DD')) + 11, 50 );
INSERT INTO TBL_GROUP_CLASS_PARTICIPATION
( CLS_PTC_NO, OPENED_CLASS_NO, MEMBER_NO, PARTICIPATION_DATE, PARTICIPATION_TIME)  VALUES ( SEQ_CLS_PTC_NO.NEXTVAL, 1, 10, TO_DATE(TO_CHAR(ADD_MONTHS(SYSDATE, -1), 'YYYY-MM-DD')) + 11, 50 );
INSERT INTO TBL_GROUP_CLASS_PARTICIPATION
( CLS_PTC_NO, OPENED_CLASS_NO, MEMBER_NO, PARTICIPATION_DATE, PARTICIPATION_TIME)  VALUES ( SEQ_CLS_PTC_NO.NEXTVAL, 1, 11, TO_DATE(TO_CHAR(ADD_MONTHS(SYSDATE, -1), 'YYYY-MM-DD')) + 11, 50 );
INSERT INTO TBL_GROUP_CLASS_PARTICIPATION
( CLS_PTC_NO, OPENED_CLASS_NO, MEMBER_NO, PARTICIPATION_DATE, PARTICIPATION_TIME)  VALUES ( SEQ_CLS_PTC_NO.NEXTVAL, 1, 12, TO_DATE(TO_CHAR(ADD_MONTHS(SYSDATE, -1), 'YYYY-MM-DD')) + 11, 50 );
INSERT INTO TBL_GROUP_CLASS_PARTICIPATION
( CLS_PTC_NO, OPENED_CLASS_NO, MEMBER_NO, PARTICIPATION_DATE, PARTICIPATION_TIME)  VALUES ( SEQ_CLS_PTC_NO.NEXTVAL, 1, 13, TO_DATE(TO_CHAR(ADD_MONTHS(SYSDATE, -1), 'YYYY-MM-DD')) + 11, 50 );
INSERT INTO TBL_GROUP_CLASS_PARTICIPATION
( CLS_PTC_NO, OPENED_CLASS_NO, MEMBER_NO, PARTICIPATION_DATE, PARTICIPATION_TIME)  VALUES ( SEQ_CLS_PTC_NO.NEXTVAL, 1, 14, TO_DATE(TO_CHAR(ADD_MONTHS(SYSDATE, -1), 'YYYY-MM-DD')) + 11, 50 );
INSERT INTO TBL_GROUP_CLASS_PARTICIPATION
( CLS_PTC_NO, OPENED_CLASS_NO, MEMBER_NO, PARTICIPATION_DATE, PARTICIPATION_TIME)  VALUES ( SEQ_CLS_PTC_NO.NEXTVAL, 1, 15, TO_DATE(TO_CHAR(ADD_MONTHS(SYSDATE, -1), 'YYYY-MM-DD')) + 11, 50 );
-- 실시간수업정산내역 11원씩 15명이 참여했다고 가정 (11회차)
INSERT INTO TBL_REALTIME_CLASS_RECEIPT
( REALTIME_CLASS_RECEIPT_NO, RGC_MANAGE_NO, TOTAL_PRICE_PER_EDITION ) VALUES ( SEQ_REALTIME_CLASS_RECEIPT_NO.NEXTVAL, 11, 150);
-- 녹화영상관리내역 19번트레이너 11회차
INSERT INTO TBL_RECORD_VIDEO_MANAGE
( VIDEO_NO, TRAINER_NO, VIDEO_SUBJECT, VIDEO_ENROLL_DATE, VIDEO_EXPIRY_DATE, HITS ) VALUES 
( SEQ_VIDEO_NO.NEXTVAL, 19, '김민끼의 멸치탈출작전 11회', TO_DATE(TO_CHAR(ADD_MONTHS(SYSDATE, -1), 'YYYY-MM-DD')) + 11, TO_DATE(TO_CHAR(ADD_MONTHS(SYSDATE, 12), 'YYYY-MM-DD')), 15 );
-- 시청기록 11회차 영상 15명
INSERT INTO TBL_WATCH_VIDEO_RECORD
( MEMBER_NO, VIDEO_NO, WATCH_DATE, WATCH_TIME ) VALUES ( 2, 11, TO_DATE(TO_CHAR(ADD_MONTHS(SYSDATE, -1), 'YYYY-MM-DD')) + 11, 50 );
INSERT INTO TBL_WATCH_VIDEO_RECORD
( MEMBER_NO, VIDEO_NO, WATCH_DATE, WATCH_TIME ) VALUES ( 3, 11, TO_DATE(TO_CHAR(ADD_MONTHS(SYSDATE, -1), 'YYYY-MM-DD')) + 11, 50 );
INSERT INTO TBL_WATCH_VIDEO_RECORD
( MEMBER_NO, VIDEO_NO, WATCH_DATE, WATCH_TIME ) VALUES ( 4, 11, TO_DATE(TO_CHAR(ADD_MONTHS(SYSDATE, -1), 'YYYY-MM-DD')) + 11, 50 );
INSERT INTO TBL_WATCH_VIDEO_RECORD
( MEMBER_NO, VIDEO_NO, WATCH_DATE, WATCH_TIME ) VALUES ( 5, 11, TO_DATE(TO_CHAR(ADD_MONTHS(SYSDATE, -1), 'YYYY-MM-DD')) + 11, 50 );
INSERT INTO TBL_WATCH_VIDEO_RECORD
( MEMBER_NO, VIDEO_NO, WATCH_DATE, WATCH_TIME ) VALUES ( 6, 11, TO_DATE(TO_CHAR(ADD_MONTHS(SYSDATE, -1), 'YYYY-MM-DD')) + 11, 50 );
INSERT INTO TBL_WATCH_VIDEO_RECORD
( MEMBER_NO, VIDEO_NO, WATCH_DATE, WATCH_TIME ) VALUES ( 7, 11, TO_DATE(TO_CHAR(ADD_MONTHS(SYSDATE, -1), 'YYYY-MM-DD')) + 11, 50 );
INSERT INTO TBL_WATCH_VIDEO_RECORD
( MEMBER_NO, VIDEO_NO, WATCH_DATE, WATCH_TIME ) VALUES ( 8, 11, TO_DATE(TO_CHAR(ADD_MONTHS(SYSDATE, -1), 'YYYY-MM-DD')) + 11, 50 );
INSERT INTO TBL_WATCH_VIDEO_RECORD
( MEMBER_NO, VIDEO_NO, WATCH_DATE, WATCH_TIME ) VALUES ( 9, 11, TO_DATE(TO_CHAR(ADD_MONTHS(SYSDATE, -1), 'YYYY-MM-DD')) + 11, 50 );
INSERT INTO TBL_WATCH_VIDEO_RECORD
( MEMBER_NO, VIDEO_NO, WATCH_DATE, WATCH_TIME ) VALUES ( 10, 11, TO_DATE(TO_CHAR(ADD_MONTHS(SYSDATE, -1), 'YYYY-MM-DD')) + 11, 50 );
INSERT INTO TBL_WATCH_VIDEO_RECORD
( MEMBER_NO, VIDEO_NO, WATCH_DATE, WATCH_TIME ) VALUES ( 11, 11, TO_DATE(TO_CHAR(ADD_MONTHS(SYSDATE, -1), 'YYYY-MM-DD')) + 11, 50 );
INSERT INTO TBL_WATCH_VIDEO_RECORD
( MEMBER_NO, VIDEO_NO, WATCH_DATE, WATCH_TIME ) VALUES ( 12, 11, TO_DATE(TO_CHAR(ADD_MONTHS(SYSDATE, -1), 'YYYY-MM-DD')) + 11, 50 );
INSERT INTO TBL_WATCH_VIDEO_RECORD
( MEMBER_NO, VIDEO_NO, WATCH_DATE, WATCH_TIME ) VALUES ( 13, 11, TO_DATE(TO_CHAR(ADD_MONTHS(SYSDATE, -1), 'YYYY-MM-DD')) + 11, 50 );
INSERT INTO TBL_WATCH_VIDEO_RECORD
( MEMBER_NO, VIDEO_NO, WATCH_DATE, WATCH_TIME ) VALUES ( 14, 11, TO_DATE(TO_CHAR(ADD_MONTHS(SYSDATE, -1), 'YYYY-MM-DD')) + 11, 50 );
INSERT INTO TBL_WATCH_VIDEO_RECORD
( MEMBER_NO, VIDEO_NO, WATCH_DATE, WATCH_TIME ) VALUES ( 15, 11, TO_DATE(TO_CHAR(ADD_MONTHS(SYSDATE, -1), 'YYYY-MM-DD')) + 11, 50 );
-- 녹화영상정산내역 (11회차)
INSERT INTO TBL_RECORD_VIDEO_RECEIPT
( RECORD_VIDEO_RECEIPT_NO, VIDEO_NO, TOTAL_PRICE_PER_VIDEO ) VALUES ( SEQ_RECORD_VIDEO_RECEIPT_NO.NEXTVAL, 11, 75 );
-------------------------------------------------------------------------------------------------------------------------------------------
-- 실시간그룹수업내역 12회차
INSERT INTO TBL_REALTIME_GROUP_CLASS
( RGC_MANAGE_NO, OPENED_CLASS_NO, EDITION_NO, CLASS_DATE, TOTAL_PARTICIPANTS ) VALUES
( SEQ_RGC_MANAGE_NO.NEXTVAL, 1, 12, TO_DATE(TO_CHAR(ADD_MONTHS(SYSDATE, -1), 'YYYY-MM-DD')) + 12, 15 );
-- 실시간그룹참여자 12회차 15명
INSERT INTO TBL_REALTIME_GROUP_PARTICIPANT
( RGC_MANAGE_NO, MEMBER_NO ) VALUES ( 12, 2 );
INSERT INTO TBL_REALTIME_GROUP_PARTICIPANT
( RGC_MANAGE_NO, MEMBER_NO ) VALUES ( 12, 3 );
INSERT INTO TBL_REALTIME_GROUP_PARTICIPANT
( RGC_MANAGE_NO, MEMBER_NO ) VALUES ( 12, 4 );
INSERT INTO TBL_REALTIME_GROUP_PARTICIPANT
( RGC_MANAGE_NO, MEMBER_NO ) VALUES ( 12, 5 );
INSERT INTO TBL_REALTIME_GROUP_PARTICIPANT
( RGC_MANAGE_NO, MEMBER_NO ) VALUES ( 12, 6 );
INSERT INTO TBL_REALTIME_GROUP_PARTICIPANT
( RGC_MANAGE_NO, MEMBER_NO ) VALUES ( 12, 7 );
INSERT INTO TBL_REALTIME_GROUP_PARTICIPANT
( RGC_MANAGE_NO, MEMBER_NO ) VALUES ( 12, 8 );
INSERT INTO TBL_REALTIME_GROUP_PARTICIPANT
( RGC_MANAGE_NO, MEMBER_NO ) VALUES ( 12, 9 );
INSERT INTO TBL_REALTIME_GROUP_PARTICIPANT
( RGC_MANAGE_NO, MEMBER_NO ) VALUES ( 12, 10 );
INSERT INTO TBL_REALTIME_GROUP_PARTICIPANT
( RGC_MANAGE_NO, MEMBER_NO ) VALUES ( 12, 11 );
INSERT INTO TBL_REALTIME_GROUP_PARTICIPANT
( RGC_MANAGE_NO, MEMBER_NO ) VALUES ( 12, 12 );
INSERT INTO TBL_REALTIME_GROUP_PARTICIPANT
( RGC_MANAGE_NO, MEMBER_NO ) VALUES ( 12, 13 );
INSERT INTO TBL_REALTIME_GROUP_PARTICIPANT
( RGC_MANAGE_NO, MEMBER_NO ) VALUES ( 12, 14 );
INSERT INTO TBL_REALTIME_GROUP_PARTICIPANT
( RGC_MANAGE_NO, MEMBER_NO ) VALUES ( 12, 15 );
-- 그룹수업참여이력 12회차 15명
INSERT INTO TBL_GROUP_CLASS_PARTICIPATION
( CLS_PTC_NO, OPENED_CLASS_NO, MEMBER_NO, PARTICIPATION_DATE, PARTICIPATION_TIME)  VALUES ( SEQ_CLS_PTC_NO.NEXTVAL, 1, 2, TO_DATE(TO_CHAR(ADD_MONTHS(SYSDATE, -1), 'YYYY-MM-DD')) + 12, 50 );
INSERT INTO TBL_GROUP_CLASS_PARTICIPATION
( CLS_PTC_NO, OPENED_CLASS_NO, MEMBER_NO, PARTICIPATION_DATE, PARTICIPATION_TIME)  VALUES ( SEQ_CLS_PTC_NO.NEXTVAL, 1, 3, TO_DATE(TO_CHAR(ADD_MONTHS(SYSDATE, -1), 'YYYY-MM-DD')) + 12, 50 );
INSERT INTO TBL_GROUP_CLASS_PARTICIPATION
( CLS_PTC_NO, OPENED_CLASS_NO, MEMBER_NO, PARTICIPATION_DATE, PARTICIPATION_TIME)  VALUES ( SEQ_CLS_PTC_NO.NEXTVAL, 1, 4, TO_DATE(TO_CHAR(ADD_MONTHS(SYSDATE, -1), 'YYYY-MM-DD')) + 12, 50 );
INSERT INTO TBL_GROUP_CLASS_PARTICIPATION
( CLS_PTC_NO, OPENED_CLASS_NO, MEMBER_NO, PARTICIPATION_DATE, PARTICIPATION_TIME)  VALUES ( SEQ_CLS_PTC_NO.NEXTVAL, 1, 5, TO_DATE(TO_CHAR(ADD_MONTHS(SYSDATE, -1), 'YYYY-MM-DD')) + 12, 50 );
INSERT INTO TBL_GROUP_CLASS_PARTICIPATION
( CLS_PTC_NO, OPENED_CLASS_NO, MEMBER_NO, PARTICIPATION_DATE, PARTICIPATION_TIME)  VALUES ( SEQ_CLS_PTC_NO.NEXTVAL, 1, 6, TO_DATE(TO_CHAR(ADD_MONTHS(SYSDATE, -1), 'YYYY-MM-DD')) + 12, 50 );
INSERT INTO TBL_GROUP_CLASS_PARTICIPATION
( CLS_PTC_NO, OPENED_CLASS_NO, MEMBER_NO, PARTICIPATION_DATE, PARTICIPATION_TIME)  VALUES ( SEQ_CLS_PTC_NO.NEXTVAL, 1, 7, TO_DATE(TO_CHAR(ADD_MONTHS(SYSDATE, -1), 'YYYY-MM-DD')) + 12, 50 );
INSERT INTO TBL_GROUP_CLASS_PARTICIPATION
( CLS_PTC_NO, OPENED_CLASS_NO, MEMBER_NO, PARTICIPATION_DATE, PARTICIPATION_TIME)  VALUES ( SEQ_CLS_PTC_NO.NEXTVAL, 1, 8, TO_DATE(TO_CHAR(ADD_MONTHS(SYSDATE, -1), 'YYYY-MM-DD')) + 12, 50 );
INSERT INTO TBL_GROUP_CLASS_PARTICIPATION
( CLS_PTC_NO, OPENED_CLASS_NO, MEMBER_NO, PARTICIPATION_DATE, PARTICIPATION_TIME)  VALUES ( SEQ_CLS_PTC_NO.NEXTVAL, 1, 9, TO_DATE(TO_CHAR(ADD_MONTHS(SYSDATE, -1), 'YYYY-MM-DD')) + 12, 50 );
INSERT INTO TBL_GROUP_CLASS_PARTICIPATION
( CLS_PTC_NO, OPENED_CLASS_NO, MEMBER_NO, PARTICIPATION_DATE, PARTICIPATION_TIME)  VALUES ( SEQ_CLS_PTC_NO.NEXTVAL, 1, 10, TO_DATE(TO_CHAR(ADD_MONTHS(SYSDATE, -1), 'YYYY-MM-DD')) + 12, 50 );
INSERT INTO TBL_GROUP_CLASS_PARTICIPATION
( CLS_PTC_NO, OPENED_CLASS_NO, MEMBER_NO, PARTICIPATION_DATE, PARTICIPATION_TIME)  VALUES ( SEQ_CLS_PTC_NO.NEXTVAL, 1, 11, TO_DATE(TO_CHAR(ADD_MONTHS(SYSDATE, -1), 'YYYY-MM-DD')) + 12, 50 );
INSERT INTO TBL_GROUP_CLASS_PARTICIPATION
( CLS_PTC_NO, OPENED_CLASS_NO, MEMBER_NO, PARTICIPATION_DATE, PARTICIPATION_TIME)  VALUES ( SEQ_CLS_PTC_NO.NEXTVAL, 1, 12, TO_DATE(TO_CHAR(ADD_MONTHS(SYSDATE, -1), 'YYYY-MM-DD')) + 12, 50 );
INSERT INTO TBL_GROUP_CLASS_PARTICIPATION
( CLS_PTC_NO, OPENED_CLASS_NO, MEMBER_NO, PARTICIPATION_DATE, PARTICIPATION_TIME)  VALUES ( SEQ_CLS_PTC_NO.NEXTVAL, 1, 13, TO_DATE(TO_CHAR(ADD_MONTHS(SYSDATE, -1), 'YYYY-MM-DD')) + 12, 50 );
INSERT INTO TBL_GROUP_CLASS_PARTICIPATION
( CLS_PTC_NO, OPENED_CLASS_NO, MEMBER_NO, PARTICIPATION_DATE, PARTICIPATION_TIME)  VALUES ( SEQ_CLS_PTC_NO.NEXTVAL, 1, 14, TO_DATE(TO_CHAR(ADD_MONTHS(SYSDATE, -1), 'YYYY-MM-DD')) + 12, 50 );
INSERT INTO TBL_GROUP_CLASS_PARTICIPATION
( CLS_PTC_NO, OPENED_CLASS_NO, MEMBER_NO, PARTICIPATION_DATE, PARTICIPATION_TIME)  VALUES ( SEQ_CLS_PTC_NO.NEXTVAL, 1, 15, TO_DATE(TO_CHAR(ADD_MONTHS(SYSDATE, -1), 'YYYY-MM-DD')) + 12, 50 );
-- 실시간수업정산내역 12원씩 15명이 참여했다고 가정 (12회차)
INSERT INTO TBL_REALTIME_CLASS_RECEIPT
( REALTIME_CLASS_RECEIPT_NO, RGC_MANAGE_NO, TOTAL_PRICE_PER_EDITION ) VALUES ( SEQ_REALTIME_CLASS_RECEIPT_NO.NEXTVAL, 12, 150);
-- 녹화영상관리내역 19번트레이너 12회차
INSERT INTO TBL_RECORD_VIDEO_MANAGE
( VIDEO_NO, TRAINER_NO, VIDEO_SUBJECT, VIDEO_ENROLL_DATE, VIDEO_EXPIRY_DATE, HITS ) VALUES 
( SEQ_VIDEO_NO.NEXTVAL, 19, '김민끼의 멸치탈출작전 12회', TO_DATE(TO_CHAR(ADD_MONTHS(SYSDATE, -1), 'YYYY-MM-DD')) + 12, TO_DATE(TO_CHAR(ADD_MONTHS(SYSDATE, 12), 'YYYY-MM-DD')), 15 );
-- 시청기록 12회차 영상 15명
INSERT INTO TBL_WATCH_VIDEO_RECORD
( MEMBER_NO, VIDEO_NO, WATCH_DATE, WATCH_TIME ) VALUES ( 2, 12, TO_DATE(TO_CHAR(ADD_MONTHS(SYSDATE, -1), 'YYYY-MM-DD')) + 12, 50 );
INSERT INTO TBL_WATCH_VIDEO_RECORD
( MEMBER_NO, VIDEO_NO, WATCH_DATE, WATCH_TIME ) VALUES ( 3, 12, TO_DATE(TO_CHAR(ADD_MONTHS(SYSDATE, -1), 'YYYY-MM-DD')) + 12, 50 );
INSERT INTO TBL_WATCH_VIDEO_RECORD
( MEMBER_NO, VIDEO_NO, WATCH_DATE, WATCH_TIME ) VALUES ( 4, 12, TO_DATE(TO_CHAR(ADD_MONTHS(SYSDATE, -1), 'YYYY-MM-DD')) + 12, 50 );
INSERT INTO TBL_WATCH_VIDEO_RECORD
( MEMBER_NO, VIDEO_NO, WATCH_DATE, WATCH_TIME ) VALUES ( 5, 12, TO_DATE(TO_CHAR(ADD_MONTHS(SYSDATE, -1), 'YYYY-MM-DD')) + 12, 50 );
INSERT INTO TBL_WATCH_VIDEO_RECORD
( MEMBER_NO, VIDEO_NO, WATCH_DATE, WATCH_TIME ) VALUES ( 6, 12, TO_DATE(TO_CHAR(ADD_MONTHS(SYSDATE, -1), 'YYYY-MM-DD')) + 12, 50 );
INSERT INTO TBL_WATCH_VIDEO_RECORD
( MEMBER_NO, VIDEO_NO, WATCH_DATE, WATCH_TIME ) VALUES ( 7, 12, TO_DATE(TO_CHAR(ADD_MONTHS(SYSDATE, -1), 'YYYY-MM-DD')) + 12, 50 );
INSERT INTO TBL_WATCH_VIDEO_RECORD
( MEMBER_NO, VIDEO_NO, WATCH_DATE, WATCH_TIME ) VALUES ( 8, 12, TO_DATE(TO_CHAR(ADD_MONTHS(SYSDATE, -1), 'YYYY-MM-DD')) + 12, 50 );
INSERT INTO TBL_WATCH_VIDEO_RECORD
( MEMBER_NO, VIDEO_NO, WATCH_DATE, WATCH_TIME ) VALUES ( 9, 12, TO_DATE(TO_CHAR(ADD_MONTHS(SYSDATE, -1), 'YYYY-MM-DD')) + 12, 50 );
INSERT INTO TBL_WATCH_VIDEO_RECORD
( MEMBER_NO, VIDEO_NO, WATCH_DATE, WATCH_TIME ) VALUES ( 10, 12, TO_DATE(TO_CHAR(ADD_MONTHS(SYSDATE, -1), 'YYYY-MM-DD')) + 12, 50 );
INSERT INTO TBL_WATCH_VIDEO_RECORD
( MEMBER_NO, VIDEO_NO, WATCH_DATE, WATCH_TIME ) VALUES ( 11, 12, TO_DATE(TO_CHAR(ADD_MONTHS(SYSDATE, -1), 'YYYY-MM-DD')) + 12, 50 );
INSERT INTO TBL_WATCH_VIDEO_RECORD
( MEMBER_NO, VIDEO_NO, WATCH_DATE, WATCH_TIME ) VALUES ( 12, 12, TO_DATE(TO_CHAR(ADD_MONTHS(SYSDATE, -1), 'YYYY-MM-DD')) + 12, 50 );
INSERT INTO TBL_WATCH_VIDEO_RECORD
( MEMBER_NO, VIDEO_NO, WATCH_DATE, WATCH_TIME ) VALUES ( 13, 12, TO_DATE(TO_CHAR(ADD_MONTHS(SYSDATE, -1), 'YYYY-MM-DD')) + 12, 50 );
INSERT INTO TBL_WATCH_VIDEO_RECORD
( MEMBER_NO, VIDEO_NO, WATCH_DATE, WATCH_TIME ) VALUES ( 14, 12, TO_DATE(TO_CHAR(ADD_MONTHS(SYSDATE, -1), 'YYYY-MM-DD')) + 12, 50 );
INSERT INTO TBL_WATCH_VIDEO_RECORD
( MEMBER_NO, VIDEO_NO, WATCH_DATE, WATCH_TIME ) VALUES ( 15, 12, TO_DATE(TO_CHAR(ADD_MONTHS(SYSDATE, -1), 'YYYY-MM-DD')) + 12, 50 );
-- 녹화영상정산내역 (12회차)
INSERT INTO TBL_RECORD_VIDEO_RECEIPT
( RECORD_VIDEO_RECEIPT_NO, VIDEO_NO, TOTAL_PRICE_PER_VIDEO ) VALUES ( SEQ_RECORD_VIDEO_RECEIPT_NO.NEXTVAL, 12, 75 );
-------------------------------------------------------------------------------------------------------------------------------------------
-- 실시간그룹수업내역 13회차
INSERT INTO TBL_REALTIME_GROUP_CLASS
( RGC_MANAGE_NO, OPENED_CLASS_NO, EDITION_NO, CLASS_DATE, TOTAL_PARTICIPANTS ) VALUES
( SEQ_RGC_MANAGE_NO.NEXTVAL, 1, 13, TO_DATE(TO_CHAR(ADD_MONTHS(SYSDATE, -1), 'YYYY-MM-DD')) + 13, 15 );
-- 실시간그룹참여자 13회차 15명
INSERT INTO TBL_REALTIME_GROUP_PARTICIPANT
( RGC_MANAGE_NO, MEMBER_NO ) VALUES ( 13, 2 );
INSERT INTO TBL_REALTIME_GROUP_PARTICIPANT
( RGC_MANAGE_NO, MEMBER_NO ) VALUES ( 13, 3 );
INSERT INTO TBL_REALTIME_GROUP_PARTICIPANT
( RGC_MANAGE_NO, MEMBER_NO ) VALUES ( 13, 4 );
INSERT INTO TBL_REALTIME_GROUP_PARTICIPANT
( RGC_MANAGE_NO, MEMBER_NO ) VALUES ( 13, 5 );
INSERT INTO TBL_REALTIME_GROUP_PARTICIPANT
( RGC_MANAGE_NO, MEMBER_NO ) VALUES ( 13, 6 );
INSERT INTO TBL_REALTIME_GROUP_PARTICIPANT
( RGC_MANAGE_NO, MEMBER_NO ) VALUES ( 13, 7 );
INSERT INTO TBL_REALTIME_GROUP_PARTICIPANT
( RGC_MANAGE_NO, MEMBER_NO ) VALUES ( 13, 8 );
INSERT INTO TBL_REALTIME_GROUP_PARTICIPANT
( RGC_MANAGE_NO, MEMBER_NO ) VALUES ( 13, 9 );
INSERT INTO TBL_REALTIME_GROUP_PARTICIPANT
( RGC_MANAGE_NO, MEMBER_NO ) VALUES ( 13, 10 );
INSERT INTO TBL_REALTIME_GROUP_PARTICIPANT
( RGC_MANAGE_NO, MEMBER_NO ) VALUES ( 13, 11 );
INSERT INTO TBL_REALTIME_GROUP_PARTICIPANT
( RGC_MANAGE_NO, MEMBER_NO ) VALUES ( 13, 12 );
INSERT INTO TBL_REALTIME_GROUP_PARTICIPANT
( RGC_MANAGE_NO, MEMBER_NO ) VALUES ( 13, 13 );
INSERT INTO TBL_REALTIME_GROUP_PARTICIPANT
( RGC_MANAGE_NO, MEMBER_NO ) VALUES ( 13, 14 );
INSERT INTO TBL_REALTIME_GROUP_PARTICIPANT
( RGC_MANAGE_NO, MEMBER_NO ) VALUES ( 13, 15 );
-- 그룹수업참여이력 13회차 15명
INSERT INTO TBL_GROUP_CLASS_PARTICIPATION
( CLS_PTC_NO, OPENED_CLASS_NO, MEMBER_NO, PARTICIPATION_DATE, PARTICIPATION_TIME)  VALUES ( SEQ_CLS_PTC_NO.NEXTVAL, 1, 2, TO_DATE(TO_CHAR(ADD_MONTHS(SYSDATE, -1), 'YYYY-MM-DD')) + 13, 50 );
INSERT INTO TBL_GROUP_CLASS_PARTICIPATION
( CLS_PTC_NO, OPENED_CLASS_NO, MEMBER_NO, PARTICIPATION_DATE, PARTICIPATION_TIME)  VALUES ( SEQ_CLS_PTC_NO.NEXTVAL, 1, 3, TO_DATE(TO_CHAR(ADD_MONTHS(SYSDATE, -1), 'YYYY-MM-DD')) + 13, 50 );
INSERT INTO TBL_GROUP_CLASS_PARTICIPATION
( CLS_PTC_NO, OPENED_CLASS_NO, MEMBER_NO, PARTICIPATION_DATE, PARTICIPATION_TIME)  VALUES ( SEQ_CLS_PTC_NO.NEXTVAL, 1, 4, TO_DATE(TO_CHAR(ADD_MONTHS(SYSDATE, -1), 'YYYY-MM-DD')) + 13, 50 );
INSERT INTO TBL_GROUP_CLASS_PARTICIPATION
( CLS_PTC_NO, OPENED_CLASS_NO, MEMBER_NO, PARTICIPATION_DATE, PARTICIPATION_TIME)  VALUES ( SEQ_CLS_PTC_NO.NEXTVAL, 1, 5, TO_DATE(TO_CHAR(ADD_MONTHS(SYSDATE, -1), 'YYYY-MM-DD')) + 13, 50 );
INSERT INTO TBL_GROUP_CLASS_PARTICIPATION
( CLS_PTC_NO, OPENED_CLASS_NO, MEMBER_NO, PARTICIPATION_DATE, PARTICIPATION_TIME)  VALUES ( SEQ_CLS_PTC_NO.NEXTVAL, 1, 6, TO_DATE(TO_CHAR(ADD_MONTHS(SYSDATE, -1), 'YYYY-MM-DD')) + 13, 50 );
INSERT INTO TBL_GROUP_CLASS_PARTICIPATION
( CLS_PTC_NO, OPENED_CLASS_NO, MEMBER_NO, PARTICIPATION_DATE, PARTICIPATION_TIME)  VALUES ( SEQ_CLS_PTC_NO.NEXTVAL, 1, 7, TO_DATE(TO_CHAR(ADD_MONTHS(SYSDATE, -1), 'YYYY-MM-DD')) + 13, 50 );
INSERT INTO TBL_GROUP_CLASS_PARTICIPATION
( CLS_PTC_NO, OPENED_CLASS_NO, MEMBER_NO, PARTICIPATION_DATE, PARTICIPATION_TIME)  VALUES ( SEQ_CLS_PTC_NO.NEXTVAL, 1, 8, TO_DATE(TO_CHAR(ADD_MONTHS(SYSDATE, -1), 'YYYY-MM-DD')) + 13, 50 );
INSERT INTO TBL_GROUP_CLASS_PARTICIPATION
( CLS_PTC_NO, OPENED_CLASS_NO, MEMBER_NO, PARTICIPATION_DATE, PARTICIPATION_TIME)  VALUES ( SEQ_CLS_PTC_NO.NEXTVAL, 1, 9, TO_DATE(TO_CHAR(ADD_MONTHS(SYSDATE, -1), 'YYYY-MM-DD')) + 13, 50 );
INSERT INTO TBL_GROUP_CLASS_PARTICIPATION
( CLS_PTC_NO, OPENED_CLASS_NO, MEMBER_NO, PARTICIPATION_DATE, PARTICIPATION_TIME)  VALUES ( SEQ_CLS_PTC_NO.NEXTVAL, 1, 10, TO_DATE(TO_CHAR(ADD_MONTHS(SYSDATE, -1), 'YYYY-MM-DD')) + 13, 50 );
INSERT INTO TBL_GROUP_CLASS_PARTICIPATION
( CLS_PTC_NO, OPENED_CLASS_NO, MEMBER_NO, PARTICIPATION_DATE, PARTICIPATION_TIME)  VALUES ( SEQ_CLS_PTC_NO.NEXTVAL, 1, 11, TO_DATE(TO_CHAR(ADD_MONTHS(SYSDATE, -1), 'YYYY-MM-DD')) + 13, 50 );
INSERT INTO TBL_GROUP_CLASS_PARTICIPATION
( CLS_PTC_NO, OPENED_CLASS_NO, MEMBER_NO, PARTICIPATION_DATE, PARTICIPATION_TIME)  VALUES ( SEQ_CLS_PTC_NO.NEXTVAL, 1, 12, TO_DATE(TO_CHAR(ADD_MONTHS(SYSDATE, -1), 'YYYY-MM-DD')) + 13, 50 );
INSERT INTO TBL_GROUP_CLASS_PARTICIPATION
( CLS_PTC_NO, OPENED_CLASS_NO, MEMBER_NO, PARTICIPATION_DATE, PARTICIPATION_TIME)  VALUES ( SEQ_CLS_PTC_NO.NEXTVAL, 1, 13, TO_DATE(TO_CHAR(ADD_MONTHS(SYSDATE, -1), 'YYYY-MM-DD')) + 13, 50 );
INSERT INTO TBL_GROUP_CLASS_PARTICIPATION
( CLS_PTC_NO, OPENED_CLASS_NO, MEMBER_NO, PARTICIPATION_DATE, PARTICIPATION_TIME)  VALUES ( SEQ_CLS_PTC_NO.NEXTVAL, 1, 14, TO_DATE(TO_CHAR(ADD_MONTHS(SYSDATE, -1), 'YYYY-MM-DD')) + 13, 50 );
INSERT INTO TBL_GROUP_CLASS_PARTICIPATION
( CLS_PTC_NO, OPENED_CLASS_NO, MEMBER_NO, PARTICIPATION_DATE, PARTICIPATION_TIME)  VALUES ( SEQ_CLS_PTC_NO.NEXTVAL, 1, 15, TO_DATE(TO_CHAR(ADD_MONTHS(SYSDATE, -1), 'YYYY-MM-DD')) + 13, 50 );
-- 실시간수업정산내역 13원씩 15명이 참여했다고 가정 (13회차)
INSERT INTO TBL_REALTIME_CLASS_RECEIPT
( REALTIME_CLASS_RECEIPT_NO, RGC_MANAGE_NO, TOTAL_PRICE_PER_EDITION ) VALUES ( SEQ_REALTIME_CLASS_RECEIPT_NO.NEXTVAL, 13, 150);
-- 녹화영상관리내역 19번트레이너 13회차
INSERT INTO TBL_RECORD_VIDEO_MANAGE
( VIDEO_NO, TRAINER_NO, VIDEO_SUBJECT, VIDEO_ENROLL_DATE, VIDEO_EXPIRY_DATE, HITS ) VALUES 
( SEQ_VIDEO_NO.NEXTVAL, 19, '김민끼의 멸치탈출작전 13회', TO_DATE(TO_CHAR(ADD_MONTHS(SYSDATE, -1), 'YYYY-MM-DD')) + 13, TO_DATE(TO_CHAR(ADD_MONTHS(SYSDATE, 12), 'YYYY-MM-DD')), 15 );
-- 시청기록 13회차 영상 15명
INSERT INTO TBL_WATCH_VIDEO_RECORD
( MEMBER_NO, VIDEO_NO, WATCH_DATE, WATCH_TIME ) VALUES ( 2, 13, TO_DATE(TO_CHAR(ADD_MONTHS(SYSDATE, -1), 'YYYY-MM-DD')) + 13, 50 );
INSERT INTO TBL_WATCH_VIDEO_RECORD
( MEMBER_NO, VIDEO_NO, WATCH_DATE, WATCH_TIME ) VALUES ( 3, 13, TO_DATE(TO_CHAR(ADD_MONTHS(SYSDATE, -1), 'YYYY-MM-DD')) + 13, 50 );
INSERT INTO TBL_WATCH_VIDEO_RECORD
( MEMBER_NO, VIDEO_NO, WATCH_DATE, WATCH_TIME ) VALUES ( 4, 13, TO_DATE(TO_CHAR(ADD_MONTHS(SYSDATE, -1), 'YYYY-MM-DD')) + 13, 50 );
INSERT INTO TBL_WATCH_VIDEO_RECORD
( MEMBER_NO, VIDEO_NO, WATCH_DATE, WATCH_TIME ) VALUES ( 5, 13, TO_DATE(TO_CHAR(ADD_MONTHS(SYSDATE, -1), 'YYYY-MM-DD')) + 13, 50 );
INSERT INTO TBL_WATCH_VIDEO_RECORD
( MEMBER_NO, VIDEO_NO, WATCH_DATE, WATCH_TIME ) VALUES ( 6, 13, TO_DATE(TO_CHAR(ADD_MONTHS(SYSDATE, -1), 'YYYY-MM-DD')) + 13, 50 );
INSERT INTO TBL_WATCH_VIDEO_RECORD
( MEMBER_NO, VIDEO_NO, WATCH_DATE, WATCH_TIME ) VALUES ( 7, 13, TO_DATE(TO_CHAR(ADD_MONTHS(SYSDATE, -1), 'YYYY-MM-DD')) + 13, 50 );
INSERT INTO TBL_WATCH_VIDEO_RECORD
( MEMBER_NO, VIDEO_NO, WATCH_DATE, WATCH_TIME ) VALUES ( 8, 13, TO_DATE(TO_CHAR(ADD_MONTHS(SYSDATE, -1), 'YYYY-MM-DD')) + 13, 50 );
INSERT INTO TBL_WATCH_VIDEO_RECORD
( MEMBER_NO, VIDEO_NO, WATCH_DATE, WATCH_TIME ) VALUES ( 9, 13, TO_DATE(TO_CHAR(ADD_MONTHS(SYSDATE, -1), 'YYYY-MM-DD')) + 13, 50 );
INSERT INTO TBL_WATCH_VIDEO_RECORD
( MEMBER_NO, VIDEO_NO, WATCH_DATE, WATCH_TIME ) VALUES ( 10, 13, TO_DATE(TO_CHAR(ADD_MONTHS(SYSDATE, -1), 'YYYY-MM-DD')) + 13, 50 );
INSERT INTO TBL_WATCH_VIDEO_RECORD
( MEMBER_NO, VIDEO_NO, WATCH_DATE, WATCH_TIME ) VALUES ( 11, 13, TO_DATE(TO_CHAR(ADD_MONTHS(SYSDATE, -1), 'YYYY-MM-DD')) + 13, 50 );
INSERT INTO TBL_WATCH_VIDEO_RECORD
( MEMBER_NO, VIDEO_NO, WATCH_DATE, WATCH_TIME ) VALUES ( 12, 13, TO_DATE(TO_CHAR(ADD_MONTHS(SYSDATE, -1), 'YYYY-MM-DD')) + 13, 50 );
INSERT INTO TBL_WATCH_VIDEO_RECORD
( MEMBER_NO, VIDEO_NO, WATCH_DATE, WATCH_TIME ) VALUES ( 13, 13, TO_DATE(TO_CHAR(ADD_MONTHS(SYSDATE, -1), 'YYYY-MM-DD')) + 13, 50 );
INSERT INTO TBL_WATCH_VIDEO_RECORD
( MEMBER_NO, VIDEO_NO, WATCH_DATE, WATCH_TIME ) VALUES ( 14, 13, TO_DATE(TO_CHAR(ADD_MONTHS(SYSDATE, -1), 'YYYY-MM-DD')) + 13, 50 );
INSERT INTO TBL_WATCH_VIDEO_RECORD
( MEMBER_NO, VIDEO_NO, WATCH_DATE, WATCH_TIME ) VALUES ( 15, 13, TO_DATE(TO_CHAR(ADD_MONTHS(SYSDATE, -1), 'YYYY-MM-DD')) + 13, 50 );
-- 녹화영상정산내역 (13회차)
INSERT INTO TBL_RECORD_VIDEO_RECEIPT
( RECORD_VIDEO_RECEIPT_NO, VIDEO_NO, TOTAL_PRICE_PER_VIDEO ) VALUES ( SEQ_RECORD_VIDEO_RECEIPT_NO.NEXTVAL, 13, 75 );
-------------------------------------------------------------------------------------------------------------------------------------------
-- 실시간그룹수업내역 14회차
INSERT INTO TBL_REALTIME_GROUP_CLASS
( RGC_MANAGE_NO, OPENED_CLASS_NO, EDITION_NO, CLASS_DATE, TOTAL_PARTICIPANTS ) VALUES
( SEQ_RGC_MANAGE_NO.NEXTVAL, 1, 14, TO_DATE(TO_CHAR(ADD_MONTHS(SYSDATE, -1), 'YYYY-MM-DD')) + 14, 15 );
-- 실시간그룹참여자 14회차 15명
INSERT INTO TBL_REALTIME_GROUP_PARTICIPANT
( RGC_MANAGE_NO, MEMBER_NO ) VALUES ( 14, 2 );
INSERT INTO TBL_REALTIME_GROUP_PARTICIPANT
( RGC_MANAGE_NO, MEMBER_NO ) VALUES ( 14, 3 );
INSERT INTO TBL_REALTIME_GROUP_PARTICIPANT
( RGC_MANAGE_NO, MEMBER_NO ) VALUES ( 14, 4 );
INSERT INTO TBL_REALTIME_GROUP_PARTICIPANT
( RGC_MANAGE_NO, MEMBER_NO ) VALUES ( 14, 5 );
INSERT INTO TBL_REALTIME_GROUP_PARTICIPANT
( RGC_MANAGE_NO, MEMBER_NO ) VALUES ( 14, 6 );
INSERT INTO TBL_REALTIME_GROUP_PARTICIPANT
( RGC_MANAGE_NO, MEMBER_NO ) VALUES ( 14, 7 );
INSERT INTO TBL_REALTIME_GROUP_PARTICIPANT
( RGC_MANAGE_NO, MEMBER_NO ) VALUES ( 14, 8 );
INSERT INTO TBL_REALTIME_GROUP_PARTICIPANT
( RGC_MANAGE_NO, MEMBER_NO ) VALUES ( 14, 9 );
INSERT INTO TBL_REALTIME_GROUP_PARTICIPANT
( RGC_MANAGE_NO, MEMBER_NO ) VALUES ( 14, 10 );
INSERT INTO TBL_REALTIME_GROUP_PARTICIPANT
( RGC_MANAGE_NO, MEMBER_NO ) VALUES ( 14, 11 );
INSERT INTO TBL_REALTIME_GROUP_PARTICIPANT
( RGC_MANAGE_NO, MEMBER_NO ) VALUES ( 14, 12 );
INSERT INTO TBL_REALTIME_GROUP_PARTICIPANT
( RGC_MANAGE_NO, MEMBER_NO ) VALUES ( 14, 13 );
INSERT INTO TBL_REALTIME_GROUP_PARTICIPANT
( RGC_MANAGE_NO, MEMBER_NO ) VALUES ( 14, 14 );
INSERT INTO TBL_REALTIME_GROUP_PARTICIPANT
( RGC_MANAGE_NO, MEMBER_NO ) VALUES ( 14, 15 );
-- 그룹수업참여이력 14회차 15명
INSERT INTO TBL_GROUP_CLASS_PARTICIPATION
( CLS_PTC_NO, OPENED_CLASS_NO, MEMBER_NO, PARTICIPATION_DATE, PARTICIPATION_TIME)  VALUES ( SEQ_CLS_PTC_NO.NEXTVAL, 1, 2, TO_DATE(TO_CHAR(ADD_MONTHS(SYSDATE, -1), 'YYYY-MM-DD')) + 14, 50 );
INSERT INTO TBL_GROUP_CLASS_PARTICIPATION
( CLS_PTC_NO, OPENED_CLASS_NO, MEMBER_NO, PARTICIPATION_DATE, PARTICIPATION_TIME)  VALUES ( SEQ_CLS_PTC_NO.NEXTVAL, 1, 3, TO_DATE(TO_CHAR(ADD_MONTHS(SYSDATE, -1), 'YYYY-MM-DD')) + 14, 50 );
INSERT INTO TBL_GROUP_CLASS_PARTICIPATION
( CLS_PTC_NO, OPENED_CLASS_NO, MEMBER_NO, PARTICIPATION_DATE, PARTICIPATION_TIME)  VALUES ( SEQ_CLS_PTC_NO.NEXTVAL, 1, 4, TO_DATE(TO_CHAR(ADD_MONTHS(SYSDATE, -1), 'YYYY-MM-DD')) + 14, 50 );
INSERT INTO TBL_GROUP_CLASS_PARTICIPATION
( CLS_PTC_NO, OPENED_CLASS_NO, MEMBER_NO, PARTICIPATION_DATE, PARTICIPATION_TIME)  VALUES ( SEQ_CLS_PTC_NO.NEXTVAL, 1, 5, TO_DATE(TO_CHAR(ADD_MONTHS(SYSDATE, -1), 'YYYY-MM-DD')) + 14, 50 );
INSERT INTO TBL_GROUP_CLASS_PARTICIPATION
( CLS_PTC_NO, OPENED_CLASS_NO, MEMBER_NO, PARTICIPATION_DATE, PARTICIPATION_TIME)  VALUES ( SEQ_CLS_PTC_NO.NEXTVAL, 1, 6, TO_DATE(TO_CHAR(ADD_MONTHS(SYSDATE, -1), 'YYYY-MM-DD')) + 14, 50 );
INSERT INTO TBL_GROUP_CLASS_PARTICIPATION
( CLS_PTC_NO, OPENED_CLASS_NO, MEMBER_NO, PARTICIPATION_DATE, PARTICIPATION_TIME)  VALUES ( SEQ_CLS_PTC_NO.NEXTVAL, 1, 7, TO_DATE(TO_CHAR(ADD_MONTHS(SYSDATE, -1), 'YYYY-MM-DD')) + 14, 50 );
INSERT INTO TBL_GROUP_CLASS_PARTICIPATION
( CLS_PTC_NO, OPENED_CLASS_NO, MEMBER_NO, PARTICIPATION_DATE, PARTICIPATION_TIME)  VALUES ( SEQ_CLS_PTC_NO.NEXTVAL, 1, 8, TO_DATE(TO_CHAR(ADD_MONTHS(SYSDATE, -1), 'YYYY-MM-DD')) + 14, 50 );
INSERT INTO TBL_GROUP_CLASS_PARTICIPATION
( CLS_PTC_NO, OPENED_CLASS_NO, MEMBER_NO, PARTICIPATION_DATE, PARTICIPATION_TIME)  VALUES ( SEQ_CLS_PTC_NO.NEXTVAL, 1, 9, TO_DATE(TO_CHAR(ADD_MONTHS(SYSDATE, -1), 'YYYY-MM-DD')) + 14, 50 );
INSERT INTO TBL_GROUP_CLASS_PARTICIPATION
( CLS_PTC_NO, OPENED_CLASS_NO, MEMBER_NO, PARTICIPATION_DATE, PARTICIPATION_TIME)  VALUES ( SEQ_CLS_PTC_NO.NEXTVAL, 1, 10, TO_DATE(TO_CHAR(ADD_MONTHS(SYSDATE, -1), 'YYYY-MM-DD')) + 14, 50 );
INSERT INTO TBL_GROUP_CLASS_PARTICIPATION
( CLS_PTC_NO, OPENED_CLASS_NO, MEMBER_NO, PARTICIPATION_DATE, PARTICIPATION_TIME)  VALUES ( SEQ_CLS_PTC_NO.NEXTVAL, 1, 11, TO_DATE(TO_CHAR(ADD_MONTHS(SYSDATE, -1), 'YYYY-MM-DD')) + 14, 50 );
INSERT INTO TBL_GROUP_CLASS_PARTICIPATION
( CLS_PTC_NO, OPENED_CLASS_NO, MEMBER_NO, PARTICIPATION_DATE, PARTICIPATION_TIME)  VALUES ( SEQ_CLS_PTC_NO.NEXTVAL, 1, 12, TO_DATE(TO_CHAR(ADD_MONTHS(SYSDATE, -1), 'YYYY-MM-DD')) + 14, 50 );
INSERT INTO TBL_GROUP_CLASS_PARTICIPATION
( CLS_PTC_NO, OPENED_CLASS_NO, MEMBER_NO, PARTICIPATION_DATE, PARTICIPATION_TIME)  VALUES ( SEQ_CLS_PTC_NO.NEXTVAL, 1, 13, TO_DATE(TO_CHAR(ADD_MONTHS(SYSDATE, -1), 'YYYY-MM-DD')) + 14, 50 );
INSERT INTO TBL_GROUP_CLASS_PARTICIPATION
( CLS_PTC_NO, OPENED_CLASS_NO, MEMBER_NO, PARTICIPATION_DATE, PARTICIPATION_TIME)  VALUES ( SEQ_CLS_PTC_NO.NEXTVAL, 1, 14, TO_DATE(TO_CHAR(ADD_MONTHS(SYSDATE, -1), 'YYYY-MM-DD')) + 14, 50 );
INSERT INTO TBL_GROUP_CLASS_PARTICIPATION
( CLS_PTC_NO, OPENED_CLASS_NO, MEMBER_NO, PARTICIPATION_DATE, PARTICIPATION_TIME)  VALUES ( SEQ_CLS_PTC_NO.NEXTVAL, 1, 15, TO_DATE(TO_CHAR(ADD_MONTHS(SYSDATE, -1), 'YYYY-MM-DD')) + 14, 50 );
-- 실시간수업정산내역 14원씩 15명이 참여했다고 가정 (14회차)
INSERT INTO TBL_REALTIME_CLASS_RECEIPT
( REALTIME_CLASS_RECEIPT_NO, RGC_MANAGE_NO, TOTAL_PRICE_PER_EDITION ) VALUES ( SEQ_REALTIME_CLASS_RECEIPT_NO.NEXTVAL, 14, 150);
-- 녹화영상관리내역 19번트레이너 14회차
INSERT INTO TBL_RECORD_VIDEO_MANAGE
( VIDEO_NO, TRAINER_NO, VIDEO_SUBJECT, VIDEO_ENROLL_DATE, VIDEO_EXPIRY_DATE, HITS ) VALUES 
( SEQ_VIDEO_NO.NEXTVAL, 19, '김민끼의 멸치탈출작전 14회', TO_DATE(TO_CHAR(ADD_MONTHS(SYSDATE, -1), 'YYYY-MM-DD')) + 14, TO_DATE(TO_CHAR(ADD_MONTHS(SYSDATE, 12), 'YYYY-MM-DD')), 15 );
-- 시청기록 14회차 영상 15명
INSERT INTO TBL_WATCH_VIDEO_RECORD
( MEMBER_NO, VIDEO_NO, WATCH_DATE, WATCH_TIME ) VALUES ( 2, 14, TO_DATE(TO_CHAR(ADD_MONTHS(SYSDATE, -1), 'YYYY-MM-DD')) + 14, 50 );
INSERT INTO TBL_WATCH_VIDEO_RECORD
( MEMBER_NO, VIDEO_NO, WATCH_DATE, WATCH_TIME ) VALUES ( 3, 14, TO_DATE(TO_CHAR(ADD_MONTHS(SYSDATE, -1), 'YYYY-MM-DD')) + 14, 50 );
INSERT INTO TBL_WATCH_VIDEO_RECORD
( MEMBER_NO, VIDEO_NO, WATCH_DATE, WATCH_TIME ) VALUES ( 4, 14, TO_DATE(TO_CHAR(ADD_MONTHS(SYSDATE, -1), 'YYYY-MM-DD')) + 14, 50 );
INSERT INTO TBL_WATCH_VIDEO_RECORD
( MEMBER_NO, VIDEO_NO, WATCH_DATE, WATCH_TIME ) VALUES ( 5, 14, TO_DATE(TO_CHAR(ADD_MONTHS(SYSDATE, -1), 'YYYY-MM-DD')) + 14, 50 );
INSERT INTO TBL_WATCH_VIDEO_RECORD
( MEMBER_NO, VIDEO_NO, WATCH_DATE, WATCH_TIME ) VALUES ( 6, 14, TO_DATE(TO_CHAR(ADD_MONTHS(SYSDATE, -1), 'YYYY-MM-DD')) + 14, 50 );
INSERT INTO TBL_WATCH_VIDEO_RECORD
( MEMBER_NO, VIDEO_NO, WATCH_DATE, WATCH_TIME ) VALUES ( 7, 14, TO_DATE(TO_CHAR(ADD_MONTHS(SYSDATE, -1), 'YYYY-MM-DD')) + 14, 50 );
INSERT INTO TBL_WATCH_VIDEO_RECORD
( MEMBER_NO, VIDEO_NO, WATCH_DATE, WATCH_TIME ) VALUES ( 8, 14, TO_DATE(TO_CHAR(ADD_MONTHS(SYSDATE, -1), 'YYYY-MM-DD')) + 14, 50 );
INSERT INTO TBL_WATCH_VIDEO_RECORD
( MEMBER_NO, VIDEO_NO, WATCH_DATE, WATCH_TIME ) VALUES ( 9, 14, TO_DATE(TO_CHAR(ADD_MONTHS(SYSDATE, -1), 'YYYY-MM-DD')) + 14, 50 );
INSERT INTO TBL_WATCH_VIDEO_RECORD
( MEMBER_NO, VIDEO_NO, WATCH_DATE, WATCH_TIME ) VALUES ( 10, 14, TO_DATE(TO_CHAR(ADD_MONTHS(SYSDATE, -1), 'YYYY-MM-DD')) + 14, 50 );
INSERT INTO TBL_WATCH_VIDEO_RECORD
( MEMBER_NO, VIDEO_NO, WATCH_DATE, WATCH_TIME ) VALUES ( 11, 14, TO_DATE(TO_CHAR(ADD_MONTHS(SYSDATE, -1), 'YYYY-MM-DD')) + 14, 50 );
INSERT INTO TBL_WATCH_VIDEO_RECORD
( MEMBER_NO, VIDEO_NO, WATCH_DATE, WATCH_TIME ) VALUES ( 12, 14, TO_DATE(TO_CHAR(ADD_MONTHS(SYSDATE, -1), 'YYYY-MM-DD')) + 14, 50 );
INSERT INTO TBL_WATCH_VIDEO_RECORD
( MEMBER_NO, VIDEO_NO, WATCH_DATE, WATCH_TIME ) VALUES ( 13, 14, TO_DATE(TO_CHAR(ADD_MONTHS(SYSDATE, -1), 'YYYY-MM-DD')) + 14, 50 );
INSERT INTO TBL_WATCH_VIDEO_RECORD
( MEMBER_NO, VIDEO_NO, WATCH_DATE, WATCH_TIME ) VALUES ( 14, 14, TO_DATE(TO_CHAR(ADD_MONTHS(SYSDATE, -1), 'YYYY-MM-DD')) + 14, 50 );
INSERT INTO TBL_WATCH_VIDEO_RECORD
( MEMBER_NO, VIDEO_NO, WATCH_DATE, WATCH_TIME ) VALUES ( 15, 14, TO_DATE(TO_CHAR(ADD_MONTHS(SYSDATE, -1), 'YYYY-MM-DD')) + 14, 50 );
-- 녹화영상정산내역 (14회차)
INSERT INTO TBL_RECORD_VIDEO_RECEIPT
( RECORD_VIDEO_RECEIPT_NO, VIDEO_NO, TOTAL_PRICE_PER_VIDEO ) VALUES ( SEQ_RECORD_VIDEO_RECEIPT_NO.NEXTVAL, 14, 75 );
-------------------------------------------------------------------------------------------------------------------------------------------
-- 실시간그룹수업내역 15회차
INSERT INTO TBL_REALTIME_GROUP_CLASS
( RGC_MANAGE_NO, OPENED_CLASS_NO, EDITION_NO, CLASS_DATE, TOTAL_PARTICIPANTS ) VALUES
( SEQ_RGC_MANAGE_NO.NEXTVAL, 1, 15, TO_DATE(TO_CHAR(ADD_MONTHS(SYSDATE, -1), 'YYYY-MM-DD')) + 15, 15 );
-- 실시간그룹참여자 15회차 15명
INSERT INTO TBL_REALTIME_GROUP_PARTICIPANT
( RGC_MANAGE_NO, MEMBER_NO ) VALUES ( 15, 2 );
INSERT INTO TBL_REALTIME_GROUP_PARTICIPANT
( RGC_MANAGE_NO, MEMBER_NO ) VALUES ( 15, 3 );
INSERT INTO TBL_REALTIME_GROUP_PARTICIPANT
( RGC_MANAGE_NO, MEMBER_NO ) VALUES ( 15, 4 );
INSERT INTO TBL_REALTIME_GROUP_PARTICIPANT
( RGC_MANAGE_NO, MEMBER_NO ) VALUES ( 15, 5 );
INSERT INTO TBL_REALTIME_GROUP_PARTICIPANT
( RGC_MANAGE_NO, MEMBER_NO ) VALUES ( 15, 6 );
INSERT INTO TBL_REALTIME_GROUP_PARTICIPANT
( RGC_MANAGE_NO, MEMBER_NO ) VALUES ( 15, 7 );
INSERT INTO TBL_REALTIME_GROUP_PARTICIPANT
( RGC_MANAGE_NO, MEMBER_NO ) VALUES ( 15, 8 );
INSERT INTO TBL_REALTIME_GROUP_PARTICIPANT
( RGC_MANAGE_NO, MEMBER_NO ) VALUES ( 15, 9 );
INSERT INTO TBL_REALTIME_GROUP_PARTICIPANT
( RGC_MANAGE_NO, MEMBER_NO ) VALUES ( 15, 10 );
INSERT INTO TBL_REALTIME_GROUP_PARTICIPANT
( RGC_MANAGE_NO, MEMBER_NO ) VALUES ( 15, 11 );
INSERT INTO TBL_REALTIME_GROUP_PARTICIPANT
( RGC_MANAGE_NO, MEMBER_NO ) VALUES ( 15, 12 );
INSERT INTO TBL_REALTIME_GROUP_PARTICIPANT
( RGC_MANAGE_NO, MEMBER_NO ) VALUES ( 15, 13 );
INSERT INTO TBL_REALTIME_GROUP_PARTICIPANT
( RGC_MANAGE_NO, MEMBER_NO ) VALUES ( 15, 14 );
INSERT INTO TBL_REALTIME_GROUP_PARTICIPANT
( RGC_MANAGE_NO, MEMBER_NO ) VALUES ( 15, 15 );
-- 그룹수업참여이력 15회차 15명
INSERT INTO TBL_GROUP_CLASS_PARTICIPATION
( CLS_PTC_NO, OPENED_CLASS_NO, MEMBER_NO, PARTICIPATION_DATE, PARTICIPATION_TIME)  VALUES ( SEQ_CLS_PTC_NO.NEXTVAL, 1, 2, TO_DATE(TO_CHAR(ADD_MONTHS(SYSDATE, -1), 'YYYY-MM-DD')) + 15, 50 );
INSERT INTO TBL_GROUP_CLASS_PARTICIPATION
( CLS_PTC_NO, OPENED_CLASS_NO, MEMBER_NO, PARTICIPATION_DATE, PARTICIPATION_TIME)  VALUES ( SEQ_CLS_PTC_NO.NEXTVAL, 1, 3, TO_DATE(TO_CHAR(ADD_MONTHS(SYSDATE, -1), 'YYYY-MM-DD')) + 15, 50 );
INSERT INTO TBL_GROUP_CLASS_PARTICIPATION
( CLS_PTC_NO, OPENED_CLASS_NO, MEMBER_NO, PARTICIPATION_DATE, PARTICIPATION_TIME)  VALUES ( SEQ_CLS_PTC_NO.NEXTVAL, 1, 4, TO_DATE(TO_CHAR(ADD_MONTHS(SYSDATE, -1), 'YYYY-MM-DD')) + 15, 50 );
INSERT INTO TBL_GROUP_CLASS_PARTICIPATION
( CLS_PTC_NO, OPENED_CLASS_NO, MEMBER_NO, PARTICIPATION_DATE, PARTICIPATION_TIME)  VALUES ( SEQ_CLS_PTC_NO.NEXTVAL, 1, 5, TO_DATE(TO_CHAR(ADD_MONTHS(SYSDATE, -1), 'YYYY-MM-DD')) + 15, 50 );
INSERT INTO TBL_GROUP_CLASS_PARTICIPATION
( CLS_PTC_NO, OPENED_CLASS_NO, MEMBER_NO, PARTICIPATION_DATE, PARTICIPATION_TIME)  VALUES ( SEQ_CLS_PTC_NO.NEXTVAL, 1, 6, TO_DATE(TO_CHAR(ADD_MONTHS(SYSDATE, -1), 'YYYY-MM-DD')) + 15, 50 );
INSERT INTO TBL_GROUP_CLASS_PARTICIPATION
( CLS_PTC_NO, OPENED_CLASS_NO, MEMBER_NO, PARTICIPATION_DATE, PARTICIPATION_TIME)  VALUES ( SEQ_CLS_PTC_NO.NEXTVAL, 1, 7, TO_DATE(TO_CHAR(ADD_MONTHS(SYSDATE, -1), 'YYYY-MM-DD')) + 15, 50 );
INSERT INTO TBL_GROUP_CLASS_PARTICIPATION
( CLS_PTC_NO, OPENED_CLASS_NO, MEMBER_NO, PARTICIPATION_DATE, PARTICIPATION_TIME)  VALUES ( SEQ_CLS_PTC_NO.NEXTVAL, 1, 8, TO_DATE(TO_CHAR(ADD_MONTHS(SYSDATE, -1), 'YYYY-MM-DD')) + 15, 50 );
INSERT INTO TBL_GROUP_CLASS_PARTICIPATION
( CLS_PTC_NO, OPENED_CLASS_NO, MEMBER_NO, PARTICIPATION_DATE, PARTICIPATION_TIME)  VALUES ( SEQ_CLS_PTC_NO.NEXTVAL, 1, 9, TO_DATE(TO_CHAR(ADD_MONTHS(SYSDATE, -1), 'YYYY-MM-DD')) + 15, 50 );
INSERT INTO TBL_GROUP_CLASS_PARTICIPATION
( CLS_PTC_NO, OPENED_CLASS_NO, MEMBER_NO, PARTICIPATION_DATE, PARTICIPATION_TIME)  VALUES ( SEQ_CLS_PTC_NO.NEXTVAL, 1, 10, TO_DATE(TO_CHAR(ADD_MONTHS(SYSDATE, -1), 'YYYY-MM-DD')) + 15, 50 );
INSERT INTO TBL_GROUP_CLASS_PARTICIPATION
( CLS_PTC_NO, OPENED_CLASS_NO, MEMBER_NO, PARTICIPATION_DATE, PARTICIPATION_TIME)  VALUES ( SEQ_CLS_PTC_NO.NEXTVAL, 1, 11, TO_DATE(TO_CHAR(ADD_MONTHS(SYSDATE, -1), 'YYYY-MM-DD')) + 15, 50 );
INSERT INTO TBL_GROUP_CLASS_PARTICIPATION
( CLS_PTC_NO, OPENED_CLASS_NO, MEMBER_NO, PARTICIPATION_DATE, PARTICIPATION_TIME)  VALUES ( SEQ_CLS_PTC_NO.NEXTVAL, 1, 12, TO_DATE(TO_CHAR(ADD_MONTHS(SYSDATE, -1), 'YYYY-MM-DD')) + 15, 50 );
INSERT INTO TBL_GROUP_CLASS_PARTICIPATION
( CLS_PTC_NO, OPENED_CLASS_NO, MEMBER_NO, PARTICIPATION_DATE, PARTICIPATION_TIME)  VALUES ( SEQ_CLS_PTC_NO.NEXTVAL, 1, 13, TO_DATE(TO_CHAR(ADD_MONTHS(SYSDATE, -1), 'YYYY-MM-DD')) + 15, 50 );
INSERT INTO TBL_GROUP_CLASS_PARTICIPATION
( CLS_PTC_NO, OPENED_CLASS_NO, MEMBER_NO, PARTICIPATION_DATE, PARTICIPATION_TIME)  VALUES ( SEQ_CLS_PTC_NO.NEXTVAL, 1, 14, TO_DATE(TO_CHAR(ADD_MONTHS(SYSDATE, -1), 'YYYY-MM-DD')) + 15, 50 );
INSERT INTO TBL_GROUP_CLASS_PARTICIPATION
( CLS_PTC_NO, OPENED_CLASS_NO, MEMBER_NO, PARTICIPATION_DATE, PARTICIPATION_TIME)  VALUES ( SEQ_CLS_PTC_NO.NEXTVAL, 1, 15, TO_DATE(TO_CHAR(ADD_MONTHS(SYSDATE, -1), 'YYYY-MM-DD')) + 15, 50 );
-- 실시간수업정산내역 15원씩 15명이 참여했다고 가정 (15회차)
INSERT INTO TBL_REALTIME_CLASS_RECEIPT
( REALTIME_CLASS_RECEIPT_NO, RGC_MANAGE_NO, TOTAL_PRICE_PER_EDITION ) VALUES ( SEQ_REALTIME_CLASS_RECEIPT_NO.NEXTVAL, 15, 150);
-- 녹화영상관리내역 19번트레이너 15회차
INSERT INTO TBL_RECORD_VIDEO_MANAGE
( VIDEO_NO, TRAINER_NO, VIDEO_SUBJECT, VIDEO_ENROLL_DATE, VIDEO_EXPIRY_DATE, HITS ) VALUES 
( SEQ_VIDEO_NO.NEXTVAL, 19, '김민끼의 멸치탈출작전 15회', TO_DATE(TO_CHAR(ADD_MONTHS(SYSDATE, -1), 'YYYY-MM-DD')) + 15, TO_DATE(TO_CHAR(ADD_MONTHS(SYSDATE, 12), 'YYYY-MM-DD')), 15 );
-- 시청기록 15회차 영상 15명
INSERT INTO TBL_WATCH_VIDEO_RECORD
( MEMBER_NO, VIDEO_NO, WATCH_DATE, WATCH_TIME ) VALUES ( 2, 15, TO_DATE(TO_CHAR(ADD_MONTHS(SYSDATE, -1), 'YYYY-MM-DD')) + 15, 50 );
INSERT INTO TBL_WATCH_VIDEO_RECORD
( MEMBER_NO, VIDEO_NO, WATCH_DATE, WATCH_TIME ) VALUES ( 3, 15, TO_DATE(TO_CHAR(ADD_MONTHS(SYSDATE, -1), 'YYYY-MM-DD')) + 15, 50 );
INSERT INTO TBL_WATCH_VIDEO_RECORD
( MEMBER_NO, VIDEO_NO, WATCH_DATE, WATCH_TIME ) VALUES ( 4, 15, TO_DATE(TO_CHAR(ADD_MONTHS(SYSDATE, -1), 'YYYY-MM-DD')) + 15, 50 );
INSERT INTO TBL_WATCH_VIDEO_RECORD
( MEMBER_NO, VIDEO_NO, WATCH_DATE, WATCH_TIME ) VALUES ( 5, 15, TO_DATE(TO_CHAR(ADD_MONTHS(SYSDATE, -1), 'YYYY-MM-DD')) + 15, 50 );
INSERT INTO TBL_WATCH_VIDEO_RECORD
( MEMBER_NO, VIDEO_NO, WATCH_DATE, WATCH_TIME ) VALUES ( 6, 15, TO_DATE(TO_CHAR(ADD_MONTHS(SYSDATE, -1), 'YYYY-MM-DD')) + 15, 50 );
INSERT INTO TBL_WATCH_VIDEO_RECORD
( MEMBER_NO, VIDEO_NO, WATCH_DATE, WATCH_TIME ) VALUES ( 7, 15, TO_DATE(TO_CHAR(ADD_MONTHS(SYSDATE, -1), 'YYYY-MM-DD')) + 15, 50 );
INSERT INTO TBL_WATCH_VIDEO_RECORD
( MEMBER_NO, VIDEO_NO, WATCH_DATE, WATCH_TIME ) VALUES ( 8, 15, TO_DATE(TO_CHAR(ADD_MONTHS(SYSDATE, -1), 'YYYY-MM-DD')) + 15, 50 );
INSERT INTO TBL_WATCH_VIDEO_RECORD
( MEMBER_NO, VIDEO_NO, WATCH_DATE, WATCH_TIME ) VALUES ( 9, 15, TO_DATE(TO_CHAR(ADD_MONTHS(SYSDATE, -1), 'YYYY-MM-DD')) + 15, 50 );
INSERT INTO TBL_WATCH_VIDEO_RECORD
( MEMBER_NO, VIDEO_NO, WATCH_DATE, WATCH_TIME ) VALUES ( 10, 15, TO_DATE(TO_CHAR(ADD_MONTHS(SYSDATE, -1), 'YYYY-MM-DD')) + 15, 50 );
INSERT INTO TBL_WATCH_VIDEO_RECORD
( MEMBER_NO, VIDEO_NO, WATCH_DATE, WATCH_TIME ) VALUES ( 11, 15, TO_DATE(TO_CHAR(ADD_MONTHS(SYSDATE, -1), 'YYYY-MM-DD')) + 15, 50 );
INSERT INTO TBL_WATCH_VIDEO_RECORD
( MEMBER_NO, VIDEO_NO, WATCH_DATE, WATCH_TIME ) VALUES ( 12, 15, TO_DATE(TO_CHAR(ADD_MONTHS(SYSDATE, -1), 'YYYY-MM-DD')) + 15, 50 );
INSERT INTO TBL_WATCH_VIDEO_RECORD
( MEMBER_NO, VIDEO_NO, WATCH_DATE, WATCH_TIME ) VALUES ( 13, 15, TO_DATE(TO_CHAR(ADD_MONTHS(SYSDATE, -1), 'YYYY-MM-DD')) + 15, 50 );
INSERT INTO TBL_WATCH_VIDEO_RECORD
( MEMBER_NO, VIDEO_NO, WATCH_DATE, WATCH_TIME ) VALUES ( 14, 15, TO_DATE(TO_CHAR(ADD_MONTHS(SYSDATE, -1), 'YYYY-MM-DD')) + 15, 50 );
INSERT INTO TBL_WATCH_VIDEO_RECORD
( MEMBER_NO, VIDEO_NO, WATCH_DATE, WATCH_TIME ) VALUES ( 15, 15, TO_DATE(TO_CHAR(ADD_MONTHS(SYSDATE, -1), 'YYYY-MM-DD')) + 15, 50 );
-- 녹화영상정산내역 (15회차)
INSERT INTO TBL_RECORD_VIDEO_RECEIPT
( RECORD_VIDEO_RECEIPT_NO, VIDEO_NO, TOTAL_PRICE_PER_VIDEO ) VALUES ( SEQ_RECORD_VIDEO_RECEIPT_NO.NEXTVAL, 15, 75 );
COMMIT;
---------------------------------------------------------------------------------------------------------------------------------------
-- 개설수업(트레이너번호 19번)(PT)
INSERT INTO TBL_OPENED_CLASS
( CLASS_NO, TRAINER_NO, CLASS_NAME, CLASS_KIND, CLASS_APPROVAL, CLASS_STATUS, CREATED_DATE, CLASS_CATEGORY, CLASS_INTRO, CLASS_INTRODUCE ) VALUES
( SEQ_CLASS_NO.NEXTVAL, 19, '김민끼의 1대1 PT', '1대1PT', 'Y', 'Y', TO_DATE(TO_CHAR(ADD_MONTHS(SYSDATE, -1), 'YYYY-MM-DD')), '헬스', '똑똑하게,부상없이,근성장', '효율적인 1대1 수업' );
COMMIT;
------------------------------------------------------------------------------------------------------------------
-- 트레이너피티신청내역
INSERT INTO TBL_TRAINER_PT_PERMIT
( PERMIT_NO, TRAINER_NO, MEMBER_NO, APPLY_DATE, PERMIT_YN, PERMIT_DATE  ) VALUES ( SEQ_PERMIT_NO.NEXTVAL, 19, 2, TO_DATE(TO_CHAR(ADD_MONTHS(SYSDATE, -1), 'YYYY-MM-DD')), 'Y', TO_DATE(TO_CHAR(ADD_MONTHS(SYSDATE, -1), 'YYYY-MM-DD')));
INSERT INTO TBL_TRAINER_PT_PERMIT
( PERMIT_NO, TRAINER_NO, MEMBER_NO, APPLY_DATE, PERMIT_YN, PERMIT_DATE  ) VALUES ( SEQ_PERMIT_NO.NEXTVAL, 19, 3, TO_DATE(TO_CHAR(ADD_MONTHS(SYSDATE, -1), 'YYYY-MM-DD')), 'Y', TO_DATE(TO_CHAR(ADD_MONTHS(SYSDATE, -1), 'YYYY-MM-DD')));
INSERT INTO TBL_TRAINER_PT_PERMIT
( PERMIT_NO, TRAINER_NO, MEMBER_NO, APPLY_DATE, PERMIT_YN, PERMIT_DATE  ) VALUES ( SEQ_PERMIT_NO.NEXTVAL, 19, 4, TO_DATE(TO_CHAR(ADD_MONTHS(SYSDATE, -1), 'YYYY-MM-DD')), 'Y', TO_DATE(TO_CHAR(ADD_MONTHS(SYSDATE, -1), 'YYYY-MM-DD')));
INSERT INTO TBL_TRAINER_PT_PERMIT
( PERMIT_NO, TRAINER_NO, MEMBER_NO, APPLY_DATE, PERMIT_YN, PERMIT_DATE  ) VALUES ( SEQ_PERMIT_NO.NEXTVAL, 19, 5, TO_DATE(TO_CHAR(ADD_MONTHS(SYSDATE, -1), 'YYYY-MM-DD')), 'Y', TO_DATE(TO_CHAR(ADD_MONTHS(SYSDATE, -1), 'YYYY-MM-DD')));
INSERT INTO TBL_TRAINER_PT_PERMIT
( PERMIT_NO, TRAINER_NO, MEMBER_NO, APPLY_DATE, PERMIT_YN, PERMIT_DATE  ) VALUES ( SEQ_PERMIT_NO.NEXTVAL, 19, 6, TO_DATE(TO_CHAR(ADD_MONTHS(SYSDATE, -1), 'YYYY-MM-DD')), 'Y', TO_DATE(TO_CHAR(ADD_MONTHS(SYSDATE, -1), 'YYYY-MM-DD')));
INSERT INTO TBL_TRAINER_PT_PERMIT
( PERMIT_NO, TRAINER_NO, MEMBER_NO, APPLY_DATE, PERMIT_YN, PERMIT_DATE  ) VALUES ( SEQ_PERMIT_NO.NEXTVAL, 19, 7, TO_DATE(TO_CHAR(ADD_MONTHS(SYSDATE, -1), 'YYYY-MM-DD')), 'Y', TO_DATE(TO_CHAR(ADD_MONTHS(SYSDATE, -1), 'YYYY-MM-DD')));
INSERT INTO TBL_TRAINER_PT_PERMIT
( PERMIT_NO, TRAINER_NO, MEMBER_NO, APPLY_DATE, PERMIT_YN, PERMIT_DATE  ) VALUES ( SEQ_PERMIT_NO.NEXTVAL, 19, 8, TO_DATE(TO_CHAR(ADD_MONTHS(SYSDATE, -1), 'YYYY-MM-DD')), 'Y', TO_DATE(TO_CHAR(ADD_MONTHS(SYSDATE, -1), 'YYYY-MM-DD')));
INSERT INTO TBL_TRAINER_PT_PERMIT
( PERMIT_NO, TRAINER_NO, MEMBER_NO, APPLY_DATE, PERMIT_YN, PERMIT_DATE  ) VALUES ( SEQ_PERMIT_NO.NEXTVAL, 19, 9, TO_DATE(TO_CHAR(ADD_MONTHS(SYSDATE, -1), 'YYYY-MM-DD')), 'Y', TO_DATE(TO_CHAR(ADD_MONTHS(SYSDATE, -1), 'YYYY-MM-DD')));
INSERT INTO TBL_TRAINER_PT_PERMIT
( PERMIT_NO, TRAINER_NO, MEMBER_NO, APPLY_DATE, PERMIT_YN, PERMIT_DATE  ) VALUES ( SEQ_PERMIT_NO.NEXTVAL, 19, 10, TO_DATE(TO_CHAR(ADD_MONTHS(SYSDATE, -1), 'YYYY-MM-DD')), 'Y', TO_DATE(TO_CHAR(ADD_MONTHS(SYSDATE, -1), 'YYYY-MM-DD')));
INSERT INTO TBL_TRAINER_PT_PERMIT
( PERMIT_NO, TRAINER_NO, MEMBER_NO, APPLY_DATE, PERMIT_YN, PERMIT_DATE  ) VALUES ( SEQ_PERMIT_NO.NEXTVAL, 19, 11, TO_DATE(TO_CHAR(ADD_MONTHS(SYSDATE, -1), 'YYYY-MM-DD')), 'Y', TO_DATE(TO_CHAR(ADD_MONTHS(SYSDATE, -1), 'YYYY-MM-DD')));
INSERT INTO TBL_TRAINER_PT_PERMIT
( PERMIT_NO, TRAINER_NO, MEMBER_NO, APPLY_DATE, PERMIT_YN, PERMIT_DATE  ) VALUES ( SEQ_PERMIT_NO.NEXTVAL, 19, 12, TO_DATE(TO_CHAR(ADD_MONTHS(SYSDATE, -1), 'YYYY-MM-DD')), 'Y', TO_DATE(TO_CHAR(ADD_MONTHS(SYSDATE, -1), 'YYYY-MM-DD')));
INSERT INTO TBL_TRAINER_PT_PERMIT
( PERMIT_NO, TRAINER_NO, MEMBER_NO, APPLY_DATE, PERMIT_YN, PERMIT_DATE  ) VALUES ( SEQ_PERMIT_NO.NEXTVAL, 19, 13, TO_DATE(TO_CHAR(ADD_MONTHS(SYSDATE, -1), 'YYYY-MM-DD')), 'Y', TO_DATE(TO_CHAR(ADD_MONTHS(SYSDATE, -1), 'YYYY-MM-DD')));
INSERT INTO TBL_TRAINER_PT_PERMIT
( PERMIT_NO, TRAINER_NO, MEMBER_NO, APPLY_DATE, PERMIT_YN, PERMIT_DATE  ) VALUES ( SEQ_PERMIT_NO.NEXTVAL, 19, 14, TO_DATE(TO_CHAR(ADD_MONTHS(SYSDATE, -1), 'YYYY-MM-DD')), 'Y', TO_DATE(TO_CHAR(ADD_MONTHS(SYSDATE, -1), 'YYYY-MM-DD')));
INSERT INTO TBL_TRAINER_PT_PERMIT
( PERMIT_NO, TRAINER_NO, MEMBER_NO, APPLY_DATE, PERMIT_YN, PERMIT_DATE  ) VALUES ( SEQ_PERMIT_NO.NEXTVAL, 19, 15, TO_DATE(TO_CHAR(ADD_MONTHS(SYSDATE, -1), 'YYYY-MM-DD')), 'Y', TO_DATE(TO_CHAR(ADD_MONTHS(SYSDATE, -1), 'YYYY-MM-DD')));

-- 회차권이용내역
-- 15명 1일차 (225,000원)
INSERT INTO TBL_VOUCHER_USE
( OPENED_CLASS_NO, MEMBER_NO, USE_DATE ) VALUES
( 2, 2, TO_DATE(TO_CHAR(ADD_MONTHS(SYSDATE, -1), 'YYYY-MM-DD')) + 1);
UPDATE TBL_PT_AMOUNT
SET PT_AMOUNT = (SELECT PT_AMOUNT FROM TBL_PT_AMOUNT WHERE MEMBER_NO = 2) - 1
WHERE MEMBER_NO = 2;
INSERT INTO TBL_VOUCHER_USE
( OPENED_CLASS_NO, MEMBER_NO, USE_DATE ) VALUES
( 2, 3, TO_DATE(TO_CHAR(ADD_MONTHS(SYSDATE, -1), 'YYYY-MM-DD')) + 1);
UPDATE TBL_PT_AMOUNT
SET PT_AMOUNT = (SELECT PT_AMOUNT FROM TBL_PT_AMOUNT WHERE MEMBER_NO = 3) - 1
WHERE MEMBER_NO = 3;
INSERT INTO TBL_VOUCHER_USE
( OPENED_CLASS_NO, MEMBER_NO, USE_DATE ) VALUES
( 2, 4, TO_DATE(TO_CHAR(ADD_MONTHS(SYSDATE, -1), 'YYYY-MM-DD')) + 1);
UPDATE TBL_PT_AMOUNT
SET PT_AMOUNT = (SELECT PT_AMOUNT FROM TBL_PT_AMOUNT WHERE MEMBER_NO = 4) - 1
WHERE MEMBER_NO = 4;
INSERT INTO TBL_VOUCHER_USE
( OPENED_CLASS_NO, MEMBER_NO, USE_DATE ) VALUES
( 2, 5, TO_DATE(TO_CHAR(ADD_MONTHS(SYSDATE, -1), 'YYYY-MM-DD')) + 1);
UPDATE TBL_PT_AMOUNT
SET PT_AMOUNT = (SELECT PT_AMOUNT FROM TBL_PT_AMOUNT WHERE MEMBER_NO = 5) - 1
WHERE MEMBER_NO = 5;
INSERT INTO TBL_VOUCHER_USE
( OPENED_CLASS_NO, MEMBER_NO, USE_DATE ) VALUES
( 2, 6, TO_DATE(TO_CHAR(ADD_MONTHS(SYSDATE, -1), 'YYYY-MM-DD')) + 1);
UPDATE TBL_PT_AMOUNT
SET PT_AMOUNT = (SELECT PT_AMOUNT FROM TBL_PT_AMOUNT WHERE MEMBER_NO = 6) - 1
WHERE MEMBER_NO = 6;
INSERT INTO TBL_VOUCHER_USE
( OPENED_CLASS_NO, MEMBER_NO, USE_DATE ) VALUES
( 2, 7, TO_DATE(TO_CHAR(ADD_MONTHS(SYSDATE, -1), 'YYYY-MM-DD')) + 1);
UPDATE TBL_PT_AMOUNT
SET PT_AMOUNT = (SELECT PT_AMOUNT FROM TBL_PT_AMOUNT WHERE MEMBER_NO = 7) - 1
WHERE MEMBER_NO = 7;
INSERT INTO TBL_VOUCHER_USE
( OPENED_CLASS_NO, MEMBER_NO, USE_DATE ) VALUES
( 2, 8, TO_DATE(TO_CHAR(ADD_MONTHS(SYSDATE, -1), 'YYYY-MM-DD')) + 1);
UPDATE TBL_PT_AMOUNT
SET PT_AMOUNT = (SELECT PT_AMOUNT FROM TBL_PT_AMOUNT WHERE MEMBER_NO = 8) - 1
WHERE MEMBER_NO = 8;
INSERT INTO TBL_VOUCHER_USE
( OPENED_CLASS_NO, MEMBER_NO, USE_DATE ) VALUES
( 2, 9, TO_DATE(TO_CHAR(ADD_MONTHS(SYSDATE, -1), 'YYYY-MM-DD')) + 1);
UPDATE TBL_PT_AMOUNT
SET PT_AMOUNT = (SELECT PT_AMOUNT FROM TBL_PT_AMOUNT WHERE MEMBER_NO = 9) - 1
WHERE MEMBER_NO = 9;
INSERT INTO TBL_VOUCHER_USE
( OPENED_CLASS_NO, MEMBER_NO, USE_DATE ) VALUES
( 2, 10, TO_DATE(TO_CHAR(ADD_MONTHS(SYSDATE, -1), 'YYYY-MM-DD')) + 1);
UPDATE TBL_PT_AMOUNT
SET PT_AMOUNT = (SELECT PT_AMOUNT FROM TBL_PT_AMOUNT WHERE MEMBER_NO = 10) - 1
WHERE MEMBER_NO = 10;
INSERT INTO TBL_VOUCHER_USE
( OPENED_CLASS_NO, MEMBER_NO, USE_DATE ) VALUES
( 2, 11, TO_DATE(TO_CHAR(ADD_MONTHS(SYSDATE, -1), 'YYYY-MM-DD')) + 1);
UPDATE TBL_PT_AMOUNT
SET PT_AMOUNT = (SELECT PT_AMOUNT FROM TBL_PT_AMOUNT WHERE MEMBER_NO = 11) - 1
WHERE MEMBER_NO = 11;
INSERT INTO TBL_VOUCHER_USE
( OPENED_CLASS_NO, MEMBER_NO, USE_DATE ) VALUES
( 2, 12, TO_DATE(TO_CHAR(ADD_MONTHS(SYSDATE, -1), 'YYYY-MM-DD')) + 1);
UPDATE TBL_PT_AMOUNT
SET PT_AMOUNT = (SELECT PT_AMOUNT FROM TBL_PT_AMOUNT WHERE MEMBER_NO = 12) - 1
WHERE MEMBER_NO = 12;
INSERT INTO TBL_VOUCHER_USE
( OPENED_CLASS_NO, MEMBER_NO, USE_DATE ) VALUES
( 2, 13, TO_DATE(TO_CHAR(ADD_MONTHS(SYSDATE, -1), 'YYYY-MM-DD')) + 1);
UPDATE TBL_PT_AMOUNT
SET PT_AMOUNT = (SELECT PT_AMOUNT FROM TBL_PT_AMOUNT WHERE MEMBER_NO = 13) - 1
WHERE MEMBER_NO = 13;
INSERT INTO TBL_VOUCHER_USE
( OPENED_CLASS_NO, MEMBER_NO, USE_DATE ) VALUES
( 2, 14, TO_DATE(TO_CHAR(ADD_MONTHS(SYSDATE, -1), 'YYYY-MM-DD')) + 1);
UPDATE TBL_PT_AMOUNT
SET PT_AMOUNT = (SELECT PT_AMOUNT FROM TBL_PT_AMOUNT WHERE MEMBER_NO = 14) - 1
WHERE MEMBER_NO = 14;
INSERT INTO TBL_VOUCHER_USE
( OPENED_CLASS_NO, MEMBER_NO, USE_DATE ) VALUES
( 2, 15, TO_DATE(TO_CHAR(ADD_MONTHS(SYSDATE, -1), 'YYYY-MM-DD')) + 1);
UPDATE TBL_PT_AMOUNT
SET PT_AMOUNT = (SELECT PT_AMOUNT FROM TBL_PT_AMOUNT WHERE MEMBER_NO = 15) - 1
WHERE MEMBER_NO = 15;
-- 2일차
INSERT INTO TBL_VOUCHER_USE
( OPENED_CLASS_NO, MEMBER_NO, USE_DATE ) VALUES
( 2, 2, TO_DATE(TO_CHAR(ADD_MONTHS(SYSDATE, -1), 'YYYY-MM-DD')) + 2);
UPDATE TBL_PT_AMOUNT
SET PT_AMOUNT = (SELECT PT_AMOUNT FROM TBL_PT_AMOUNT WHERE MEMBER_NO = 2) - 1
WHERE MEMBER_NO = 2;
INSERT INTO TBL_VOUCHER_USE
( OPENED_CLASS_NO, MEMBER_NO, USE_DATE ) VALUES
( 2, 3, TO_DATE(TO_CHAR(ADD_MONTHS(SYSDATE, -1), 'YYYY-MM-DD')) + 2);
UPDATE TBL_PT_AMOUNT
SET PT_AMOUNT = (SELECT PT_AMOUNT FROM TBL_PT_AMOUNT WHERE MEMBER_NO = 3) - 1
WHERE MEMBER_NO = 3;
INSERT INTO TBL_VOUCHER_USE
( OPENED_CLASS_NO, MEMBER_NO, USE_DATE ) VALUES
( 2, 4, TO_DATE(TO_CHAR(ADD_MONTHS(SYSDATE, -1), 'YYYY-MM-DD')) + 2);
UPDATE TBL_PT_AMOUNT
SET PT_AMOUNT = (SELECT PT_AMOUNT FROM TBL_PT_AMOUNT WHERE MEMBER_NO = 4) - 1
WHERE MEMBER_NO = 4;
INSERT INTO TBL_VOUCHER_USE
( OPENED_CLASS_NO, MEMBER_NO, USE_DATE ) VALUES
( 2, 5, TO_DATE(TO_CHAR(ADD_MONTHS(SYSDATE, -1), 'YYYY-MM-DD')) + 2);
UPDATE TBL_PT_AMOUNT
SET PT_AMOUNT = (SELECT PT_AMOUNT FROM TBL_PT_AMOUNT WHERE MEMBER_NO = 5) - 1
WHERE MEMBER_NO = 5;
INSERT INTO TBL_VOUCHER_USE
( OPENED_CLASS_NO, MEMBER_NO, USE_DATE ) VALUES
( 2, 6, TO_DATE(TO_CHAR(ADD_MONTHS(SYSDATE, -1), 'YYYY-MM-DD')) + 2);
UPDATE TBL_PT_AMOUNT
SET PT_AMOUNT = (SELECT PT_AMOUNT FROM TBL_PT_AMOUNT WHERE MEMBER_NO = 6) - 1
WHERE MEMBER_NO = 6;
INSERT INTO TBL_VOUCHER_USE
( OPENED_CLASS_NO, MEMBER_NO, USE_DATE ) VALUES
( 2, 7, TO_DATE(TO_CHAR(ADD_MONTHS(SYSDATE, -1), 'YYYY-MM-DD')) + 2);
UPDATE TBL_PT_AMOUNT
SET PT_AMOUNT = (SELECT PT_AMOUNT FROM TBL_PT_AMOUNT WHERE MEMBER_NO = 7) - 1
WHERE MEMBER_NO = 7;
INSERT INTO TBL_VOUCHER_USE
( OPENED_CLASS_NO, MEMBER_NO, USE_DATE ) VALUES
( 2, 8, TO_DATE(TO_CHAR(ADD_MONTHS(SYSDATE, -1), 'YYYY-MM-DD')) + 2);
UPDATE TBL_PT_AMOUNT
SET PT_AMOUNT = (SELECT PT_AMOUNT FROM TBL_PT_AMOUNT WHERE MEMBER_NO = 8) - 1
WHERE MEMBER_NO = 8;
INSERT INTO TBL_VOUCHER_USE
( OPENED_CLASS_NO, MEMBER_NO, USE_DATE ) VALUES
( 2, 9, TO_DATE(TO_CHAR(ADD_MONTHS(SYSDATE, -1), 'YYYY-MM-DD')) + 2);
UPDATE TBL_PT_AMOUNT
SET PT_AMOUNT = (SELECT PT_AMOUNT FROM TBL_PT_AMOUNT WHERE MEMBER_NO = 9) - 1
WHERE MEMBER_NO = 9;
INSERT INTO TBL_VOUCHER_USE
( OPENED_CLASS_NO, MEMBER_NO, USE_DATE ) VALUES
( 2, 10, TO_DATE(TO_CHAR(ADD_MONTHS(SYSDATE, -1), 'YYYY-MM-DD')) + 2);
UPDATE TBL_PT_AMOUNT
SET PT_AMOUNT = (SELECT PT_AMOUNT FROM TBL_PT_AMOUNT WHERE MEMBER_NO = 10) - 1
WHERE MEMBER_NO = 10;
INSERT INTO TBL_VOUCHER_USE
( OPENED_CLASS_NO, MEMBER_NO, USE_DATE ) VALUES
( 2, 11, TO_DATE(TO_CHAR(ADD_MONTHS(SYSDATE, -1), 'YYYY-MM-DD')) + 2);
UPDATE TBL_PT_AMOUNT
SET PT_AMOUNT = (SELECT PT_AMOUNT FROM TBL_PT_AMOUNT WHERE MEMBER_NO = 11) - 1
WHERE MEMBER_NO = 11;
INSERT INTO TBL_VOUCHER_USE
( OPENED_CLASS_NO, MEMBER_NO, USE_DATE ) VALUES
( 2, 12, TO_DATE(TO_CHAR(ADD_MONTHS(SYSDATE, -1), 'YYYY-MM-DD')) + 2);
UPDATE TBL_PT_AMOUNT
SET PT_AMOUNT = (SELECT PT_AMOUNT FROM TBL_PT_AMOUNT WHERE MEMBER_NO = 12) - 1
WHERE MEMBER_NO = 12;
INSERT INTO TBL_VOUCHER_USE
( OPENED_CLASS_NO, MEMBER_NO, USE_DATE ) VALUES
( 2, 13, TO_DATE(TO_CHAR(ADD_MONTHS(SYSDATE, -1), 'YYYY-MM-DD')) + 2);
UPDATE TBL_PT_AMOUNT
SET PT_AMOUNT = (SELECT PT_AMOUNT FROM TBL_PT_AMOUNT WHERE MEMBER_NO = 13) - 1
WHERE MEMBER_NO = 13;
INSERT INTO TBL_VOUCHER_USE
( OPENED_CLASS_NO, MEMBER_NO, USE_DATE ) VALUES
( 2, 14, TO_DATE(TO_CHAR(ADD_MONTHS(SYSDATE, -1), 'YYYY-MM-DD')) + 2);
UPDATE TBL_PT_AMOUNT
SET PT_AMOUNT = (SELECT PT_AMOUNT FROM TBL_PT_AMOUNT WHERE MEMBER_NO = 14) - 1
WHERE MEMBER_NO = 14;
INSERT INTO TBL_VOUCHER_USE
( OPENED_CLASS_NO, MEMBER_NO, USE_DATE ) VALUES
( 2, 15, TO_DATE(TO_CHAR(ADD_MONTHS(SYSDATE, -1), 'YYYY-MM-DD')) + 2);
UPDATE TBL_PT_AMOUNT
SET PT_AMOUNT = (SELECT PT_AMOUNT FROM TBL_PT_AMOUNT WHERE MEMBER_NO = 15) - 1
WHERE MEMBER_NO = 15;
-- 3일차
INSERT INTO TBL_VOUCHER_USE
( OPENED_CLASS_NO, MEMBER_NO, USE_DATE ) VALUES
( 2, 2, TO_DATE(TO_CHAR(ADD_MONTHS(SYSDATE, -1), 'YYYY-MM-DD')) + 3);
UPDATE TBL_PT_AMOUNT
SET PT_AMOUNT = (SELECT PT_AMOUNT FROM TBL_PT_AMOUNT WHERE MEMBER_NO = 2) - 1
WHERE MEMBER_NO = 2;
INSERT INTO TBL_VOUCHER_USE
( OPENED_CLASS_NO, MEMBER_NO, USE_DATE ) VALUES
( 2, 3, TO_DATE(TO_CHAR(ADD_MONTHS(SYSDATE, -1), 'YYYY-MM-DD')) + 3);
UPDATE TBL_PT_AMOUNT
SET PT_AMOUNT = (SELECT PT_AMOUNT FROM TBL_PT_AMOUNT WHERE MEMBER_NO = 3) - 1
WHERE MEMBER_NO = 3;
INSERT INTO TBL_VOUCHER_USE
( OPENED_CLASS_NO, MEMBER_NO, USE_DATE ) VALUES
( 2, 4, TO_DATE(TO_CHAR(ADD_MONTHS(SYSDATE, -1), 'YYYY-MM-DD')) + 3);
UPDATE TBL_PT_AMOUNT
SET PT_AMOUNT = (SELECT PT_AMOUNT FROM TBL_PT_AMOUNT WHERE MEMBER_NO = 4) - 1
WHERE MEMBER_NO = 4;
INSERT INTO TBL_VOUCHER_USE
( OPENED_CLASS_NO, MEMBER_NO, USE_DATE ) VALUES
( 2, 5, TO_DATE(TO_CHAR(ADD_MONTHS(SYSDATE, -1), 'YYYY-MM-DD')) + 3);
UPDATE TBL_PT_AMOUNT
SET PT_AMOUNT = (SELECT PT_AMOUNT FROM TBL_PT_AMOUNT WHERE MEMBER_NO = 5) - 1
WHERE MEMBER_NO = 5;
INSERT INTO TBL_VOUCHER_USE
( OPENED_CLASS_NO, MEMBER_NO, USE_DATE ) VALUES
( 2, 6, TO_DATE(TO_CHAR(ADD_MONTHS(SYSDATE, -1), 'YYYY-MM-DD')) + 3);
UPDATE TBL_PT_AMOUNT
SET PT_AMOUNT = (SELECT PT_AMOUNT FROM TBL_PT_AMOUNT WHERE MEMBER_NO = 6) - 1
WHERE MEMBER_NO = 6;
INSERT INTO TBL_VOUCHER_USE
( OPENED_CLASS_NO, MEMBER_NO, USE_DATE ) VALUES
( 2, 7, TO_DATE(TO_CHAR(ADD_MONTHS(SYSDATE, -1), 'YYYY-MM-DD')) + 3);
UPDATE TBL_PT_AMOUNT
SET PT_AMOUNT = (SELECT PT_AMOUNT FROM TBL_PT_AMOUNT WHERE MEMBER_NO = 7) - 1
WHERE MEMBER_NO = 7;
INSERT INTO TBL_VOUCHER_USE
( OPENED_CLASS_NO, MEMBER_NO, USE_DATE ) VALUES
( 2, 8, TO_DATE(TO_CHAR(ADD_MONTHS(SYSDATE, -1), 'YYYY-MM-DD')) + 3);
UPDATE TBL_PT_AMOUNT
SET PT_AMOUNT = (SELECT PT_AMOUNT FROM TBL_PT_AMOUNT WHERE MEMBER_NO = 8) - 1
WHERE MEMBER_NO = 8;
INSERT INTO TBL_VOUCHER_USE
( OPENED_CLASS_NO, MEMBER_NO, USE_DATE ) VALUES
( 2, 9, TO_DATE(TO_CHAR(ADD_MONTHS(SYSDATE, -1), 'YYYY-MM-DD')) + 3);
UPDATE TBL_PT_AMOUNT
SET PT_AMOUNT = (SELECT PT_AMOUNT FROM TBL_PT_AMOUNT WHERE MEMBER_NO = 9) - 1
WHERE MEMBER_NO = 9;
INSERT INTO TBL_VOUCHER_USE
( OPENED_CLASS_NO, MEMBER_NO, USE_DATE ) VALUES
( 2, 10, TO_DATE(TO_CHAR(ADD_MONTHS(SYSDATE, -1), 'YYYY-MM-DD')) + 3);
UPDATE TBL_PT_AMOUNT
SET PT_AMOUNT = (SELECT PT_AMOUNT FROM TBL_PT_AMOUNT WHERE MEMBER_NO = 10) - 1
WHERE MEMBER_NO = 10;
INSERT INTO TBL_VOUCHER_USE
( OPENED_CLASS_NO, MEMBER_NO, USE_DATE ) VALUES
( 2, 11, TO_DATE(TO_CHAR(ADD_MONTHS(SYSDATE, -1), 'YYYY-MM-DD')) + 3);
UPDATE TBL_PT_AMOUNT
SET PT_AMOUNT = (SELECT PT_AMOUNT FROM TBL_PT_AMOUNT WHERE MEMBER_NO = 11) - 1
WHERE MEMBER_NO = 11;
INSERT INTO TBL_VOUCHER_USE
( OPENED_CLASS_NO, MEMBER_NO, USE_DATE ) VALUES
( 2, 12, TO_DATE(TO_CHAR(ADD_MONTHS(SYSDATE, -1), 'YYYY-MM-DD')) + 3);
UPDATE TBL_PT_AMOUNT
SET PT_AMOUNT = (SELECT PT_AMOUNT FROM TBL_PT_AMOUNT WHERE MEMBER_NO = 12) - 1
WHERE MEMBER_NO = 12;
INSERT INTO TBL_VOUCHER_USE
( OPENED_CLASS_NO, MEMBER_NO, USE_DATE ) VALUES
( 2, 13, TO_DATE(TO_CHAR(ADD_MONTHS(SYSDATE, -1), 'YYYY-MM-DD')) + 3);
UPDATE TBL_PT_AMOUNT
SET PT_AMOUNT = (SELECT PT_AMOUNT FROM TBL_PT_AMOUNT WHERE MEMBER_NO = 13) - 1
WHERE MEMBER_NO = 13;
INSERT INTO TBL_VOUCHER_USE
( OPENED_CLASS_NO, MEMBER_NO, USE_DATE ) VALUES
( 2, 14, TO_DATE(TO_CHAR(ADD_MONTHS(SYSDATE, -1), 'YYYY-MM-DD')) + 3);
UPDATE TBL_PT_AMOUNT
SET PT_AMOUNT = (SELECT PT_AMOUNT FROM TBL_PT_AMOUNT WHERE MEMBER_NO = 14) - 1
WHERE MEMBER_NO = 14;
INSERT INTO TBL_VOUCHER_USE
( OPENED_CLASS_NO, MEMBER_NO, USE_DATE ) VALUES
( 2, 15, TO_DATE(TO_CHAR(ADD_MONTHS(SYSDATE, -1), 'YYYY-MM-DD')) + 3);
UPDATE TBL_PT_AMOUNT
SET PT_AMOUNT = (SELECT PT_AMOUNT FROM TBL_PT_AMOUNT WHERE MEMBER_NO = 15) - 1
WHERE MEMBER_NO = 15;
-- 4일차
INSERT INTO TBL_VOUCHER_USE
( OPENED_CLASS_NO, MEMBER_NO, USE_DATE ) VALUES
( 2, 2, TO_DATE(TO_CHAR(ADD_MONTHS(SYSDATE, -1), 'YYYY-MM-DD')) + 4);
UPDATE TBL_PT_AMOUNT
SET PT_AMOUNT = (SELECT PT_AMOUNT FROM TBL_PT_AMOUNT WHERE MEMBER_NO = 2) - 1
WHERE MEMBER_NO = 2;
INSERT INTO TBL_VOUCHER_USE
( OPENED_CLASS_NO, MEMBER_NO, USE_DATE ) VALUES
( 2, 3, TO_DATE(TO_CHAR(ADD_MONTHS(SYSDATE, -1), 'YYYY-MM-DD')) + 4);
UPDATE TBL_PT_AMOUNT
SET PT_AMOUNT = (SELECT PT_AMOUNT FROM TBL_PT_AMOUNT WHERE MEMBER_NO = 3) - 1
WHERE MEMBER_NO = 3;
INSERT INTO TBL_VOUCHER_USE
( OPENED_CLASS_NO, MEMBER_NO, USE_DATE ) VALUES
( 2, 4, TO_DATE(TO_CHAR(ADD_MONTHS(SYSDATE, -1), 'YYYY-MM-DD')) + 4);
UPDATE TBL_PT_AMOUNT
SET PT_AMOUNT = (SELECT PT_AMOUNT FROM TBL_PT_AMOUNT WHERE MEMBER_NO = 4) - 1
WHERE MEMBER_NO = 4;
INSERT INTO TBL_VOUCHER_USE
( OPENED_CLASS_NO, MEMBER_NO, USE_DATE ) VALUES
( 2, 5, TO_DATE(TO_CHAR(ADD_MONTHS(SYSDATE, -1), 'YYYY-MM-DD')) + 4);
UPDATE TBL_PT_AMOUNT
SET PT_AMOUNT = (SELECT PT_AMOUNT FROM TBL_PT_AMOUNT WHERE MEMBER_NO = 5) - 1
WHERE MEMBER_NO = 5;
INSERT INTO TBL_VOUCHER_USE
( OPENED_CLASS_NO, MEMBER_NO, USE_DATE ) VALUES
( 2, 6, TO_DATE(TO_CHAR(ADD_MONTHS(SYSDATE, -1), 'YYYY-MM-DD')) + 4);
UPDATE TBL_PT_AMOUNT
SET PT_AMOUNT = (SELECT PT_AMOUNT FROM TBL_PT_AMOUNT WHERE MEMBER_NO = 6) - 1
WHERE MEMBER_NO = 6;
INSERT INTO TBL_VOUCHER_USE
( OPENED_CLASS_NO, MEMBER_NO, USE_DATE ) VALUES
( 2, 7, TO_DATE(TO_CHAR(ADD_MONTHS(SYSDATE, -1), 'YYYY-MM-DD')) + 4);
UPDATE TBL_PT_AMOUNT
SET PT_AMOUNT = (SELECT PT_AMOUNT FROM TBL_PT_AMOUNT WHERE MEMBER_NO = 7) - 1
WHERE MEMBER_NO = 7;
INSERT INTO TBL_VOUCHER_USE
( OPENED_CLASS_NO, MEMBER_NO, USE_DATE ) VALUES
( 2, 8, TO_DATE(TO_CHAR(ADD_MONTHS(SYSDATE, -1), 'YYYY-MM-DD')) + 4);
UPDATE TBL_PT_AMOUNT
SET PT_AMOUNT = (SELECT PT_AMOUNT FROM TBL_PT_AMOUNT WHERE MEMBER_NO = 8) - 1
WHERE MEMBER_NO = 8;
INSERT INTO TBL_VOUCHER_USE
( OPENED_CLASS_NO, MEMBER_NO, USE_DATE ) VALUES
( 2, 9, TO_DATE(TO_CHAR(ADD_MONTHS(SYSDATE, -1), 'YYYY-MM-DD')) + 4);
UPDATE TBL_PT_AMOUNT
SET PT_AMOUNT = (SELECT PT_AMOUNT FROM TBL_PT_AMOUNT WHERE MEMBER_NO = 9) - 1
WHERE MEMBER_NO = 9;
INSERT INTO TBL_VOUCHER_USE
( OPENED_CLASS_NO, MEMBER_NO, USE_DATE ) VALUES
( 2, 10, TO_DATE(TO_CHAR(ADD_MONTHS(SYSDATE, -1), 'YYYY-MM-DD')) + 4);
UPDATE TBL_PT_AMOUNT
SET PT_AMOUNT = (SELECT PT_AMOUNT FROM TBL_PT_AMOUNT WHERE MEMBER_NO = 10) - 1
WHERE MEMBER_NO = 10;
INSERT INTO TBL_VOUCHER_USE
( OPENED_CLASS_NO, MEMBER_NO, USE_DATE ) VALUES
( 2, 11, TO_DATE(TO_CHAR(ADD_MONTHS(SYSDATE, -1), 'YYYY-MM-DD')) + 4);
UPDATE TBL_PT_AMOUNT
SET PT_AMOUNT = (SELECT PT_AMOUNT FROM TBL_PT_AMOUNT WHERE MEMBER_NO = 11) - 1
WHERE MEMBER_NO = 11;
INSERT INTO TBL_VOUCHER_USE
( OPENED_CLASS_NO, MEMBER_NO, USE_DATE ) VALUES
( 2, 12, TO_DATE(TO_CHAR(ADD_MONTHS(SYSDATE, -1), 'YYYY-MM-DD')) + 4);
UPDATE TBL_PT_AMOUNT
SET PT_AMOUNT = (SELECT PT_AMOUNT FROM TBL_PT_AMOUNT WHERE MEMBER_NO = 12) - 1
WHERE MEMBER_NO = 12;
INSERT INTO TBL_VOUCHER_USE
( OPENED_CLASS_NO, MEMBER_NO, USE_DATE ) VALUES
( 2, 13, TO_DATE(TO_CHAR(ADD_MONTHS(SYSDATE, -1), 'YYYY-MM-DD')) + 4);
UPDATE TBL_PT_AMOUNT
SET PT_AMOUNT = (SELECT PT_AMOUNT FROM TBL_PT_AMOUNT WHERE MEMBER_NO = 13) - 1
WHERE MEMBER_NO = 13;
INSERT INTO TBL_VOUCHER_USE
( OPENED_CLASS_NO, MEMBER_NO, USE_DATE ) VALUES
( 2, 14, TO_DATE(TO_CHAR(ADD_MONTHS(SYSDATE, -1), 'YYYY-MM-DD')) + 4);
UPDATE TBL_PT_AMOUNT
SET PT_AMOUNT = (SELECT PT_AMOUNT FROM TBL_PT_AMOUNT WHERE MEMBER_NO = 14) - 1
WHERE MEMBER_NO = 14;
INSERT INTO TBL_VOUCHER_USE
( OPENED_CLASS_NO, MEMBER_NO, USE_DATE ) VALUES
( 2, 15, TO_DATE(TO_CHAR(ADD_MONTHS(SYSDATE, -1), 'YYYY-MM-DD')) + 4);
UPDATE TBL_PT_AMOUNT
SET PT_AMOUNT = (SELECT PT_AMOUNT FROM TBL_PT_AMOUNT WHERE MEMBER_NO = 15) - 1
WHERE MEMBER_NO = 15;
-- 5일차
INSERT INTO TBL_VOUCHER_USE
( OPENED_CLASS_NO, MEMBER_NO, USE_DATE ) VALUES
( 2, 2, TO_DATE(TO_CHAR(ADD_MONTHS(SYSDATE, -1), 'YYYY-MM-DD')) + 5);
UPDATE TBL_PT_AMOUNT
SET PT_AMOUNT = (SELECT PT_AMOUNT FROM TBL_PT_AMOUNT WHERE MEMBER_NO = 2) - 1
WHERE MEMBER_NO = 2;
INSERT INTO TBL_VOUCHER_USE
( OPENED_CLASS_NO, MEMBER_NO, USE_DATE ) VALUES
( 2, 3, TO_DATE(TO_CHAR(ADD_MONTHS(SYSDATE, -1), 'YYYY-MM-DD')) + 5);
UPDATE TBL_PT_AMOUNT
SET PT_AMOUNT = (SELECT PT_AMOUNT FROM TBL_PT_AMOUNT WHERE MEMBER_NO = 3) - 1
WHERE MEMBER_NO = 3;
INSERT INTO TBL_VOUCHER_USE
( OPENED_CLASS_NO, MEMBER_NO, USE_DATE ) VALUES
( 2, 4, TO_DATE(TO_CHAR(ADD_MONTHS(SYSDATE, -1), 'YYYY-MM-DD')) + 5);
UPDATE TBL_PT_AMOUNT
SET PT_AMOUNT = (SELECT PT_AMOUNT FROM TBL_PT_AMOUNT WHERE MEMBER_NO = 4) - 1
WHERE MEMBER_NO = 4;
INSERT INTO TBL_VOUCHER_USE
( OPENED_CLASS_NO, MEMBER_NO, USE_DATE ) VALUES
( 2, 5, TO_DATE(TO_CHAR(ADD_MONTHS(SYSDATE, -1), 'YYYY-MM-DD')) + 5);
UPDATE TBL_PT_AMOUNT
SET PT_AMOUNT = (SELECT PT_AMOUNT FROM TBL_PT_AMOUNT WHERE MEMBER_NO = 5) - 1
WHERE MEMBER_NO = 5;
INSERT INTO TBL_VOUCHER_USE
( OPENED_CLASS_NO, MEMBER_NO, USE_DATE ) VALUES
( 2, 6, TO_DATE(TO_CHAR(ADD_MONTHS(SYSDATE, -1), 'YYYY-MM-DD')) + 5);
UPDATE TBL_PT_AMOUNT
SET PT_AMOUNT = (SELECT PT_AMOUNT FROM TBL_PT_AMOUNT WHERE MEMBER_NO = 6) - 1
WHERE MEMBER_NO = 6;
INSERT INTO TBL_VOUCHER_USE
( OPENED_CLASS_NO, MEMBER_NO, USE_DATE ) VALUES
( 2, 7, TO_DATE(TO_CHAR(ADD_MONTHS(SYSDATE, -1), 'YYYY-MM-DD')) + 5);
UPDATE TBL_PT_AMOUNT
SET PT_AMOUNT = (SELECT PT_AMOUNT FROM TBL_PT_AMOUNT WHERE MEMBER_NO = 7) - 1
WHERE MEMBER_NO = 7;
INSERT INTO TBL_VOUCHER_USE
( OPENED_CLASS_NO, MEMBER_NO, USE_DATE ) VALUES
( 2, 8, TO_DATE(TO_CHAR(ADD_MONTHS(SYSDATE, -1), 'YYYY-MM-DD')) + 5);
UPDATE TBL_PT_AMOUNT
SET PT_AMOUNT = (SELECT PT_AMOUNT FROM TBL_PT_AMOUNT WHERE MEMBER_NO = 8) - 1
WHERE MEMBER_NO = 8;
INSERT INTO TBL_VOUCHER_USE
( OPENED_CLASS_NO, MEMBER_NO, USE_DATE ) VALUES
( 2, 9, TO_DATE(TO_CHAR(ADD_MONTHS(SYSDATE, -1), 'YYYY-MM-DD')) + 5);
UPDATE TBL_PT_AMOUNT
SET PT_AMOUNT = (SELECT PT_AMOUNT FROM TBL_PT_AMOUNT WHERE MEMBER_NO = 9) - 1
WHERE MEMBER_NO = 9;
INSERT INTO TBL_VOUCHER_USE
( OPENED_CLASS_NO, MEMBER_NO, USE_DATE ) VALUES
( 2, 10, TO_DATE(TO_CHAR(ADD_MONTHS(SYSDATE, -1), 'YYYY-MM-DD')) + 5);
UPDATE TBL_PT_AMOUNT
SET PT_AMOUNT = (SELECT PT_AMOUNT FROM TBL_PT_AMOUNT WHERE MEMBER_NO = 10) - 1
WHERE MEMBER_NO = 10;
INSERT INTO TBL_VOUCHER_USE
( OPENED_CLASS_NO, MEMBER_NO, USE_DATE ) VALUES
( 2, 11, TO_DATE(TO_CHAR(ADD_MONTHS(SYSDATE, -1), 'YYYY-MM-DD')) + 5);
UPDATE TBL_PT_AMOUNT
SET PT_AMOUNT = (SELECT PT_AMOUNT FROM TBL_PT_AMOUNT WHERE MEMBER_NO = 11) - 1
WHERE MEMBER_NO = 11;
INSERT INTO TBL_VOUCHER_USE
( OPENED_CLASS_NO, MEMBER_NO, USE_DATE ) VALUES
( 2, 12, TO_DATE(TO_CHAR(ADD_MONTHS(SYSDATE, -1), 'YYYY-MM-DD')) + 5);
UPDATE TBL_PT_AMOUNT
SET PT_AMOUNT = (SELECT PT_AMOUNT FROM TBL_PT_AMOUNT WHERE MEMBER_NO = 12) - 1
WHERE MEMBER_NO = 12;
INSERT INTO TBL_VOUCHER_USE
( OPENED_CLASS_NO, MEMBER_NO, USE_DATE ) VALUES
( 2, 13, TO_DATE(TO_CHAR(ADD_MONTHS(SYSDATE, -1), 'YYYY-MM-DD')) + 5);
UPDATE TBL_PT_AMOUNT
SET PT_AMOUNT = (SELECT PT_AMOUNT FROM TBL_PT_AMOUNT WHERE MEMBER_NO = 13) - 1
WHERE MEMBER_NO = 13;
INSERT INTO TBL_VOUCHER_USE
( OPENED_CLASS_NO, MEMBER_NO, USE_DATE ) VALUES
( 2, 14, TO_DATE(TO_CHAR(ADD_MONTHS(SYSDATE, -1), 'YYYY-MM-DD')) + 5);
UPDATE TBL_PT_AMOUNT
SET PT_AMOUNT = (SELECT PT_AMOUNT FROM TBL_PT_AMOUNT WHERE MEMBER_NO = 14) - 1
WHERE MEMBER_NO = 14;
INSERT INTO TBL_VOUCHER_USE
( OPENED_CLASS_NO, MEMBER_NO, USE_DATE ) VALUES
( 2, 15, TO_DATE(TO_CHAR(ADD_MONTHS(SYSDATE, -1), 'YYYY-MM-DD')) + 5);
UPDATE TBL_PT_AMOUNT
SET PT_AMOUNT = (SELECT PT_AMOUNT FROM TBL_PT_AMOUNT WHERE MEMBER_NO = 15) - 1
WHERE MEMBER_NO = 15;
-- 6일차
INSERT INTO TBL_VOUCHER_USE
( OPENED_CLASS_NO, MEMBER_NO, USE_DATE ) VALUES
( 2, 2, TO_DATE(TO_CHAR(ADD_MONTHS(SYSDATE, -1), 'YYYY-MM-DD')) + 6);
UPDATE TBL_PT_AMOUNT
SET PT_AMOUNT = (SELECT PT_AMOUNT FROM TBL_PT_AMOUNT WHERE MEMBER_NO = 2) - 1
WHERE MEMBER_NO = 2;
INSERT INTO TBL_VOUCHER_USE
( OPENED_CLASS_NO, MEMBER_NO, USE_DATE ) VALUES
( 2, 3, TO_DATE(TO_CHAR(ADD_MONTHS(SYSDATE, -1), 'YYYY-MM-DD')) + 6);
UPDATE TBL_PT_AMOUNT
SET PT_AMOUNT = (SELECT PT_AMOUNT FROM TBL_PT_AMOUNT WHERE MEMBER_NO = 3) - 1
WHERE MEMBER_NO = 3;
INSERT INTO TBL_VOUCHER_USE
( OPENED_CLASS_NO, MEMBER_NO, USE_DATE ) VALUES
( 2, 4, TO_DATE(TO_CHAR(ADD_MONTHS(SYSDATE, -1), 'YYYY-MM-DD')) + 6);
UPDATE TBL_PT_AMOUNT
SET PT_AMOUNT = (SELECT PT_AMOUNT FROM TBL_PT_AMOUNT WHERE MEMBER_NO = 4) - 1
WHERE MEMBER_NO = 4;
INSERT INTO TBL_VOUCHER_USE
( OPENED_CLASS_NO, MEMBER_NO, USE_DATE ) VALUES
( 2, 5, TO_DATE(TO_CHAR(ADD_MONTHS(SYSDATE, -1), 'YYYY-MM-DD')) + 6);
UPDATE TBL_PT_AMOUNT
SET PT_AMOUNT = (SELECT PT_AMOUNT FROM TBL_PT_AMOUNT WHERE MEMBER_NO = 5) - 1
WHERE MEMBER_NO = 5;
INSERT INTO TBL_VOUCHER_USE
( OPENED_CLASS_NO, MEMBER_NO, USE_DATE ) VALUES
( 2, 6, TO_DATE(TO_CHAR(ADD_MONTHS(SYSDATE, -1), 'YYYY-MM-DD')) + 6);
UPDATE TBL_PT_AMOUNT
SET PT_AMOUNT = (SELECT PT_AMOUNT FROM TBL_PT_AMOUNT WHERE MEMBER_NO = 6) - 1
WHERE MEMBER_NO = 6;
INSERT INTO TBL_VOUCHER_USE
( OPENED_CLASS_NO, MEMBER_NO, USE_DATE ) VALUES
( 2, 7, TO_DATE(TO_CHAR(ADD_MONTHS(SYSDATE, -1), 'YYYY-MM-DD')) + 6);
UPDATE TBL_PT_AMOUNT
SET PT_AMOUNT = (SELECT PT_AMOUNT FROM TBL_PT_AMOUNT WHERE MEMBER_NO = 7) - 1
WHERE MEMBER_NO = 7;
INSERT INTO TBL_VOUCHER_USE
( OPENED_CLASS_NO, MEMBER_NO, USE_DATE ) VALUES
( 2, 8, TO_DATE(TO_CHAR(ADD_MONTHS(SYSDATE, -1), 'YYYY-MM-DD')) + 6);
UPDATE TBL_PT_AMOUNT
SET PT_AMOUNT = (SELECT PT_AMOUNT FROM TBL_PT_AMOUNT WHERE MEMBER_NO = 8) - 1
WHERE MEMBER_NO = 8;
INSERT INTO TBL_VOUCHER_USE
( OPENED_CLASS_NO, MEMBER_NO, USE_DATE ) VALUES
( 2, 9, TO_DATE(TO_CHAR(ADD_MONTHS(SYSDATE, -1), 'YYYY-MM-DD')) + 6);
UPDATE TBL_PT_AMOUNT
SET PT_AMOUNT = (SELECT PT_AMOUNT FROM TBL_PT_AMOUNT WHERE MEMBER_NO = 9) - 1
WHERE MEMBER_NO = 9;
INSERT INTO TBL_VOUCHER_USE
( OPENED_CLASS_NO, MEMBER_NO, USE_DATE ) VALUES
( 2, 10, TO_DATE(TO_CHAR(ADD_MONTHS(SYSDATE, -1), 'YYYY-MM-DD')) + 6);
UPDATE TBL_PT_AMOUNT
SET PT_AMOUNT = (SELECT PT_AMOUNT FROM TBL_PT_AMOUNT WHERE MEMBER_NO = 10) - 1
WHERE MEMBER_NO = 10;
INSERT INTO TBL_VOUCHER_USE
( OPENED_CLASS_NO, MEMBER_NO, USE_DATE ) VALUES
( 2, 11, TO_DATE(TO_CHAR(ADD_MONTHS(SYSDATE, -1), 'YYYY-MM-DD')) + 6);
UPDATE TBL_PT_AMOUNT
SET PT_AMOUNT = (SELECT PT_AMOUNT FROM TBL_PT_AMOUNT WHERE MEMBER_NO = 11) - 1
WHERE MEMBER_NO = 11;
INSERT INTO TBL_VOUCHER_USE
( OPENED_CLASS_NO, MEMBER_NO, USE_DATE ) VALUES
( 2, 12, TO_DATE(TO_CHAR(ADD_MONTHS(SYSDATE, -1), 'YYYY-MM-DD')) + 6);
UPDATE TBL_PT_AMOUNT
SET PT_AMOUNT = (SELECT PT_AMOUNT FROM TBL_PT_AMOUNT WHERE MEMBER_NO = 12) - 1
WHERE MEMBER_NO = 12;
INSERT INTO TBL_VOUCHER_USE
( OPENED_CLASS_NO, MEMBER_NO, USE_DATE ) VALUES
( 2, 13, TO_DATE(TO_CHAR(ADD_MONTHS(SYSDATE, -1), 'YYYY-MM-DD')) + 6);
UPDATE TBL_PT_AMOUNT
SET PT_AMOUNT = (SELECT PT_AMOUNT FROM TBL_PT_AMOUNT WHERE MEMBER_NO = 13) - 1
WHERE MEMBER_NO = 13;
INSERT INTO TBL_VOUCHER_USE
( OPENED_CLASS_NO, MEMBER_NO, USE_DATE ) VALUES
( 2, 14, TO_DATE(TO_CHAR(ADD_MONTHS(SYSDATE, -1), 'YYYY-MM-DD')) + 6);
UPDATE TBL_PT_AMOUNT
SET PT_AMOUNT = (SELECT PT_AMOUNT FROM TBL_PT_AMOUNT WHERE MEMBER_NO = 14) - 1
WHERE MEMBER_NO = 14;
INSERT INTO TBL_VOUCHER_USE
( OPENED_CLASS_NO, MEMBER_NO, USE_DATE ) VALUES
( 2, 15, TO_DATE(TO_CHAR(ADD_MONTHS(SYSDATE, -1), 'YYYY-MM-DD')) + 6);
UPDATE TBL_PT_AMOUNT
SET PT_AMOUNT = (SELECT PT_AMOUNT FROM TBL_PT_AMOUNT WHERE MEMBER_NO = 15) - 1
WHERE MEMBER_NO = 15;
-- 7일차
INSERT INTO TBL_VOUCHER_USE
( OPENED_CLASS_NO, MEMBER_NO, USE_DATE ) VALUES
( 2, 2, TO_DATE(TO_CHAR(ADD_MONTHS(SYSDATE, -1), 'YYYY-MM-DD')) + 7);
UPDATE TBL_PT_AMOUNT
SET PT_AMOUNT = (SELECT PT_AMOUNT FROM TBL_PT_AMOUNT WHERE MEMBER_NO = 2) - 1
WHERE MEMBER_NO = 2;
INSERT INTO TBL_VOUCHER_USE
( OPENED_CLASS_NO, MEMBER_NO, USE_DATE ) VALUES
( 2, 3, TO_DATE(TO_CHAR(ADD_MONTHS(SYSDATE, -1), 'YYYY-MM-DD')) + 7);
UPDATE TBL_PT_AMOUNT
SET PT_AMOUNT = (SELECT PT_AMOUNT FROM TBL_PT_AMOUNT WHERE MEMBER_NO = 3) - 1
WHERE MEMBER_NO = 3;
INSERT INTO TBL_VOUCHER_USE
( OPENED_CLASS_NO, MEMBER_NO, USE_DATE ) VALUES
( 2, 4, TO_DATE(TO_CHAR(ADD_MONTHS(SYSDATE, -1), 'YYYY-MM-DD')) + 7);
UPDATE TBL_PT_AMOUNT
SET PT_AMOUNT = (SELECT PT_AMOUNT FROM TBL_PT_AMOUNT WHERE MEMBER_NO = 4) - 1
WHERE MEMBER_NO = 4;
INSERT INTO TBL_VOUCHER_USE
( OPENED_CLASS_NO, MEMBER_NO, USE_DATE ) VALUES
( 2, 5, TO_DATE(TO_CHAR(ADD_MONTHS(SYSDATE, -1), 'YYYY-MM-DD')) + 7);
UPDATE TBL_PT_AMOUNT
SET PT_AMOUNT = (SELECT PT_AMOUNT FROM TBL_PT_AMOUNT WHERE MEMBER_NO = 5) - 1
WHERE MEMBER_NO = 5;
INSERT INTO TBL_VOUCHER_USE
( OPENED_CLASS_NO, MEMBER_NO, USE_DATE ) VALUES
( 2, 6, TO_DATE(TO_CHAR(ADD_MONTHS(SYSDATE, -1), 'YYYY-MM-DD')) + 7);
UPDATE TBL_PT_AMOUNT
SET PT_AMOUNT = (SELECT PT_AMOUNT FROM TBL_PT_AMOUNT WHERE MEMBER_NO = 6) - 1
WHERE MEMBER_NO = 6;
INSERT INTO TBL_VOUCHER_USE
( OPENED_CLASS_NO, MEMBER_NO, USE_DATE ) VALUES
( 2, 7, TO_DATE(TO_CHAR(ADD_MONTHS(SYSDATE, -1), 'YYYY-MM-DD')) + 7);
UPDATE TBL_PT_AMOUNT
SET PT_AMOUNT = (SELECT PT_AMOUNT FROM TBL_PT_AMOUNT WHERE MEMBER_NO = 7) - 1
WHERE MEMBER_NO = 7;
INSERT INTO TBL_VOUCHER_USE
( OPENED_CLASS_NO, MEMBER_NO, USE_DATE ) VALUES
( 2, 8, TO_DATE(TO_CHAR(ADD_MONTHS(SYSDATE, -1), 'YYYY-MM-DD')) + 7);
UPDATE TBL_PT_AMOUNT
SET PT_AMOUNT = (SELECT PT_AMOUNT FROM TBL_PT_AMOUNT WHERE MEMBER_NO = 8) - 1
WHERE MEMBER_NO = 8;
INSERT INTO TBL_VOUCHER_USE
( OPENED_CLASS_NO, MEMBER_NO, USE_DATE ) VALUES
( 2, 9, TO_DATE(TO_CHAR(ADD_MONTHS(SYSDATE, -1), 'YYYY-MM-DD')) + 7);
UPDATE TBL_PT_AMOUNT
SET PT_AMOUNT = (SELECT PT_AMOUNT FROM TBL_PT_AMOUNT WHERE MEMBER_NO = 9) - 1
WHERE MEMBER_NO = 9;
INSERT INTO TBL_VOUCHER_USE
( OPENED_CLASS_NO, MEMBER_NO, USE_DATE ) VALUES
( 2, 10, TO_DATE(TO_CHAR(ADD_MONTHS(SYSDATE, -1), 'YYYY-MM-DD')) + 7);
UPDATE TBL_PT_AMOUNT
SET PT_AMOUNT = (SELECT PT_AMOUNT FROM TBL_PT_AMOUNT WHERE MEMBER_NO = 10) - 1
WHERE MEMBER_NO = 10;
INSERT INTO TBL_VOUCHER_USE
( OPENED_CLASS_NO, MEMBER_NO, USE_DATE ) VALUES
( 2, 11, TO_DATE(TO_CHAR(ADD_MONTHS(SYSDATE, -1), 'YYYY-MM-DD')) + 7);
UPDATE TBL_PT_AMOUNT
SET PT_AMOUNT = (SELECT PT_AMOUNT FROM TBL_PT_AMOUNT WHERE MEMBER_NO = 11) - 1
WHERE MEMBER_NO = 11;
INSERT INTO TBL_VOUCHER_USE
( OPENED_CLASS_NO, MEMBER_NO, USE_DATE ) VALUES
( 2, 12, TO_DATE(TO_CHAR(ADD_MONTHS(SYSDATE, -1), 'YYYY-MM-DD')) + 7);
UPDATE TBL_PT_AMOUNT
SET PT_AMOUNT = (SELECT PT_AMOUNT FROM TBL_PT_AMOUNT WHERE MEMBER_NO = 12) - 1
WHERE MEMBER_NO = 12;
INSERT INTO TBL_VOUCHER_USE
( OPENED_CLASS_NO, MEMBER_NO, USE_DATE ) VALUES
( 2, 13, TO_DATE(TO_CHAR(ADD_MONTHS(SYSDATE, -1), 'YYYY-MM-DD')) + 7);
UPDATE TBL_PT_AMOUNT
SET PT_AMOUNT = (SELECT PT_AMOUNT FROM TBL_PT_AMOUNT WHERE MEMBER_NO = 13) - 1
WHERE MEMBER_NO = 13;
INSERT INTO TBL_VOUCHER_USE
( OPENED_CLASS_NO, MEMBER_NO, USE_DATE ) VALUES
( 2, 14, TO_DATE(TO_CHAR(ADD_MONTHS(SYSDATE, -1), 'YYYY-MM-DD')) + 7);
UPDATE TBL_PT_AMOUNT
SET PT_AMOUNT = (SELECT PT_AMOUNT FROM TBL_PT_AMOUNT WHERE MEMBER_NO = 14) - 1
WHERE MEMBER_NO = 14;
INSERT INTO TBL_VOUCHER_USE
( OPENED_CLASS_NO, MEMBER_NO, USE_DATE ) VALUES
( 2, 15, TO_DATE(TO_CHAR(ADD_MONTHS(SYSDATE, -1), 'YYYY-MM-DD')) + 7);
UPDATE TBL_PT_AMOUNT
SET PT_AMOUNT = (SELECT PT_AMOUNT FROM TBL_PT_AMOUNT WHERE MEMBER_NO = 15) - 1
WHERE MEMBER_NO = 15;
-- 8일차
INSERT INTO TBL_VOUCHER_USE
( OPENED_CLASS_NO, MEMBER_NO, USE_DATE ) VALUES
( 2, 2, TO_DATE(TO_CHAR(ADD_MONTHS(SYSDATE, -1), 'YYYY-MM-DD')) + 8);
UPDATE TBL_PT_AMOUNT
SET PT_AMOUNT = (SELECT PT_AMOUNT FROM TBL_PT_AMOUNT WHERE MEMBER_NO = 2) - 1
WHERE MEMBER_NO = 2;
INSERT INTO TBL_VOUCHER_USE
( OPENED_CLASS_NO, MEMBER_NO, USE_DATE ) VALUES
( 2, 3, TO_DATE(TO_CHAR(ADD_MONTHS(SYSDATE, -1), 'YYYY-MM-DD')) + 8);
UPDATE TBL_PT_AMOUNT
SET PT_AMOUNT = (SELECT PT_AMOUNT FROM TBL_PT_AMOUNT WHERE MEMBER_NO = 3) - 1
WHERE MEMBER_NO = 3;
INSERT INTO TBL_VOUCHER_USE
( OPENED_CLASS_NO, MEMBER_NO, USE_DATE ) VALUES
( 2, 4, TO_DATE(TO_CHAR(ADD_MONTHS(SYSDATE, -1), 'YYYY-MM-DD')) + 8);
UPDATE TBL_PT_AMOUNT
SET PT_AMOUNT = (SELECT PT_AMOUNT FROM TBL_PT_AMOUNT WHERE MEMBER_NO = 4) - 1
WHERE MEMBER_NO = 4;
INSERT INTO TBL_VOUCHER_USE
( OPENED_CLASS_NO, MEMBER_NO, USE_DATE ) VALUES
( 2, 5, TO_DATE(TO_CHAR(ADD_MONTHS(SYSDATE, -1), 'YYYY-MM-DD')) + 8);
UPDATE TBL_PT_AMOUNT
SET PT_AMOUNT = (SELECT PT_AMOUNT FROM TBL_PT_AMOUNT WHERE MEMBER_NO = 5) - 1
WHERE MEMBER_NO = 5;
INSERT INTO TBL_VOUCHER_USE
( OPENED_CLASS_NO, MEMBER_NO, USE_DATE ) VALUES
( 2, 6, TO_DATE(TO_CHAR(ADD_MONTHS(SYSDATE, -1), 'YYYY-MM-DD')) + 8);
UPDATE TBL_PT_AMOUNT
SET PT_AMOUNT = (SELECT PT_AMOUNT FROM TBL_PT_AMOUNT WHERE MEMBER_NO = 6) - 1
WHERE MEMBER_NO = 6;
INSERT INTO TBL_VOUCHER_USE
( OPENED_CLASS_NO, MEMBER_NO, USE_DATE ) VALUES
( 2, 7, TO_DATE(TO_CHAR(ADD_MONTHS(SYSDATE, -1), 'YYYY-MM-DD')) + 8);
UPDATE TBL_PT_AMOUNT
SET PT_AMOUNT = (SELECT PT_AMOUNT FROM TBL_PT_AMOUNT WHERE MEMBER_NO = 7) - 1
WHERE MEMBER_NO = 7;
INSERT INTO TBL_VOUCHER_USE
( OPENED_CLASS_NO, MEMBER_NO, USE_DATE ) VALUES
( 2, 8, TO_DATE(TO_CHAR(ADD_MONTHS(SYSDATE, -1), 'YYYY-MM-DD')) + 8);
UPDATE TBL_PT_AMOUNT
SET PT_AMOUNT = (SELECT PT_AMOUNT FROM TBL_PT_AMOUNT WHERE MEMBER_NO = 8) - 1
WHERE MEMBER_NO = 8;
INSERT INTO TBL_VOUCHER_USE
( OPENED_CLASS_NO, MEMBER_NO, USE_DATE ) VALUES
( 2, 9, TO_DATE(TO_CHAR(ADD_MONTHS(SYSDATE, -1), 'YYYY-MM-DD')) + 8);
UPDATE TBL_PT_AMOUNT
SET PT_AMOUNT = (SELECT PT_AMOUNT FROM TBL_PT_AMOUNT WHERE MEMBER_NO = 9) - 1
WHERE MEMBER_NO = 9;
INSERT INTO TBL_VOUCHER_USE
( OPENED_CLASS_NO, MEMBER_NO, USE_DATE ) VALUES
( 2, 10, TO_DATE(TO_CHAR(ADD_MONTHS(SYSDATE, -1), 'YYYY-MM-DD')) + 8);
UPDATE TBL_PT_AMOUNT
SET PT_AMOUNT = (SELECT PT_AMOUNT FROM TBL_PT_AMOUNT WHERE MEMBER_NO = 10) - 1
WHERE MEMBER_NO = 10;
INSERT INTO TBL_VOUCHER_USE
( OPENED_CLASS_NO, MEMBER_NO, USE_DATE ) VALUES
( 2, 11, TO_DATE(TO_CHAR(ADD_MONTHS(SYSDATE, -1), 'YYYY-MM-DD')) + 8);
UPDATE TBL_PT_AMOUNT
SET PT_AMOUNT = (SELECT PT_AMOUNT FROM TBL_PT_AMOUNT WHERE MEMBER_NO = 11) - 1
WHERE MEMBER_NO = 11;
INSERT INTO TBL_VOUCHER_USE
( OPENED_CLASS_NO, MEMBER_NO, USE_DATE ) VALUES
( 2, 12, TO_DATE(TO_CHAR(ADD_MONTHS(SYSDATE, -1), 'YYYY-MM-DD')) + 8);
UPDATE TBL_PT_AMOUNT
SET PT_AMOUNT = (SELECT PT_AMOUNT FROM TBL_PT_AMOUNT WHERE MEMBER_NO = 12) - 1
WHERE MEMBER_NO = 12;
INSERT INTO TBL_VOUCHER_USE
( OPENED_CLASS_NO, MEMBER_NO, USE_DATE ) VALUES
( 2, 13, TO_DATE(TO_CHAR(ADD_MONTHS(SYSDATE, -1), 'YYYY-MM-DD')) + 8);
UPDATE TBL_PT_AMOUNT
SET PT_AMOUNT = (SELECT PT_AMOUNT FROM TBL_PT_AMOUNT WHERE MEMBER_NO = 13) - 1
WHERE MEMBER_NO = 13;
INSERT INTO TBL_VOUCHER_USE
( OPENED_CLASS_NO, MEMBER_NO, USE_DATE ) VALUES
( 2, 14, TO_DATE(TO_CHAR(ADD_MONTHS(SYSDATE, -1), 'YYYY-MM-DD')) + 8);
UPDATE TBL_PT_AMOUNT
SET PT_AMOUNT = (SELECT PT_AMOUNT FROM TBL_PT_AMOUNT WHERE MEMBER_NO = 14) - 1
WHERE MEMBER_NO = 14;
INSERT INTO TBL_VOUCHER_USE
( OPENED_CLASS_NO, MEMBER_NO, USE_DATE ) VALUES
( 2, 15, TO_DATE(TO_CHAR(ADD_MONTHS(SYSDATE, -1), 'YYYY-MM-DD')) + 8);
UPDATE TBL_PT_AMOUNT
SET PT_AMOUNT = (SELECT PT_AMOUNT FROM TBL_PT_AMOUNT WHERE MEMBER_NO = 15) - 1
WHERE MEMBER_NO = 15;
-- 9일차
INSERT INTO TBL_VOUCHER_USE
( OPENED_CLASS_NO, MEMBER_NO, USE_DATE ) VALUES
( 2, 2, TO_DATE(TO_CHAR(ADD_MONTHS(SYSDATE, -1), 'YYYY-MM-DD')) + 9);
UPDATE TBL_PT_AMOUNT
SET PT_AMOUNT = (SELECT PT_AMOUNT FROM TBL_PT_AMOUNT WHERE MEMBER_NO = 2) - 1
WHERE MEMBER_NO = 2;
INSERT INTO TBL_VOUCHER_USE
( OPENED_CLASS_NO, MEMBER_NO, USE_DATE ) VALUES
( 2, 3, TO_DATE(TO_CHAR(ADD_MONTHS(SYSDATE, -1), 'YYYY-MM-DD')) + 9);
UPDATE TBL_PT_AMOUNT
SET PT_AMOUNT = (SELECT PT_AMOUNT FROM TBL_PT_AMOUNT WHERE MEMBER_NO = 3) - 1
WHERE MEMBER_NO = 3;
INSERT INTO TBL_VOUCHER_USE
( OPENED_CLASS_NO, MEMBER_NO, USE_DATE ) VALUES
( 2, 4, TO_DATE(TO_CHAR(ADD_MONTHS(SYSDATE, -1), 'YYYY-MM-DD')) + 9);
UPDATE TBL_PT_AMOUNT
SET PT_AMOUNT = (SELECT PT_AMOUNT FROM TBL_PT_AMOUNT WHERE MEMBER_NO = 4) - 1
WHERE MEMBER_NO = 4;
INSERT INTO TBL_VOUCHER_USE
( OPENED_CLASS_NO, MEMBER_NO, USE_DATE ) VALUES
( 2, 5, TO_DATE(TO_CHAR(ADD_MONTHS(SYSDATE, -1), 'YYYY-MM-DD')) + 9);
UPDATE TBL_PT_AMOUNT
SET PT_AMOUNT = (SELECT PT_AMOUNT FROM TBL_PT_AMOUNT WHERE MEMBER_NO = 5) - 1
WHERE MEMBER_NO = 5;
INSERT INTO TBL_VOUCHER_USE
( OPENED_CLASS_NO, MEMBER_NO, USE_DATE ) VALUES
( 2, 6, TO_DATE(TO_CHAR(ADD_MONTHS(SYSDATE, -1), 'YYYY-MM-DD')) + 9);
UPDATE TBL_PT_AMOUNT
SET PT_AMOUNT = (SELECT PT_AMOUNT FROM TBL_PT_AMOUNT WHERE MEMBER_NO = 6) - 1
WHERE MEMBER_NO = 6;
INSERT INTO TBL_VOUCHER_USE
( OPENED_CLASS_NO, MEMBER_NO, USE_DATE ) VALUES
( 2, 7, TO_DATE(TO_CHAR(ADD_MONTHS(SYSDATE, -1), 'YYYY-MM-DD')) + 9);
UPDATE TBL_PT_AMOUNT
SET PT_AMOUNT = (SELECT PT_AMOUNT FROM TBL_PT_AMOUNT WHERE MEMBER_NO = 7) - 1
WHERE MEMBER_NO = 7;
INSERT INTO TBL_VOUCHER_USE
( OPENED_CLASS_NO, MEMBER_NO, USE_DATE ) VALUES
( 2, 8, TO_DATE(TO_CHAR(ADD_MONTHS(SYSDATE, -1), 'YYYY-MM-DD')) + 9);
UPDATE TBL_PT_AMOUNT
SET PT_AMOUNT = (SELECT PT_AMOUNT FROM TBL_PT_AMOUNT WHERE MEMBER_NO = 8) - 1
WHERE MEMBER_NO = 8;
INSERT INTO TBL_VOUCHER_USE
( OPENED_CLASS_NO, MEMBER_NO, USE_DATE ) VALUES
( 2, 9, TO_DATE(TO_CHAR(ADD_MONTHS(SYSDATE, -1), 'YYYY-MM-DD')) + 9);
UPDATE TBL_PT_AMOUNT
SET PT_AMOUNT = (SELECT PT_AMOUNT FROM TBL_PT_AMOUNT WHERE MEMBER_NO = 9) - 1
WHERE MEMBER_NO = 9;
INSERT INTO TBL_VOUCHER_USE
( OPENED_CLASS_NO, MEMBER_NO, USE_DATE ) VALUES
( 2, 10, TO_DATE(TO_CHAR(ADD_MONTHS(SYSDATE, -1), 'YYYY-MM-DD')) + 9);
UPDATE TBL_PT_AMOUNT
SET PT_AMOUNT = (SELECT PT_AMOUNT FROM TBL_PT_AMOUNT WHERE MEMBER_NO = 10) - 1
WHERE MEMBER_NO = 10;
INSERT INTO TBL_VOUCHER_USE
( OPENED_CLASS_NO, MEMBER_NO, USE_DATE ) VALUES
( 2, 11, TO_DATE(TO_CHAR(ADD_MONTHS(SYSDATE, -1), 'YYYY-MM-DD')) + 9);
UPDATE TBL_PT_AMOUNT
SET PT_AMOUNT = (SELECT PT_AMOUNT FROM TBL_PT_AMOUNT WHERE MEMBER_NO = 11) - 1
WHERE MEMBER_NO = 11;
INSERT INTO TBL_VOUCHER_USE
( OPENED_CLASS_NO, MEMBER_NO, USE_DATE ) VALUES
( 2, 12, TO_DATE(TO_CHAR(ADD_MONTHS(SYSDATE, -1), 'YYYY-MM-DD')) + 9);
UPDATE TBL_PT_AMOUNT
SET PT_AMOUNT = (SELECT PT_AMOUNT FROM TBL_PT_AMOUNT WHERE MEMBER_NO = 12) - 1
WHERE MEMBER_NO = 12;
INSERT INTO TBL_VOUCHER_USE
( OPENED_CLASS_NO, MEMBER_NO, USE_DATE ) VALUES
( 2, 13, TO_DATE(TO_CHAR(ADD_MONTHS(SYSDATE, -1), 'YYYY-MM-DD')) + 9);
UPDATE TBL_PT_AMOUNT
SET PT_AMOUNT = (SELECT PT_AMOUNT FROM TBL_PT_AMOUNT WHERE MEMBER_NO = 13) - 1
WHERE MEMBER_NO = 13;
INSERT INTO TBL_VOUCHER_USE
( OPENED_CLASS_NO, MEMBER_NO, USE_DATE ) VALUES
( 2, 14, TO_DATE(TO_CHAR(ADD_MONTHS(SYSDATE, -1), 'YYYY-MM-DD')) + 9);
UPDATE TBL_PT_AMOUNT
SET PT_AMOUNT = (SELECT PT_AMOUNT FROM TBL_PT_AMOUNT WHERE MEMBER_NO = 14) - 1
WHERE MEMBER_NO = 14;
INSERT INTO TBL_VOUCHER_USE
( OPENED_CLASS_NO, MEMBER_NO, USE_DATE ) VALUES
( 2, 15, TO_DATE(TO_CHAR(ADD_MONTHS(SYSDATE, -1), 'YYYY-MM-DD')) + 9);
UPDATE TBL_PT_AMOUNT
SET PT_AMOUNT = (SELECT PT_AMOUNT FROM TBL_PT_AMOUNT WHERE MEMBER_NO = 15) - 1
WHERE MEMBER_NO = 15;
-- 10일차
INSERT INTO TBL_VOUCHER_USE
( OPENED_CLASS_NO, MEMBER_NO, USE_DATE ) VALUES
( 2, 2, TO_DATE(TO_CHAR(ADD_MONTHS(SYSDATE, -1), 'YYYY-MM-DD')) + 10);
UPDATE TBL_PT_AMOUNT
SET PT_AMOUNT = (SELECT PT_AMOUNT FROM TBL_PT_AMOUNT WHERE MEMBER_NO = 2) - 1
WHERE MEMBER_NO = 2;
INSERT INTO TBL_VOUCHER_USE
( OPENED_CLASS_NO, MEMBER_NO, USE_DATE ) VALUES
( 2, 3, TO_DATE(TO_CHAR(ADD_MONTHS(SYSDATE, -1), 'YYYY-MM-DD')) + 10);
UPDATE TBL_PT_AMOUNT
SET PT_AMOUNT = (SELECT PT_AMOUNT FROM TBL_PT_AMOUNT WHERE MEMBER_NO = 3) - 1
WHERE MEMBER_NO = 3;
INSERT INTO TBL_VOUCHER_USE
( OPENED_CLASS_NO, MEMBER_NO, USE_DATE ) VALUES
( 2, 4, TO_DATE(TO_CHAR(ADD_MONTHS(SYSDATE, -1), 'YYYY-MM-DD')) + 10);
UPDATE TBL_PT_AMOUNT
SET PT_AMOUNT = (SELECT PT_AMOUNT FROM TBL_PT_AMOUNT WHERE MEMBER_NO = 4) - 1
WHERE MEMBER_NO = 4;
INSERT INTO TBL_VOUCHER_USE
( OPENED_CLASS_NO, MEMBER_NO, USE_DATE ) VALUES
( 2, 5, TO_DATE(TO_CHAR(ADD_MONTHS(SYSDATE, -1), 'YYYY-MM-DD')) + 10);
UPDATE TBL_PT_AMOUNT
SET PT_AMOUNT = (SELECT PT_AMOUNT FROM TBL_PT_AMOUNT WHERE MEMBER_NO = 5) - 1
WHERE MEMBER_NO = 5;
INSERT INTO TBL_VOUCHER_USE
( OPENED_CLASS_NO, MEMBER_NO, USE_DATE ) VALUES
( 2, 6, TO_DATE(TO_CHAR(ADD_MONTHS(SYSDATE, -1), 'YYYY-MM-DD')) + 10);
UPDATE TBL_PT_AMOUNT
SET PT_AMOUNT = (SELECT PT_AMOUNT FROM TBL_PT_AMOUNT WHERE MEMBER_NO = 6) - 1
WHERE MEMBER_NO = 6;
INSERT INTO TBL_VOUCHER_USE
( OPENED_CLASS_NO, MEMBER_NO, USE_DATE ) VALUES
( 2, 7, TO_DATE(TO_CHAR(ADD_MONTHS(SYSDATE, -1), 'YYYY-MM-DD')) + 10);
UPDATE TBL_PT_AMOUNT
SET PT_AMOUNT = (SELECT PT_AMOUNT FROM TBL_PT_AMOUNT WHERE MEMBER_NO = 7) - 1
WHERE MEMBER_NO = 7;
INSERT INTO TBL_VOUCHER_USE
( OPENED_CLASS_NO, MEMBER_NO, USE_DATE ) VALUES
( 2, 8, TO_DATE(TO_CHAR(ADD_MONTHS(SYSDATE, -1), 'YYYY-MM-DD')) + 10);
UPDATE TBL_PT_AMOUNT
SET PT_AMOUNT = (SELECT PT_AMOUNT FROM TBL_PT_AMOUNT WHERE MEMBER_NO = 8) - 1
WHERE MEMBER_NO = 8;
INSERT INTO TBL_VOUCHER_USE
( OPENED_CLASS_NO, MEMBER_NO, USE_DATE ) VALUES
( 2, 9, TO_DATE(TO_CHAR(ADD_MONTHS(SYSDATE, -1), 'YYYY-MM-DD')) + 10);
UPDATE TBL_PT_AMOUNT
SET PT_AMOUNT = (SELECT PT_AMOUNT FROM TBL_PT_AMOUNT WHERE MEMBER_NO = 9) - 1
WHERE MEMBER_NO = 9;
INSERT INTO TBL_VOUCHER_USE
( OPENED_CLASS_NO, MEMBER_NO, USE_DATE ) VALUES
( 2, 10, TO_DATE(TO_CHAR(ADD_MONTHS(SYSDATE, -1), 'YYYY-MM-DD')) + 10);
UPDATE TBL_PT_AMOUNT
SET PT_AMOUNT = (SELECT PT_AMOUNT FROM TBL_PT_AMOUNT WHERE MEMBER_NO = 10) - 1
WHERE MEMBER_NO = 10;
INSERT INTO TBL_VOUCHER_USE
( OPENED_CLASS_NO, MEMBER_NO, USE_DATE ) VALUES
( 2, 11, TO_DATE(TO_CHAR(ADD_MONTHS(SYSDATE, -1), 'YYYY-MM-DD')) + 10);
UPDATE TBL_PT_AMOUNT
SET PT_AMOUNT = (SELECT PT_AMOUNT FROM TBL_PT_AMOUNT WHERE MEMBER_NO = 11) - 1
WHERE MEMBER_NO = 11;
INSERT INTO TBL_VOUCHER_USE
( OPENED_CLASS_NO, MEMBER_NO, USE_DATE ) VALUES
( 2, 12, TO_DATE(TO_CHAR(ADD_MONTHS(SYSDATE, -1), 'YYYY-MM-DD')) + 10);
UPDATE TBL_PT_AMOUNT
SET PT_AMOUNT = (SELECT PT_AMOUNT FROM TBL_PT_AMOUNT WHERE MEMBER_NO = 12) - 1
WHERE MEMBER_NO = 12;
INSERT INTO TBL_VOUCHER_USE
( OPENED_CLASS_NO, MEMBER_NO, USE_DATE ) VALUES
( 2, 13, TO_DATE(TO_CHAR(ADD_MONTHS(SYSDATE, -1), 'YYYY-MM-DD')) + 10);
UPDATE TBL_PT_AMOUNT
SET PT_AMOUNT = (SELECT PT_AMOUNT FROM TBL_PT_AMOUNT WHERE MEMBER_NO = 13) - 1
WHERE MEMBER_NO = 13;
INSERT INTO TBL_VOUCHER_USE
( OPENED_CLASS_NO, MEMBER_NO, USE_DATE ) VALUES
( 2, 14, TO_DATE(TO_CHAR(ADD_MONTHS(SYSDATE, -1), 'YYYY-MM-DD')) + 10);
UPDATE TBL_PT_AMOUNT
SET PT_AMOUNT = (SELECT PT_AMOUNT FROM TBL_PT_AMOUNT WHERE MEMBER_NO = 14) - 1
WHERE MEMBER_NO = 14;
INSERT INTO TBL_VOUCHER_USE
( OPENED_CLASS_NO, MEMBER_NO, USE_DATE ) VALUES
( 2, 15, TO_DATE(TO_CHAR(ADD_MONTHS(SYSDATE, -1), 'YYYY-MM-DD')) + 10);
UPDATE TBL_PT_AMOUNT
SET PT_AMOUNT = (SELECT PT_AMOUNT FROM TBL_PT_AMOUNT WHERE MEMBER_NO = 15) - 1
WHERE MEMBER_NO = 15;
COMMIT;

-- 정산내역
-----------------------------------------------------------------------------------------------------
/*
-- 한달간 실시간그룹수업수(개설수업과 조인해서 각 개설한 트레이너 마다 수를 구할 수 있게) -- 15번
SELECT
       COUNT(*)
  FROM TBL_REALTIME_GROUP_CLASS A
  JOIN TBL_OPENED_CLASS B ON (A.OPENED_CLASS_NO = B.CLASS_NO)
 WHERE A.CLASS_DATE >= TO_DATE(TO_CHAR(ADD_MONTHS(SYSDATE, -1), 'YYYY-MM-DD'))
   AND A.CLASS_DATE < SYSDATE
   AND B.TRAINER_NO = 19;

-- 수업한 날짜와 날짜별 총금액 구하기(한달, 트레이너번호 조건) -- 150원씩 15일
SELECT
       A.CLASS_DATE
     , B.TOTAL_PRICE_PER_EDITION
  FROM TBL_REALTIME_GROUP_CLASS A
  JOIN TBL_REALTIME_CLASS_RECEIPT B ON (A.RGC_MANAGE_NO = B.RGC_MANAGE_NO)
  JOIN TBL_OPENED_CLASS B ON (A.OPENED_CLASS_NO = B.CLASS_NO)
 WHERE A.CLASS_DATE >= TO_DATE(TO_CHAR(ADD_MONTHS(SYSDATE, -1), 'YYYY-MM-DD'))
   AND A.CLASS_DATE < SYSDATE
   AND B.TRAINER_NO = 19;
*/
-- 실시간
INSERT INTO TBL_RECEIPT
( RECEIPT_NO, TRAINER_NO, RECEIPT_DATE, REC_CODE, TOTAL_PRICE ) VALUES
( SEQ_RECEIPT_NO.NEXTVAL, 19, TO_DATE(TO_CHAR(ADD_MONTHS(SYSDATE, -1), 'YYYY-MM-DD')) + 1, 'RE', 150 );
INSERT INTO TBL_RECEIPT
( RECEIPT_NO, TRAINER_NO, RECEIPT_DATE, REC_CODE, TOTAL_PRICE ) VALUES
( SEQ_RECEIPT_NO.NEXTVAL, 19, TO_DATE(TO_CHAR(ADD_MONTHS(SYSDATE, -1), 'YYYY-MM-DD')) + 2, 'RE', 150 );
INSERT INTO TBL_RECEIPT
( RECEIPT_NO, TRAINER_NO, RECEIPT_DATE, REC_CODE, TOTAL_PRICE ) VALUES
( SEQ_RECEIPT_NO.NEXTVAL, 19, TO_DATE(TO_CHAR(ADD_MONTHS(SYSDATE, -1), 'YYYY-MM-DD')) + 3, 'RE', 150 );
INSERT INTO TBL_RECEIPT
( RECEIPT_NO, TRAINER_NO, RECEIPT_DATE, REC_CODE, TOTAL_PRICE ) VALUES
( SEQ_RECEIPT_NO.NEXTVAL, 19, TO_DATE(TO_CHAR(ADD_MONTHS(SYSDATE, -1), 'YYYY-MM-DD')) + 4, 'RE', 150 );
INSERT INTO TBL_RECEIPT
( RECEIPT_NO, TRAINER_NO, RECEIPT_DATE, REC_CODE, TOTAL_PRICE ) VALUES
( SEQ_RECEIPT_NO.NEXTVAL, 19, TO_DATE(TO_CHAR(ADD_MONTHS(SYSDATE, -1), 'YYYY-MM-DD')) + 5, 'RE', 150 );
INSERT INTO TBL_RECEIPT
( RECEIPT_NO, TRAINER_NO, RECEIPT_DATE, REC_CODE, TOTAL_PRICE ) VALUES
( SEQ_RECEIPT_NO.NEXTVAL, 19, TO_DATE(TO_CHAR(ADD_MONTHS(SYSDATE, -1), 'YYYY-MM-DD')) + 6, 'RE', 150 );
INSERT INTO TBL_RECEIPT
( RECEIPT_NO, TRAINER_NO, RECEIPT_DATE, REC_CODE, TOTAL_PRICE ) VALUES
( SEQ_RECEIPT_NO.NEXTVAL, 19, TO_DATE(TO_CHAR(ADD_MONTHS(SYSDATE, -1), 'YYYY-MM-DD')) + 7, 'RE', 150 );
INSERT INTO TBL_RECEIPT
( RECEIPT_NO, TRAINER_NO, RECEIPT_DATE, REC_CODE, TOTAL_PRICE ) VALUES
( SEQ_RECEIPT_NO.NEXTVAL, 19, TO_DATE(TO_CHAR(ADD_MONTHS(SYSDATE, -1), 'YYYY-MM-DD')) + 8, 'RE', 150 );
INSERT INTO TBL_RECEIPT
( RECEIPT_NO, TRAINER_NO, RECEIPT_DATE, REC_CODE, TOTAL_PRICE ) VALUES
( SEQ_RECEIPT_NO.NEXTVAL, 19, TO_DATE(TO_CHAR(ADD_MONTHS(SYSDATE, -1), 'YYYY-MM-DD')) + 9, 'RE', 150 );
INSERT INTO TBL_RECEIPT
( RECEIPT_NO, TRAINER_NO, RECEIPT_DATE, REC_CODE, TOTAL_PRICE ) VALUES
( SEQ_RECEIPT_NO.NEXTVAL, 19, TO_DATE(TO_CHAR(ADD_MONTHS(SYSDATE, -1), 'YYYY-MM-DD')) + 10, 'RE', 150 );
INSERT INTO TBL_RECEIPT
( RECEIPT_NO, TRAINER_NO, RECEIPT_DATE, REC_CODE, TOTAL_PRICE ) VALUES
( SEQ_RECEIPT_NO.NEXTVAL, 19, TO_DATE(TO_CHAR(ADD_MONTHS(SYSDATE, -1), 'YYYY-MM-DD')) + 11, 'RE', 150 );
INSERT INTO TBL_RECEIPT
( RECEIPT_NO, TRAINER_NO, RECEIPT_DATE, REC_CODE, TOTAL_PRICE ) VALUES
( SEQ_RECEIPT_NO.NEXTVAL, 19, TO_DATE(TO_CHAR(ADD_MONTHS(SYSDATE, -1), 'YYYY-MM-DD')) + 12, 'RE', 150 );
INSERT INTO TBL_RECEIPT
( RECEIPT_NO, TRAINER_NO, RECEIPT_DATE, REC_CODE, TOTAL_PRICE ) VALUES
( SEQ_RECEIPT_NO.NEXTVAL, 19, TO_DATE(TO_CHAR(ADD_MONTHS(SYSDATE, -1), 'YYYY-MM-DD')) + 13, 'RE', 150 );
INSERT INTO TBL_RECEIPT
( RECEIPT_NO, TRAINER_NO, RECEIPT_DATE, REC_CODE, TOTAL_PRICE ) VALUES
( SEQ_RECEIPT_NO.NEXTVAL, 19, TO_DATE(TO_CHAR(ADD_MONTHS(SYSDATE, -1), 'YYYY-MM-DD')) + 14, 'RE', 150 );
INSERT INTO TBL_RECEIPT
( RECEIPT_NO, TRAINER_NO, RECEIPT_DATE, REC_CODE, TOTAL_PRICE ) VALUES
( SEQ_RECEIPT_NO.NEXTVAL, 19, TO_DATE(TO_CHAR(ADD_MONTHS(SYSDATE, -1), 'YYYY-MM-DD')) + 15, 'RE', 150 );
COMMIT;
-- 녹화
INSERT INTO TBL_RECEIPT
( RECEIPT_NO, TRAINER_NO, RECEIPT_DATE, REC_CODE, TOTAL_PRICE ) VALUES
( SEQ_RECEIPT_NO.NEXTVAL, 19, TO_DATE(TO_CHAR(ADD_MONTHS(SYSDATE, -1), 'YYYY-MM-DD')) + 1, 'VD', 75 );
INSERT INTO TBL_RECEIPT
( RECEIPT_NO, TRAINER_NO, RECEIPT_DATE, REC_CODE, TOTAL_PRICE ) VALUES
( SEQ_RECEIPT_NO.NEXTVAL, 19, TO_DATE(TO_CHAR(ADD_MONTHS(SYSDATE, -1), 'YYYY-MM-DD')) + 2, 'VD', 75 );
INSERT INTO TBL_RECEIPT
( RECEIPT_NO, TRAINER_NO, RECEIPT_DATE, REC_CODE, TOTAL_PRICE ) VALUES
( SEQ_RECEIPT_NO.NEXTVAL, 19, TO_DATE(TO_CHAR(ADD_MONTHS(SYSDATE, -1), 'YYYY-MM-DD')) + 3, 'VD', 75 );
INSERT INTO TBL_RECEIPT
( RECEIPT_NO, TRAINER_NO, RECEIPT_DATE, REC_CODE, TOTAL_PRICE ) VALUES
( SEQ_RECEIPT_NO.NEXTVAL, 19, TO_DATE(TO_CHAR(ADD_MONTHS(SYSDATE, -1), 'YYYY-MM-DD')) + 4, 'VD', 75 );
INSERT INTO TBL_RECEIPT
( RECEIPT_NO, TRAINER_NO, RECEIPT_DATE, REC_CODE, TOTAL_PRICE ) VALUES
( SEQ_RECEIPT_NO.NEXTVAL, 19, TO_DATE(TO_CHAR(ADD_MONTHS(SYSDATE, -1), 'YYYY-MM-DD')) + 5, 'VD', 75 );
INSERT INTO TBL_RECEIPT
( RECEIPT_NO, TRAINER_NO, RECEIPT_DATE, REC_CODE, TOTAL_PRICE ) VALUES
( SEQ_RECEIPT_NO.NEXTVAL, 19, TO_DATE(TO_CHAR(ADD_MONTHS(SYSDATE, -1), 'YYYY-MM-DD')) + 6, 'VD', 75 );
INSERT INTO TBL_RECEIPT
( RECEIPT_NO, TRAINER_NO, RECEIPT_DATE, REC_CODE, TOTAL_PRICE ) VALUES
( SEQ_RECEIPT_NO.NEXTVAL, 19, TO_DATE(TO_CHAR(ADD_MONTHS(SYSDATE, -1), 'YYYY-MM-DD')) + 7, 'VD', 75 );
INSERT INTO TBL_RECEIPT
( RECEIPT_NO, TRAINER_NO, RECEIPT_DATE, REC_CODE, TOTAL_PRICE ) VALUES
( SEQ_RECEIPT_NO.NEXTVAL, 19, TO_DATE(TO_CHAR(ADD_MONTHS(SYSDATE, -1), 'YYYY-MM-DD')) + 8, 'VD', 75 );
INSERT INTO TBL_RECEIPT
( RECEIPT_NO, TRAINER_NO, RECEIPT_DATE, REC_CODE, TOTAL_PRICE ) VALUES
( SEQ_RECEIPT_NO.NEXTVAL, 19, TO_DATE(TO_CHAR(ADD_MONTHS(SYSDATE, -1), 'YYYY-MM-DD')) + 9, 'VD', 75 );
INSERT INTO TBL_RECEIPT
( RECEIPT_NO, TRAINER_NO, RECEIPT_DATE, REC_CODE, TOTAL_PRICE ) VALUES
( SEQ_RECEIPT_NO.NEXTVAL, 19, TO_DATE(TO_CHAR(ADD_MONTHS(SYSDATE, -1), 'YYYY-MM-DD')) + 10, 'VD', 75 );
INSERT INTO TBL_RECEIPT
( RECEIPT_NO, TRAINER_NO, RECEIPT_DATE, REC_CODE, TOTAL_PRICE ) VALUES
( SEQ_RECEIPT_NO.NEXTVAL, 19, TO_DATE(TO_CHAR(ADD_MONTHS(SYSDATE, -1), 'YYYY-MM-DD')) + 11, 'VD', 75 );
INSERT INTO TBL_RECEIPT
( RECEIPT_NO, TRAINER_NO, RECEIPT_DATE, REC_CODE, TOTAL_PRICE ) VALUES
( SEQ_RECEIPT_NO.NEXTVAL, 19, TO_DATE(TO_CHAR(ADD_MONTHS(SYSDATE, -1), 'YYYY-MM-DD')) + 12, 'VD', 75 );
INSERT INTO TBL_RECEIPT
( RECEIPT_NO, TRAINER_NO, RECEIPT_DATE, REC_CODE, TOTAL_PRICE ) VALUES
( SEQ_RECEIPT_NO.NEXTVAL, 19, TO_DATE(TO_CHAR(ADD_MONTHS(SYSDATE, -1), 'YYYY-MM-DD')) + 13, 'VD', 75 );
INSERT INTO TBL_RECEIPT
( RECEIPT_NO, TRAINER_NO, RECEIPT_DATE, REC_CODE, TOTAL_PRICE ) VALUES
( SEQ_RECEIPT_NO.NEXTVAL, 19, TO_DATE(TO_CHAR(ADD_MONTHS(SYSDATE, -1), 'YYYY-MM-DD')) + 14, 'VD', 75 );
INSERT INTO TBL_RECEIPT
( RECEIPT_NO, TRAINER_NO, RECEIPT_DATE, REC_CODE, TOTAL_PRICE ) VALUES
( SEQ_RECEIPT_NO.NEXTVAL, 19, TO_DATE(TO_CHAR(ADD_MONTHS(SYSDATE, -1), 'YYYY-MM-DD')) + 15, 'VD', 75 );
-- PT
INSERT INTO TBL_RECEIPT
( RECEIPT_NO, TRAINER_NO, RECEIPT_DATE, REC_CODE, TOTAL_PRICE ) VALUES
( SEQ_RECEIPT_NO.NEXTVAL, 19, TO_DATE(TO_CHAR(ADD_MONTHS(SYSDATE, -1), 'YYYY-MM-DD')) + 1, 'PT', 90000);
INSERT INTO TBL_RECEIPT
( RECEIPT_NO, TRAINER_NO, RECEIPT_DATE, REC_CODE, TOTAL_PRICE ) VALUES
( SEQ_RECEIPT_NO.NEXTVAL, 19, TO_DATE(TO_CHAR(ADD_MONTHS(SYSDATE, -1), 'YYYY-MM-DD')) + 2, 'PT', 90000);
INSERT INTO TBL_RECEIPT
( RECEIPT_NO, TRAINER_NO, RECEIPT_DATE, REC_CODE, TOTAL_PRICE ) VALUES
( SEQ_RECEIPT_NO.NEXTVAL, 19, TO_DATE(TO_CHAR(ADD_MONTHS(SYSDATE, -1), 'YYYY-MM-DD')) + 3, 'PT', 90000);
INSERT INTO TBL_RECEIPT
( RECEIPT_NO, TRAINER_NO, RECEIPT_DATE, REC_CODE, TOTAL_PRICE ) VALUES
( SEQ_RECEIPT_NO.NEXTVAL, 19, TO_DATE(TO_CHAR(ADD_MONTHS(SYSDATE, -1), 'YYYY-MM-DD')) + 4, 'PT', 90000);
INSERT INTO TBL_RECEIPT
( RECEIPT_NO, TRAINER_NO, RECEIPT_DATE, REC_CODE, TOTAL_PRICE ) VALUES
( SEQ_RECEIPT_NO.NEXTVAL, 19, TO_DATE(TO_CHAR(ADD_MONTHS(SYSDATE, -1), 'YYYY-MM-DD')) + 5, 'PT', 90000);
INSERT INTO TBL_RECEIPT
( RECEIPT_NO, TRAINER_NO, RECEIPT_DATE, REC_CODE, TOTAL_PRICE ) VALUES
( SEQ_RECEIPT_NO.NEXTVAL, 19, TO_DATE(TO_CHAR(ADD_MONTHS(SYSDATE, -1), 'YYYY-MM-DD')) + 6, 'PT', 90000);
INSERT INTO TBL_RECEIPT
( RECEIPT_NO, TRAINER_NO, RECEIPT_DATE, REC_CODE, TOTAL_PRICE ) VALUES
( SEQ_RECEIPT_NO.NEXTVAL, 19, TO_DATE(TO_CHAR(ADD_MONTHS(SYSDATE, -1), 'YYYY-MM-DD')) + 7, 'PT', 90000);
INSERT INTO TBL_RECEIPT
( RECEIPT_NO, TRAINER_NO, RECEIPT_DATE, REC_CODE, TOTAL_PRICE ) VALUES
( SEQ_RECEIPT_NO.NEXTVAL, 19, TO_DATE(TO_CHAR(ADD_MONTHS(SYSDATE, -1), 'YYYY-MM-DD')) + 8, 'PT', 90000);
INSERT INTO TBL_RECEIPT
( RECEIPT_NO, TRAINER_NO, RECEIPT_DATE, REC_CODE, TOTAL_PRICE ) VALUES
( SEQ_RECEIPT_NO.NEXTVAL, 19, TO_DATE(TO_CHAR(ADD_MONTHS(SYSDATE, -1), 'YYYY-MM-DD')) + 9, 'PT', 90000);
INSERT INTO TBL_RECEIPT
( RECEIPT_NO, TRAINER_NO, RECEIPT_DATE, REC_CODE, TOTAL_PRICE ) VALUES
( SEQ_RECEIPT_NO.NEXTVAL, 19, TO_DATE(TO_CHAR(ADD_MONTHS(SYSDATE, -1), 'YYYY-MM-DD')) + 10, 'PT', 90000);
COMMIT;

-- 지급내역
-- 트레이너에게 줄 총액 (PT는 6대4로 나눈값(하루 90000))
/*
SELECT -- 903375
       SUM(TOTAL_PRICE)
  FROM TBL_RECEIPT
 WHERE TRAINER_NO = 19
   AND RECEIPT_DATE >= TO_DATE(TO_CHAR(ADD_MONTHS(SYSDATE, -1), 'YYYY-MM-DD'))
   AND RECEIPT_DATE < SYSDATE ;
-- 매출 
SELECT -- 9240000
       SUM(SALES)
  FROM TBL_SALES;
*/








